record_id,target_label,molecule_chembl_id,target_chembl_id,assay_chembl_id,document_chembl_id,standard_type,standard_relation,standard_value,standard_units,pchembl_value,activity_class,warhead_class,molecular_weight,canonical_smiles,activity_comment,source_record_count,source_document_count
EGFR__CHEMBL113900,EGFR,CHEMBL113900,CHEMBL203,CHEMBL680028,CHEMBL1145020,IC50,=,250.0,nM,6.600000,active,propiolamide,504.432000,CC(C)N(CC#CC(=O)Nc1ccc2ncc(C#N)c(Nc3cccc(Br)c3)c2c1)C(C)C,,2,2
EGFR__CHEMBL113996,EGFR,CHEMBL113996,CHEMBL203,CHEMBL680028,CHEMBL1145020,IC50,=,13570.0,nM,4.870000,inactive,acrylamide,495.942000,COc1cc2ncc(C#N)c(Nc3ccc(F)c(Cl)c3)c2cc1NC(=O)/C=C/CN1CCOCC1,,2,2
EGFR__CHEMBL114073,EGFR,CHEMBL114073,CHEMBL203,CHEMBL680028,CHEMBL1145020,IC50,=,10590.0,nM,4.970000,inactive,acrylamide,509.969000,COc1cc2ncc(C#N)c(Nc3ccc(F)c(Cl)c3)c2cc1NC(=O)/C=C/C(C)N1CCOCC1,,2,2
EGFR__CHEMBL114593,EGFR,CHEMBL114593,CHEMBL203,CHEMBL680028,CHEMBL1145020,IC50,=,960.0,nM,6.020000,active,propiolamide,435.281000,COCC#CC(=O)Nc1ccc2ncc(C#N)c(Nc3cccc(Br)c3)c2c1,,2,2
EGFR__CHEMBL115187,EGFR,CHEMBL115187,CHEMBL203,CHEMBL680028,CHEMBL1145020,IC50,=,130.0,nM,6.890000,active,propiolamide,504.432000,CCCN(CC#CC(=O)Nc1ccc2ncc(C#N)c(Nc3cccc(Br)c3)c2c1)CCC,,2,2
EGFR__CHEMBL115440,EGFR,CHEMBL115440,CHEMBL203,CHEMBL680028,CHEMBL1145020,IC50,=,930.0,nM,6.030000,active,propiolamide,479.334000,COCCOCC#CC(=O)Nc1ccc2ncc(C#N)c(Nc3cccc(Br)c3)c2c1,,2,2
EGFR__CHEMBL115519,EGFR,CHEMBL115519,CHEMBL203,CHEMBL676067,CHEMBL1136802,IC50,=,83176.38,nM,4.080000,inactive,acrylamide,431.926000,COc1cc(/C=C(\C#N)C(N)=O)cc(CSc2nc3cc(Cl)ccc3s2)c1O,,1,1
EGFR__CHEMBL115895,EGFR,CHEMBL115895,CHEMBL203,CHEMBL676067,CHEMBL1136802,IC50,=,21877.62,nM,4.660000,inactive,acrylamide,397.456000,COc1cc(/C=C(\C#N)C(N)=O)cc(CSc2ccccc2NC(C)=O)c1O,,2,2
EGFR__CHEMBL116012,EGFR,CHEMBL116012,CHEMBL203,CHEMBL680028,CHEMBL1145020,IC50,=,10320.0,nM,4.990000,inactive,acrylamide,536.430000,CCOc1cc2ncc(C#N)c(Nc3cccc(Br)c3)c2cc1NC(=O)/C=C/CN1CCOCC1,,2,2
EGFR__CHEMBL1161234,EGFR,CHEMBL1161234,CHEMBL203,CHEMBL676067,CHEMBL1136802,IC50,=,47863.01,nM,4.320000,inactive,acrylamide,336.369000,COc1cc(/C=C(\C#N)C(N)=O)cc(SCCCC(=O)O)c1O,,1,1
EGFR__CHEMBL116525,EGFR,CHEMBL116525,CHEMBL203,CHEMBL680028,CHEMBL1145020,IC50,=,910.0,nM,6.040000,active,propiolamide,435.281000,CC#CC(=O)Nc1cc2c(Nc3cccc(Br)c3)c(C#N)cnc2cc1OC,,2,2
EGFR__CHEMBL116853,EGFR,CHEMBL116853,CHEMBL203,CHEMBL680028,CHEMBL1145020,IC50,=,90.0,nM,7.050000,active,propiolamide,478.350000,COc1cc2ncc(C#N)c(Nc3cccc(Br)c3)c2cc1NC(=O)C#CCN(C)C,,2,2
EGFR__CHEMBL117324,EGFR,CHEMBL117324,CHEMBL203,CHEMBL680027,CHEMBL1147456,IC50,=,150.0,nM,6.820000,active,propiolamide,518.415000,COC[C@@H]1CCCN1CC#CC(=O)Nc1ccc2ncc(C#N)c(Nc3cccc(Br)c3)c2c1,,1,1
EGFR__CHEMBL117326,EGFR,CHEMBL117326,CHEMBL203,CHEMBL680028,CHEMBL1145020,IC50,=,560.0,nM,6.250000,active,acrylamide,467.932000,C=C(CN(C)C)C(=O)Nc1cc2c(Nc3ccc(F)c(Cl)c3)c(C#N)cnc2cc1OCC,,2,2
EGFR__CHEMBL118109,EGFR,CHEMBL118109,CHEMBL203,CHEMBL676067,CHEMBL1136802,IC50,=,19054.61,nM,4.720000,inactive,acrylamide,397.481000,COc1cc(/C=C(\C#N)C(N)=O)cc(CSc2nc3ccccc3s2)c1O,,4,2
EGFR__CHEMBL118205,EGFR,CHEMBL118205,CHEMBL203,CHEMBL677392,CHEMBL1126897,IC50,=,12500.0,nM,4.900000,inactive,acrylamide,381.413000,COc1cc(/C=C(\C#N)C(N)=O)cc(CSc2nc3ccccc3o2)c1O,,1,1
EGFR__CHEMBL119156,EGFR,CHEMBL119156,CHEMBL203,CHEMBL689290,CHEMBL1126897,IC50,=,16000.0,nM,4.800000,inactive,acrylamide,341.392000,COc1cc(/C=C(\C#N)C(N)=O)cc(CSc2ccccn2)c1O,,2,1
EGFR__CHEMBL119923,EGFR,CHEMBL119923,CHEMBL203,CHEMBL677393,CHEMBL1126897,IC50,=,16000.0,nM,4.800000,inactive,acrylamide,388.876000,COc1cc(/C=C(\C#N)C(N)=O)cc(CSCc2ccc(Cl)cc2)c1O,,3,1
EGFR__CHEMBL134371,EGFR,CHEMBL134371,CHEMBL203,CHEMBL673925,CHEMBL1134843,IC50,=,0.37,nM,9.430000,active,acrylamide,413.231000,O=C(O)/C=C/C(=O)Nc1ccc2ncnc(Nc3cccc(Br)c3)c2c1,,1,1
EGFR__CHEMBL135142,EGFR,CHEMBL135142,CHEMBL203,CHEMBL673925,CHEMBL1134843,IC50,=,1.75,nM,8.760000,active,acrylamide,437.219000,O=C(/C=C/C(F)(F)F)Nc1ccc2ncnc(Nc3cccc(Br)c3)c2c1,,2,1
EGFR__CHEMBL136058,EGFR,CHEMBL136058,CHEMBL203,CHEMBL677216,CHEMBL1134843,IC50,=,8.8,nM,8.060000,active,acrylamide,540.422000,O=C(/C=C/C(=O)Nc1cc2c(Nc3cccc(Br)c3)ncnc2cn1)NCCCN1CCOCC1,,3,1
EGFR__CHEMBL136102,EGFR,CHEMBL136102,CHEMBL203,CHEMBL673925,CHEMBL1134843,IC50,=,1.45,nM,8.840000,active,acrylamide,512.412000,CN(C)CCCNC(=O)/C=C/C(=O)N(C)c1cc2c(Nc3cccc(Br)c3)ncnc2cn1,,2,1
EGFR__CHEMBL136178,EGFR,CHEMBL136178,CHEMBL203,CHEMBL673925,CHEMBL1134843,IC50,=,1.2,nM,8.920000,active,acrylamide,411.259000,CC(=O)/C=C/C(=O)Nc1ccc2ncnc(Nc3cccc(Br)c3)c2c1,,1,1
EGFR__CHEMBL136404,EGFR,CHEMBL136404,CHEMBL203,CHEMBL673925,CHEMBL1134843,IC50,=,0.5,nM,9.300000,active,acrylamide,384.237000,C/C=C/C(=O)Nc1cc2c(Nc3cccc(Br)c3)ncnc2cn1,,2,1
EGFR__CHEMBL136511,EGFR,CHEMBL136511,CHEMBL203,CHEMBL673925,CHEMBL1134843,IC50,=,1.4,nM,8.850000,active,vinyl_sulfonamide,405.277000,C=CS(=O)(=O)Nc1ccc2ncnc(Nc3cccc(Br)c3)c2c1,,2,1
EGFR__CHEMBL137082,EGFR,CHEMBL137082,CHEMBL203,CHEMBL673925,CHEMBL1134843,IC50,=,2.7,nM,8.570000,active,acrylamide,497.397000,C=CC(=O)N(CCCN1CCOCC1)c1cc2c(Nc3cccc(Br)c3)ncnc2cn1,,2,1
EGFR__CHEMBL138363,EGFR,CHEMBL138363,CHEMBL203,CHEMBL673925,CHEMBL1134843,IC50,=,1.6,nM,8.800000,active,acrylamide,384.237000,C=C(C)C(=O)Nc1cc2c(Nc3cccc(Br)c3)ncnc2cn1,,2,1
EGFR__CHEMBL138691,EGFR,CHEMBL138691,CHEMBL203,CHEMBL673925,CHEMBL1134843,IC50,=,4.2,nM,8.380000,active,acrylamide,441.333000,C=CC(=O)N(CCN(C)C)c1cc2c(Nc3cccc(Br)c3)ncnc2cn1,,1,1
EGFR__CHEMBL138940,EGFR,CHEMBL138940,CHEMBL203,CHEMBL677216,CHEMBL1134843,IC50,=,14.0,nM,7.850000,active,acrylamide,513.961000,O=C(/C=C/C(=O)Nc1cc2c(Nc3ccc(F)c(Cl)c3)ncnc2cn1)NCCCN1CCOCC1,,3,1
EGFR__CHEMBL139044,EGFR,CHEMBL139044,CHEMBL203,CHEMBL673925,CHEMBL1134843,IC50,=,1.1,nM,8.960000,active,acrylamide,396.248000,C=C/C=C/C(=O)Nc1cc2c(Nc3cccc(Br)c3)ncnc2cn1,,2,1
EGFR__CHEMBL139095,EGFR,CHEMBL139095,CHEMBL203,CHEMBL673925,CHEMBL1134843,IC50,=,0.76,nM,9.120000,active,vinyl_sulfonamide,406.265000,C=CS(=O)(=O)Nc1cc2c(Nc3cccc(Br)c3)ncnc2cn1,,2,1
EGFR__CHEMBL139307,EGFR,CHEMBL139307,CHEMBL203,CHEMBL673925,CHEMBL1134843,IC50,=,3.3,nM,8.480000,active,acrylamide,496.409000,C=CC(=O)N(CCCN1CCOCC1)c1ccc2ncnc(Nc3cccc(Br)c3)c2c1,,2,1
EGFR__CHEMBL140561,EGFR,CHEMBL140561,CHEMBL203,CHEMBL677216,CHEMBL1134843,IC50,=,108.0,nM,6.970000,active,acrylamide,498.381000,CN(C)CCCOC(=O)/C=C/C(=O)Nc1ccc2ncnc(Nc3cccc(Br)c3)c2c1,,3,1
EGFR__CHEMBL141175,EGFR,CHEMBL141175,CHEMBL203,CHEMBL676067,CHEMBL1136802,IC50,=,15848.93,nM,4.800000,inactive,acrylamide,388.876000,COc1cc(/C=C(/C#N)C(N)=O)cc(CSCc2ccc(Cl)cc2)c1O,,1,1
EGFR__CHEMBL141238,EGFR,CHEMBL141238,CHEMBL203,CHEMBL676067,CHEMBL1136802,IC50,=,19054.61,nM,4.720000,inactive,acrylamide,322.364000,Cc1cc(C)c(NC(=O)/C(C#N)=C/c2ccc(O)c(O)c2)c(C)c1,,1,1
EGFR__CHEMBL144159,EGFR,CHEMBL144159,CHEMBL203,CHEMBL679672,CHEMBL1129590,IC50,=,10300.0,nM,4.990000,inactive,acrylamide,510.506000,N#C/C(=C\c1ccc(O)c(O)c1)C(=O)NCc1cccc(CNC(=O)/C(C#N)=C/c2ccc(O)c(O)c2)c1,,1,1
EGFR__CHEMBL144589,EGFR,CHEMBL144589,CHEMBL203,CHEMBL677831,CHEMBL1129590,IC50,=,600.0,nM,6.220000,active,acrylamide,462.462000,N#C/C(=C\c1ccc(O)c(O)c1)C(=O)NCCCCNC(=O)/C(C#N)=C/c1ccc(O)c(O)c1,,1,1
EGFR__CHEMBL144632,EGFR,CHEMBL144632,CHEMBL203,CHEMBL689298,CHEMBL1129590,IC50,=,35000.0,nM,4.460000,inactive,acrylamide,538.429000,N#C/C(=C\c1cc(O)c(O)c([N+](=O)[O-])c1)C(=O)NCCCNC(=O)/C(C#N)=C/c1cc(O)c(O)c([N+](=O)[O-])c1,,1,1
EGFR__CHEMBL144770,EGFR,CHEMBL144770,CHEMBL203,CHEMBL677831,CHEMBL1129590,IC50,=,340.0,nM,6.470000,active,acrylamide,606.227000,N#C/C(=C\c1cc(O)c(O)c(Br)c1)C(=O)NCCCNC(=O)/C(C#N)=C/c1cc(O)c(O)c(Br)c1,,1,1
EGFR__CHEMBL144778,EGFR,CHEMBL144778,CHEMBL203,CHEMBL679672,CHEMBL1129590,IC50,=,13500.0,nM,4.870000,inactive,acrylamide,488.500000,N#C/C(=C\c1ccc(O)c(O)c1)C(=O)NC1CCCC[C@@H]1NC(=O)/C(C#N)=C/c1ccc(O)c(O)c1,,1,1
EGFR__CHEMBL145266,EGFR,CHEMBL145266,CHEMBL203,CHEMBL679672,CHEMBL1129590,IC50,=,19000.0,nM,4.720000,inactive,acrylamide,580.510000,COc1cc(/C=C(\C#N)C(=O)NCCCCNC(=O)/C(C#N)=C/c2cc(OC)c(O)c([N+](=O)[O-])c2)cc([N+](=O)[O-])c1O,,2,1
EGFR__CHEMBL146694,EGFR,CHEMBL146694,CHEMBL203,CHEMBL880174,CHEMBL1132535,IC50,=,31300.0,nM,4.500000,inactive,acrylamide,416.477000,COc1ccccc1-c1ccc2c(c1)NC(=O)/C2=C\c1[nH]c(C)c(CCC(=O)O)c1C,,1,1
EGFR__CHEMBL147112,EGFR,CHEMBL147112,CHEMBL203,CHEMBL880174,CHEMBL1132535,IC50,=,19200.0,nM,4.720000,inactive,acrylamide,402.450000,COc1ccccc1-c1ccc2c(c1)NC(=O)/C2=C\c1[nH]cc(CCC(=O)O)c1C,,1,1
EGFR__CHEMBL147761,EGFR,CHEMBL147761,CHEMBL203,CHEMBL880174,CHEMBL1132535,IC50,=,28800.0,nM,4.540000,inactive,acrylamide,310.353000,Cc1c[nH]c(/C=C2\C(=O)Nc3cccc(C)c32)c1CCC(=O)O,,1,1
EGFR__CHEMBL147880,EGFR,CHEMBL147880,CHEMBL203,CHEMBL689298,CHEMBL1129590,IC50,=,20300.0,nM,4.690000,inactive,acrylamide,584.673000,N#C/C(=C\c1ccc(O)c(O)c1)C(=O)NC1CCC(CC2CCC(NC(=O)/C(C#N)=C/c3ccc(O)c(O)c3)CC2)CC1,,1,1
EGFR__CHEMBL148514,EGFR,CHEMBL148514,CHEMBL203,CHEMBL880174,CHEMBL1132535,IC50,=,30500.0,nM,4.520000,inactive,acrylamide,402.450000,COc1cccc(-c2ccc3c(c2)NC(=O)/C3=C\c2[nH]cc(CCC(=O)O)c2C)c1,,1,1
EGFR__CHEMBL148984,EGFR,CHEMBL148984,CHEMBL203,CHEMBL880174,CHEMBL1132535,IC50,=,22800.0,nM,4.640000,inactive,acrylamide,402.450000,COc1ccc(-c2ccc3c(c2)NC(=O)/C3=C\c2[nH]cc(CCC(=O)O)c2C)cc1,,1,1
EGFR__CHEMBL149201,EGFR,CHEMBL149201,CHEMBL203,CHEMBL880174,CHEMBL1132535,IC50,=,21900.0,nM,4.660000,inactive,acrylamide,386.451000,Cc1[nH]c(/C=C2\C(=O)Nc3cc(-c4ccccc4)ccc32)c(C)c1CCC(=O)O,,1,1
EGFR__CHEMBL150177,EGFR,CHEMBL150177,CHEMBL203,CHEMBL677830,CHEMBL1132535,IC50,=,84800.0,nM,4.070000,inactive,acrylamide,389.433000,Cc1[nH]c(/C=C2\C(=O)Nc3ccc(S(N)(=O)=O)cc32)c(C)c1CCC(=O)O,,1,1
EGFR__CHEMBL157128,EGFR,CHEMBL157128,CHEMBL203,CHEMBL680028,CHEMBL1145020,IC50,=,150.0,nM,6.820000,active,propiolamide,518.415000,COCC1CCCN1CC#CC(=O)Nc1ccc2ncc(C#N)c(Nc3cccc(Br)c3)c2c1,,1,1
EGFR__CHEMBL2112369,EGFR,CHEMBL2112369,CHEMBL203,CHEMBL680018,CHEMBL1134561,IC50,=,194.0,nM,6.710000,active,acrylamide,496.409000,COC[C@@H]1CCCN1C/C=C\C(=O)Nc1ccc2ncnc(Nc3cccc(Br)c3)c2c1,,1,1
EGFR__CHEMBL2112370,EGFR,CHEMBL2112370,CHEMBL203,CHEMBL680018,CHEMBL1134561,IC50,=,131.0,nM,6.880000,active,acrylamide,496.409000,COC[C@@H]1CCCN1C/C=C/C(=O)Nc1ccc2ncnc(Nc3cccc(Br)c3)c2c1,,1,1
EGFR__CHEMBL263788,EGFR,CHEMBL263788,CHEMBL203,CHEMBL680028,CHEMBL1145020,IC50,=,790.0,nM,6.100000,active,acrylamide,480.366000,COc1cc2ncc(C#N)c(Nc3cccc(Br)c3)c2cc1NC(=O)/C=C/CN(C)C,,2,2
EGFR__CHEMBL264382,EGFR,CHEMBL264382,CHEMBL203,CHEMBL674637,CHEMBL1134862,IC50,=,1.1,nM,8.960000,active,acrylamide,602.699000,Cc1cc(C(=O)NCCN2CCOCC2)[nH]c1/C=C1\C(=O)Nc2ncnc(Nc3ccc4c(ccn4Cc4ccccc4)c3)c21,,2,1
EGFR__CHEMBL27685,EGFR,CHEMBL27685,CHEMBL203,CHEMBL674020,CHEMBL1133162,IC50,=,1.8,nM,8.740000,active,acrylamide,530.398000,C=CC(=O)Nc1cc2c(Nc3ccc(F)c(Br)c3)ncnc2cc1OCCCN1CCOCC1,,2,1
EGFR__CHEMBL27688,EGFR,CHEMBL27688,CHEMBL203,CHEMBL674020,CHEMBL1133162,IC50,=,1.5,nM,8.820000,active,acrylamide,447.539000,C=CC(=O)Nc1cc2c(Nc3cccc(C)c3)ncnc2cc1OCCCN1CCOCC1,,2,1
EGFR__CHEMBL279138,EGFR,CHEMBL279138,CHEMBL203,CHEMBL679672,CHEMBL1129590,IC50,=,21000.0,nM,4.680000,inactive,acrylamide,518.570000,N#C/C(=C\c1ccc(O)c(O)c1)C(=O)NCCCCCCCCNC(=O)/C(C#N)=C/c1ccc(O)c(O)c1,,2,1
EGFR__CHEMBL280757,EGFR,CHEMBL280757,CHEMBL203,CHEMBL674020,CHEMBL1133162,IC50,=,0.69,nM,9.160000,active,acrylamide,387.212000,C=CC(=O)Nc1ccc2ncnc(Nc3ccc(F)c(Br)c3)c2c1,,4,2
EGFR__CHEMBL281300,EGFR,CHEMBL281300,CHEMBL203,CHEMBL677384,CHEMBL1147619,IC50,=,86.9,nM,7.060000,active,acrylamide,393.244000,C=CC(=O)Nc1ccc2ncc(C#N)c(Nc3cccc(Br)c3)c2c1,,4,3
EGFR__CHEMBL281467,EGFR,CHEMBL281467,CHEMBL203,CHEMBL677385,CHEMBL1147619,IC50,=,374.8,nM,6.430000,active,acrylamide,394.232000,C=CC(=O)Nc1cnc2ncc(C#N)c(Nc3cccc(Br)c3)c2c1,,2,1
EGFR__CHEMBL281543,EGFR,CHEMBL281543,CHEMBL203,CHEMBL674020,CHEMBL1133162,IC50,=,2.7,nM,8.570000,active,acrylamide,484.963000,C=CC(=O)Nc1nc2c(Nc3ccc(F)c(Cl)c3)ncnc2cc1CCCCN1CCOCC1,,1,1
EGFR__CHEMBL283201,EGFR,CHEMBL283201,CHEMBL203,CHEMBL674020,CHEMBL1133162,IC50,=,45.0,nM,7.350000,active,acrylamide,426.318000,C=CC(=O)Nc1ccc2ncnc(Nc3ccc(CN(C)C)c(Br)c3)c2c1,,2,1
EGFR__CHEMBL283682,EGFR,CHEMBL283682,CHEMBL203,CHEMBL680028,CHEMBL1145020,IC50,=,940.0,nM,6.030000,active,propiolamide,405.255000,CC#CC(=O)Nc1ccc2ncc(C#N)c(Nc3cccc(Br)c3)c2c1,,3,3
EGFR__CHEMBL28418,EGFR,CHEMBL28418,CHEMBL203,CHEMBL674020,CHEMBL1133162,IC50,=,0.75,nM,9.120000,active,acrylamide,343.749000,C=CC(=O)Nc1ccc2ncnc(Nc3ccc(F)c(Cl)c3)c2n1,,4,2
EGFR__CHEMBL284326,EGFR,CHEMBL284326,CHEMBL203,CHEMBL674020,CHEMBL1133162,IC50,=,6.6,nM,8.180000,active,acrylamide,499.978000,C=CC(=O)Nc1nc2c(Nc3ccc(F)c(Cl)c3)ncnc2cc1OCCCN1CCN(C)CC1,,2,1
EGFR__CHEMBL285063,EGFR,CHEMBL285063,CHEMBL203,CHEMBL680028,CHEMBL1145020,IC50,=,2.0,nM,8.700000,active,acrylamide,369.222000,C=CC(=O)Nc1ccc2ncnc(Nc3cccc(Br)c3)c2c1,,8,5
EGFR__CHEMBL286343,EGFR,CHEMBL286343,CHEMBL203,CHEMBL674020,CHEMBL1133162,IC50,=,3.0,nM,8.520000,active,acrylamide,493.365000,C=CC(=O)Nc1cc2c(Nc3cccc(Br)c3)ncnc2cc1OCCCn1ccnc1,,2,1
EGFR__CHEMBL290389,EGFR,CHEMBL290389,CHEMBL203,CHEMBL821544,CHEMBL1133720,IC50,=,350.0,nM,6.460000,active,acrylamide,383.454000,COc1cc(/C=C(\C#N)C(N)=O)cc(Sc2nc3ccccc3s2)c1O,,1,1
EGFR__CHEMBL291313,EGFR,CHEMBL291313,CHEMBL203,CHEMBL701406,CHEMBL1125266,IC50,=,20000.0,nM,4.700000,inactive,acrylamide,240.178000,N#CC(C#N)=C1C(=O)Nc2ccc([N+](=O)[O-])cc21,,2,1
EGFR__CHEMBL291986,EGFR,CHEMBL291986,CHEMBL203,CHEMBL676152,CHEMBL1125266,IC50,=,55000.0,nM,4.260000,inactive,acrylamide,349.390000,N#C/C(=C\c1ccc(O)c(O)c1)C(=O)N1CCN(c2ccccc2)CC1,,1,1
EGFR__CHEMBL293749,EGFR,CHEMBL293749,CHEMBL203,CHEMBL676067,CHEMBL1136802,IC50,=,616.6,nM,6.210000,active,acrylamide,308.337000,N#C/C(=C\c1ccc(O)c(O)c1)C(=O)NCCc1ccccc1,,2,2
EGFR__CHEMBL296168,EGFR,CHEMBL296168,CHEMBL203,CHEMBL674018,CHEMBL1132213,IC50,=,1.1,nM,8.960000,active,acrylamide,370.210000,C=CC(=O)Nc1ccc2ncnc(Nc3cccc(Br)c3)c2n1,,2,1
EGFR__CHEMBL296407,EGFR,CHEMBL296407,CHEMBL203,CHEMBL700784,CHEMBL1125266,IC50,=,15000.0,nM,4.820000,inactive,acrylamide,204.185000,N#C/C(=C\c1ccc(O)c(O)c1)C(N)=O,,2,2
EGFR__CHEMBL297968,EGFR,CHEMBL297968,CHEMBL203,CHEMBL856168,CHEMBL1132213,IC50,=,1.6,nM,8.800000,active,acrylamide,304.353000,C=CC(=O)Nc1ccc2c(Nc3cccc(C)c3)ncnc2c1,,2,1
EGFR__CHEMBL302552,EGFR,CHEMBL302552,CHEMBL203,CHEMBL674637,CHEMBL1134862,IC50,=,22.0,nM,7.660000,active,acrylamide,511.945000,O=C1Nc2ncnc(Nc3ccc(F)c(Cl)c3)c2/C1=C/c1ccc(C(=O)NCCN2CCOCC2)[nH]1,,1,1
EGFR__CHEMBL304271,EGFR,CHEMBL304271,CHEMBL203,CHEMBL674637,CHEMBL1134862,IC50,=,0.45,nM,9.350000,active,acrylamide,542.015000,CCN(CC)CC(O)CNC(=O)c1cc(C)c(/C=C2\C(=O)Nc3ncnc(Nc4ccc(F)c(Cl)c4)c32)[nH]1,,1,1
EGFR__CHEMBL304971,EGFR,CHEMBL304971,CHEMBL203,CHEMBL674637,CHEMBL1134862,IC50,=,410.0,nM,6.390000,active,acrylamide,495.946000,Cc1c(C(=O)N2CCN(C)CC2)c[nH]c1/C=C1\C(=O)Nc2ncnc(Nc3ccc(F)c(Cl)c3)c21,,1,1
EGFR__CHEMBL305194,EGFR,CHEMBL305194,CHEMBL203,CHEMBL674637,CHEMBL1134862,IC50,=,29.0,nM,7.540000,active,acrylamide,413.796000,Cc1cc(C(=O)O)[nH]c1/C=C1\C(=O)Nc2ncnc(Nc3ccc(F)c(Cl)c3)c21,,1,1
EGFR__CHEMBL305246,EGFR,CHEMBL305246,CHEMBL203,CHEMBL621151,CHEMBL1134862,IC50,=,100.0,nM,7.000000,active,acrylamide,495.946000,Cc1cc(C(=O)N2CCN(C)CC2)[nH]c1/C=C1\C(=O)Nc2ncnc(Nc3ccc(F)c(Cl)c3)c21,,3,1
EGFR__CHEMBL305782,EGFR,CHEMBL305782,CHEMBL203,CHEMBL674637,CHEMBL1134862,IC50,=,180.0,nM,6.750000,active,acrylamide,455.877000,Cc1[nH]c(/C=C2\C(=O)Nc3ncnc(Nc4ccc(F)c(Cl)c4)c32)c(C)c1CCC(=O)O,,1,1
EGFR__CHEMBL308048,EGFR,CHEMBL308048,CHEMBL203,CHEMBL674643,CHEMBL1124610,IC50,=,800000.0,nM,3.096910,inactive,acrylamide,188.186000,N#C/C(=C\c1ccc(O)cc1)C(N)=O,,1,1
EGFR__CHEMBL308339,EGFR,CHEMBL308339,CHEMBL203,CHEMBL674643,CHEMBL1124610,IC50,=,1400000.0,nM,2.853872,inactive,acrylamide,190.118000,N#CC(C#N)=C1C(=O)NC(=O)NC1=O,,1,1
EGFR__CHEMBL308645,EGFR,CHEMBL308645,CHEMBL203,CHEMBL674637,CHEMBL1134862,IC50,=,4.7,nM,8.330000,active,acrylamide,441.850000,Cc1cc(CCC(=O)O)[nH]c1/C=C1\C(=O)Nc2ncnc(Nc3ccc(F)c(Cl)c3)c21,,1,1
EGFR__CHEMBL308672,EGFR,CHEMBL308672,CHEMBL203,CHEMBL674637,CHEMBL1134862,IC50,=,450.0,nM,6.350000,active,acrylamide,511.989000,CCN(CC)CCNC(=O)c1cc(C)c(/C=C2\C(=O)Nc3ncnc(Nc4ccc(Cl)cc4F)c32)[nH]1,,2,1
EGFR__CHEMBL30973,EGFR,CHEMBL30973,CHEMBL203,CHEMBL677384,CHEMBL1147619,IC50,=,122.9,nM,6.910000,active,acrylamide,450.340000,CN(C)C/C=C/C(=O)Nc1ccc2ncc(C#N)c(Nc3cccc(Br)c3)c2c1,,4,3
EGFR__CHEMBL31276,EGFR,CHEMBL31276,CHEMBL203,CHEMBL677385,CHEMBL1147619,IC50,=,1.9,nM,8.720000,active,acrylamide,451.328000,CN(C)C/C=C/C(=O)Nc1cc2c(Nc3cccc(Br)c3)c(C#N)cnc2cn1,,2,1
EGFR__CHEMBL31326,EGFR,CHEMBL31326,CHEMBL203,CHEMBL674020,CHEMBL1133162,IC50,=,0.78,nM,9.110000,active,acrylamide,514.493000,C=CC(=O)Nc1cc2c(Nc3cccc(Br)c3)ncnc2cc1SCCCN(CC)CC,,2,1
EGFR__CHEMBL31369,EGFR,CHEMBL31369,CHEMBL203,CHEMBL674020,CHEMBL1133162,IC50,=,27.0,nM,7.570000,active,acrylamide,456.344000,C=CC(=O)Nc1ccc2ncnc(Nc3ccc(OCCN(C)C)c(Br)c3)c2c1,,1,1
EGFR__CHEMBL31373,EGFR,CHEMBL31373,CHEMBL203,CHEMBL674020,CHEMBL1133162,IC50,=,0.75,nM,9.120000,active,acrylamide,342.761000,C=CC(=O)Nc1ccc2ncnc(Nc3ccc(F)c(Cl)c3)c2c1,,4,2
EGFR__CHEMBL314146,EGFR,CHEMBL314146,CHEMBL203,CHEMBL676159,CHEMBL1131018,IC50,=,44000.0,nM,4.360000,inactive,acrylamide,255.342000,CCc1ccc(/C=C2\C(=O)Nc3ccccc32)s1,,1,1
EGFR__CHEMBL31419,EGFR,CHEMBL31419,CHEMBL203,CHEMBL674020,CHEMBL1133162,IC50,=,3.6,nM,8.440000,active,acrylamide,512.408000,C=CC(=O)Nc1cc2c(Nc3cccc(Br)c3)ncnc2cc1OCCCN1CCOCC1,,2,1
EGFR__CHEMBL31570,EGFR,CHEMBL31570,CHEMBL203,CHEMBL674020,CHEMBL1133162,IC50,=,0.97,nM,9.010000,active,acrylamide,417.828000,C=CC(=O)Nc1nc2c(Nc3ccc(F)c(Cl)c3)ncnc2cc1OCCOC,,2,1
EGFR__CHEMBL31588,EGFR,CHEMBL31588,CHEMBL203,CHEMBL674020,CHEMBL1133162,IC50,=,3.9,nM,8.410000,active,acrylamide,484.398000,C=CC(=O)Nc1cc2c(Nc3cccc(Br)c3)ncnc2cc1OCCCCN(C)C,,2,1
EGFR__CHEMBL316127,EGFR,CHEMBL316127,CHEMBL203,CHEMBL680018,CHEMBL1134561,IC50,=,74.0,nM,7.130000,active,acrylamide,468.355000,O=C(/C=C/CN1CCOCC1)Nc1ccc2ncnc(Nc3cccc(Br)c3)c2c1,,1,1
EGFR__CHEMBL31622,EGFR,CHEMBL31622,CHEMBL203,CHEMBL674020,CHEMBL1133162,IC50,=,2.0,nM,8.700000,active,acrylamide,460.582000,C=CC(=O)Nc1cc2c(Nc3cccc(C)c3)ncnc2cc1OCCCN1CCN(C)CC1,,2,1
EGFR__CHEMBL31630,EGFR,CHEMBL31630,CHEMBL203,CHEMBL674020,CHEMBL1133162,IC50,=,20.0,nM,7.700000,active,acrylamide,500.962000,C=CC(=O)N(C)c1nc2c(Nc3ccc(F)c(Cl)c3)ncnc2cc1OCCCN1CCOCC1,,2,1
EGFR__CHEMBL31656,EGFR,CHEMBL31656,CHEMBL203,CHEMBL674020,CHEMBL1133162,IC50,=,1.5,nM,8.820000,active,acrylamide,486.935000,C=CC(=O)Nc1nc2c(Nc3ccc(F)c(Cl)c3)ncnc2cc1OCCCN1CCOCC1,,2,1
EGFR__CHEMBL31815,EGFR,CHEMBL31815,CHEMBL203,CHEMBL674020,CHEMBL1133162,IC50,=,0.42,nM,9.380000,active,acrylamide,304.353000,C=CC(=O)Nc1ccc2ncnc(Nc3cccc(C)c3)c2c1,,4,2
EGFR__CHEMBL31816,EGFR,CHEMBL31816,CHEMBL203,CHEMBL674020,CHEMBL1133162,IC50,=,0.95,nM,9.020000,active,acrylamide,373.775000,C=CC(=O)Nc1nc2c(Nc3ccc(F)c(Cl)c3)ncnc2cc1OC,,2,1
EGFR__CHEMBL31876,EGFR,CHEMBL31876,CHEMBL203,CHEMBL677385,CHEMBL1147619,IC50,=,330.2,nM,6.480000,active,propiolamide,378.794000,CC#CC(=O)Nc1ccc2ncc(C#N)c(Nc3ccc(F)c(Cl)c3)c2c1,,1,1
EGFR__CHEMBL31965,EGFR,CHEMBL31965,CHEMBL203,CHEMBL674019,CHEMBL1133162,IC50,=,7.4,nM,8.130000,active,acrylamide,485.947000,C=CC(=O)Nc1cc2c(Nc3ccc(F)c(Cl)c3)ncnc2cc1OCCCN1CCOCC1,,3,2
EGFR__CHEMBL32079,EGFR,CHEMBL32079,CHEMBL203,CHEMBL674020,CHEMBL1133162,IC50,=,1.7,nM,8.770000,active,acrylamide,474.920000,C=CC(=O)Nc1cc2c(Nc3ccc(F)c(Cl)c3)ncnc2cc1OCCOCCCCO,,1,1
EGFR__CHEMBL323630,EGFR,CHEMBL323630,CHEMBL203,CHEMBL680028,CHEMBL1145020,IC50,=,650.0,nM,6.190000,active,acrylamide,423.879000,CN(C)C/C=C/C(=O)Nc1ccc2ncc(C#N)c(Nc3ccc(F)c(Cl)c3)c2c1,,2,2
EGFR__CHEMBL324030,EGFR,CHEMBL324030,CHEMBL203,CHEMBL677392,CHEMBL1126897,IC50,=,16300.0,nM,4.790000,inactive,acrylamide,349.437000,COc1cc(/C=C(\C#N)C(N)=O)cc(CSC2=NCCS2)c1O,,1,1
EGFR__CHEMBL324718,EGFR,CHEMBL324718,CHEMBL203,CHEMBL680028,CHEMBL1145020,IC50,=,810.0,nM,6.090000,active,acrylamide,423.270000,C=CC(=O)Nc1cc2c(Nc3cccc(Br)c3)c(C#N)cnc2cc1OC,,2,2
EGFR__CHEMBL326044,EGFR,CHEMBL326044,CHEMBL203,CHEMBL677393,CHEMBL1126897,IC50,=,48000.0,nM,4.320000,inactive,acrylamide,350.396000,COc1cc(/C=C(\C#N)C(N)=O)cc(CSCCCC(=O)O)c1O,,2,1
EGFR__CHEMBL326100,EGFR,CHEMBL326100,CHEMBL203,CHEMBL676067,CHEMBL1136802,IC50,=,1000.0,nM,6.000000,active,acrylamide,388.876000,COc1cc(/C=C(\C#N)C(N)=O)cc(CSCc2ccccc2Cl)c1O,,2,2
EGFR__CHEMBL326280,EGFR,CHEMBL326280,CHEMBL203,CHEMBL680028,CHEMBL1145020,IC50,=,790.0,nM,6.100000,active,propiolamide,465.307000,COCC#CC(=O)Nc1cc2c(Nc3cccc(Br)c3)c(C#N)cnc2cc1OC,,2,2
EGFR__CHEMBL327023,EGFR,CHEMBL327023,CHEMBL203,CHEMBL680028,CHEMBL1145020,IC50,=,550.0,nM,6.260000,active,propiolamide,506.429000,N#Cc1cnc2ccc(NC(=O)C#CCN3CCSCC3)cc2c1Nc1cccc(Br)c1,,2,2
EGFR__CHEMBL327838,EGFR,CHEMBL327838,CHEMBL203,CHEMBL680018,CHEMBL1134561,IC50,=,65.0,nM,7.190000,active,propiolamide,455.312000,COCCOCC#CC(=O)Nc1ccc2ncnc(Nc3cccc(Br)c3)c2c1,,1,1
EGFR__CHEMBL328245,EGFR,CHEMBL328245,CHEMBL203,CHEMBL680018,CHEMBL1134561,IC50,=,62.0,nM,7.210000,active,propiolamide,480.410000,CCCN(CC#CC(=O)Nc1ccc2ncnc(Nc3cccc(Br)c3)c2c1)CCC,,1,1
EGFR__CHEMBL32844,EGFR,CHEMBL32844,CHEMBL203,CHEMBL674020,CHEMBL1133162,IC50,=,1.7,nM,8.770000,active,acrylamide,525.451000,C=CC(=O)Nc1cc2c(Nc3cccc(Br)c3)ncnc2cc1OCCCN1CCN(C)CC1,,2,1
EGFR__CHEMBL328704,EGFR,CHEMBL328704,CHEMBL203,CHEMBL680018,CHEMBL1134561,IC50,=,12.0,nM,7.920000,active,propiolamide,452.356000,CCN(CC)CC#CC(=O)Nc1ccc2ncnc(Nc3cccc(Br)c3)c2c1,,1,1
EGFR__CHEMBL328977,EGFR,CHEMBL328977,CHEMBL203,CHEMBL680018,CHEMBL1134561,IC50,=,95.0,nM,7.020000,active,propiolamide,482.407000,O=C(C#CCN1CCSCC1)Nc1ccc2ncnc(Nc3cccc(Br)c3)c2c1,,1,1
EGFR__CHEMBL329642,EGFR,CHEMBL329642,CHEMBL203,CHEMBL680018,CHEMBL1134561,IC50,=,269.0,nM,6.570000,active,acrylamide,383.249000,C/C=C\C(=O)Nc1ccc2ncnc(Nc3cccc(Br)c3)c2c1,,1,1
EGFR__CHEMBL329856,EGFR,CHEMBL329856,CHEMBL203,CHEMBL680018,CHEMBL1134561,IC50,=,6.0,nM,8.220000,active,propiolamide,424.302000,CN(C)CC#CC(=O)Nc1ccc2ncnc(Nc3cccc(Br)c3)c2c1,,1,1
EGFR__CHEMBL331026,EGFR,CHEMBL331026,CHEMBL203,CHEMBL676067,CHEMBL1136802,IC50,=,14454.4,nM,4.840000,inactive,acrylamide,380.429000,COc1cc(/C=C(\C#N)C(N)=O)cc(CSc2nc3ccccc3[nH]2)c1O,,4,2
EGFR__CHEMBL333454,EGFR,CHEMBL333454,CHEMBL203,CHEMBL689290,CHEMBL1126897,IC50,=,12000.0,nM,4.920000,inactive,acrylamide,354.431000,COc1cc(/C=C(\C#N)C(N)=O)cc(CSc2ccc(C)cc2)c1O,,1,1
EGFR__CHEMBL334697,EGFR,CHEMBL334697,CHEMBL203,CHEMBL673925,CHEMBL1134843,IC50,=,0.17,nM,9.770000,active,acrylamide,384.237000,C=CC(=O)N(C)c1cc2c(Nc3cccc(Br)c3)ncnc2cn1,,2,1
EGFR__CHEMBL334801,EGFR,CHEMBL334801,CHEMBL203,CHEMBL677216,CHEMBL1134843,IC50,=,57.0,nM,7.240000,active,acrylamide,498.385000,CN(C)CCCNC(=O)/C=C/C(=O)Nc1cc2c(Nc3cccc(Br)c3)ncnc2cn1,,3,1
EGFR__CHEMBL342828,EGFR,CHEMBL342828,CHEMBL203,CHEMBL677216,CHEMBL1134843,IC50,=,14.0,nM,7.850000,active,acrylamide,521.379000,O=C(/C=C/C(=O)Nc1cc2c(Nc3cccc(Br)c3)ncnc2cn1)NCCCn1ccnc1,,3,1
EGFR__CHEMBL343722,EGFR,CHEMBL343722,CHEMBL203,CHEMBL673925,CHEMBL1134843,IC50,=,1.6,nM,8.800000,active,acrylamide,381.233000,C=C=CC(=O)Nc1ccc2ncnc(Nc3cccc(Br)c3)c2c1,,2,1
EGFR__CHEMBL343875,EGFR,CHEMBL343875,CHEMBL203,CHEMBL673947,CHEMBL1136802,IC50,=,165958.69,nM,3.780000,inactive,acrylamide,441.534000,CCOc1ccc2sc(SCc3cc(/C=C(\C#N)C(N)=O)cc(OC)c3O)nc2c1,,1,1
EGFR__CHEMBL344177,EGFR,CHEMBL344177,CHEMBL203,CHEMBL673925,CHEMBL1134843,IC50,=,0.69,nM,9.160000,active,acrylamide,404.655000,O=C(/C=C/Cl)Nc1cc2c(Nc3cccc(Br)c3)ncnc2cn1,,2,1
EGFR__CHEMBL344486,EGFR,CHEMBL344486,CHEMBL203,CHEMBL673925,CHEMBL1134843,IC50,=,2.7,nM,8.570000,active,acrylamide,441.285000,CCOC(=O)/C=C/C(=O)Nc1ccc2ncnc(Nc3cccc(Br)c3)c2c1,,2,1
EGFR__CHEMBL345109,EGFR,CHEMBL345109,CHEMBL203,CHEMBL677216,CHEMBL1134843,IC50,=,59.0,nM,7.230000,active,acrylamide,497.397000,CN(C)CCCNC(=O)/C=C/C(=O)Nc1ccc2ncnc(Nc3cccc(Br)c3)c2c1,,3,1
EGFR__CHEMBL347074,EGFR,CHEMBL347074,CHEMBL203,CHEMBL880174,CHEMBL1132535,IC50,=,21800.0,nM,4.660000,inactive,acrylamide,372.424000,Cc1c(CCC(=O)O)c[nH]c1/C=C1\C(=O)Nc2cc(-c3ccccc3)ccc21,,1,1
EGFR__CHEMBL357161,EGFR,CHEMBL357161,CHEMBL203,CHEMBL856172,CHEMBL1129590,IC50,=,12500.0,nM,4.900000,inactive,acrylamide,516.554000,N#C/C(=C\c1ccc(O)c(O)c1)C(=O)NCC1CCCC(CNC(=O)/C(C#N)=C/c2ccc(O)c(O)c2)C1,,1,1
EGFR__CHEMBL357400,EGFR,CHEMBL357400,CHEMBL203,CHEMBL679672,CHEMBL1129590,IC50,=,102000.0,nM,3.991400,inactive,acrylamide,648.308000,COc1cc(/C=C(\C#N)C(=O)NCCCCNC(=O)/C(C#N)=C/c2cc(Br)c(O)c(OC)c2)cc(Br)c1O,,1,1
EGFR__CHEMBL358494,EGFR,CHEMBL358494,CHEMBL203,CHEMBL679672,CHEMBL1129590,IC50,=,25000.0,nM,4.600000,inactive,acrylamide,460.446000,N#C/C(=C\c1ccc(O)c(O)c1)C(=O)N1CCN(C(=O)/C(C#N)=C/c2ccc(O)c(O)c2)CC1,,1,1
EGFR__CHEMBL358728,EGFR,CHEMBL358728,CHEMBL203,CHEMBL880174,CHEMBL1132535,IC50,=,24100.0,nM,4.620000,inactive,acrylamide,416.477000,COc1cccc(-c2ccc3c(c2)NC(=O)/C3=C\c2[nH]c(C)c(CCC(=O)O)c2C)c1,,1,1
EGFR__CHEMBL414220,EGFR,CHEMBL414220,CHEMBL203,CHEMBL680018,CHEMBL1134561,IC50,=,71.0,nM,7.150000,active,propiolamide,450.340000,C=CCN(C)CC#CC(=O)Nc1ccc2ncnc(Nc3cccc(Br)c3)c2c1,,1,1
EGFR__CHEMBL414631,EGFR,CHEMBL414631,CHEMBL203,CHEMBL680028,CHEMBL1145020,IC50,=,330.0,nM,6.480000,active,propiolamide,451.280000,COCOC#CC(=O)Nc1ccc2ncc(C#N)c(Nc3cccc(Br)c3)c2c1,,1,1
EGFR__CHEMBL417478,EGFR,CHEMBL417478,CHEMBL203,CHEMBL674020,CHEMBL1133162,IC50,=,0.16,nM,9.800000,active,acrylamide,482.947000,C=CC(=O)Nc1nc2c(Nc3ccc(F)c(Cl)c3)ncnc2cc1/C=C/CCN1CCOCC1,,2,1
EGFR__CHEMBL417941,EGFR,CHEMBL417941,CHEMBL203,CHEMBL700785,CHEMBL1125266,IC50,=,15000.0,nM,4.820000,inactive,acrylamide,286.331000,N#C/C(=C\c1ccc(O)c(O)c1)C(=O)NC1CCCCC1,,1,1
EGFR__CHEMBL419501,EGFR,CHEMBL419501,CHEMBL203,CHEMBL680018,CHEMBL1134561,IC50,=,85.0,nM,7.070000,active,acrylamide,496.409000,COC[C@H]1CCCN1C/C=C/C(=O)Nc1ccc2ncnc(Nc3cccc(Br)c3)c2c1,,1,1
EGFR__CHEMBL422292,EGFR,CHEMBL422292,CHEMBL203,CHEMBL673925,CHEMBL1134843,IC50,=,1.5,nM,8.820000,active,acrylamide,442.273000,CCOC(=O)/C=C/C(=O)Nc1cc2c(Nc3cccc(Br)c3)ncnc2cn1,,2,1
EGFR__CHEMBL424302,EGFR,CHEMBL424302,CHEMBL203,CHEMBL689298,CHEMBL1129590,IC50,=,25000.0,nM,4.600000,inactive,acrylamide,546.624000,N#C/C(=C\c1ccc(O)c(O)c1)C(=O)NCCCCCCCCCCNC(=O)/C(C#N)=C/c1ccc(O)c(O)c1,,1,1
EGFR__CHEMBL424625,EGFR,CHEMBL424625,CHEMBL203,CHEMBL689289,CHEMBL1126897,IC50,=,125000.0,nM,3.903090,inactive,acrylamide,336.369000,COc1cc(/C=C(\C#N)C(N)=O)cc(CSCCC(=O)O)c1O,,1,1
EGFR__CHEMBL430571,EGFR,CHEMBL430571,CHEMBL203,CHEMBL856168,CHEMBL1132213,IC50,=,3.6,nM,8.440000,active,acrylamide,396.450000,C=CC(=O)Nc1ccc2ncnc(Nc3ccc(OCc4ccccc4)cc3)c2c1,,2,1
EGFR__CHEMBL431996,EGFR,CHEMBL431996,CHEMBL203,CHEMBL679949,CHEMBL1133768,IC50,=,56500.0,nM,4.250000,inactive,acrylamide,380.400000,O=C(O)CCc1c(/C=C2\C(=O)Nc3ccc(C(=O)O)cc32)[nH]c2c1CCCC2,,1,1
EGFR__CHEMBL432428,EGFR,CHEMBL432428,CHEMBL203,CHEMBL676067,CHEMBL1136802,IC50,=,645.65,nM,6.190000,active,acrylamide,340.404000,N#C/C(=C\c1cc(O)c(O)c(CSCc2ccccc2)c1)C(N)=O,,3,2
EGFR__CHEMBL432903,EGFR,CHEMBL432903,CHEMBL203,CHEMBL674637,CHEMBL1134862,IC50,=,200.0,nM,6.700000,active,acrylamide,526.016000,CCN(CC)CCNC(=O)c1c(C)[nH]c(/C=C2\C(=O)Nc3ncnc(Nc4ccc(F)c(Cl)c4)c32)c1C,,1,1
EGFR__CHEMBL434827,EGFR,CHEMBL434827,CHEMBL203,CHEMBL677216,CHEMBL1134843,IC50,=,21.0,nM,7.680000,active,acrylamide,526.439000,CCN(CC)CCCNC(=O)/C=C/C(=O)Nc1cc2c(Nc3cccc(Br)c3)ncnc2cn1,,3,1
EGFR__CHEMBL434828,EGFR,CHEMBL434828,CHEMBL203,CHEMBL673925,CHEMBL1134843,IC50,=,9.1,nM,8.040000,active,acrylamide,446.308000,O=C(/C=C/c1ccccc1)Nc1cc2c(Nc3cccc(Br)c3)ncnc2cn1,,2,1
EGFR__CHEMBL441279,EGFR,CHEMBL441279,CHEMBL203,CHEMBL680027,CHEMBL1147456,IC50,=,330.0,nM,6.480000,active,propiolamide,465.307000,COCOCC#CC(=O)Nc1ccc2ncc(C#N)c(Nc3cccc(Br)c3)c2c1,,1,1
EGFR__CHEMBL442754,EGFR,CHEMBL442754,CHEMBL203,CHEMBL680018,CHEMBL1134561,IC50,=,62.0,nM,7.210000,active,acrylamide,470.371000,COCCN(C)C/C=C/C(=O)Nc1ccc2ncnc(Nc3cccc(Br)c3)c2c1,,1,1
EGFR__CHEMBL443523,EGFR,CHEMBL443523,CHEMBL203,CHEMBL674018,CHEMBL1132213,IC50,=,0.45,nM,9.350000,active,acrylamide,369.222000,C=CC(=O)Nc1ccc2c(Nc3cccc(Br)c3)ncnc2c1,,2,1
EGFR__CHEMBL450622,EGFR,CHEMBL450622,CHEMBL203,CHEMBL880174,CHEMBL1132535,IC50,=,49200.0,nM,4.310000,inactive,acrylamide,402.450000,COc1cccc(-c2ccc3c(c2)NC(=O)/C3=C\c2[nH]cc(C)c2CCC(=O)O)c1,,1,1
EGFR__CHEMBL48760,EGFR,CHEMBL48760,CHEMBL203,CHEMBL676159,CHEMBL1131018,IC50,=,18500.0,nM,4.730000,inactive,acrylamide,263.340000,CC(C)c1ccc(/C=C2/C(=O)Nc3ccccc32)cc1,,1,1
EGFR__CHEMBL49986,EGFR,CHEMBL49986,CHEMBL203,CHEMBL674018,CHEMBL1132213,IC50,=,0.54,nM,9.270000,active,acrylamide,370.210000,C=CC(=O)Nc1cc2ncnc(Nc3cccc(Br)c3)c2cn1,,2,1
EGFR__CHEMBL51659,EGFR,CHEMBL51659,CHEMBL203,CHEMBL673925,CHEMBL1134843,IC50,=,0.91,nM,9.040000,active,acrylamide,370.210000,C=CC(=O)Nc1cc2c(Nc3cccc(Br)c3)ncnc2cn1,,4,2
EGFR__CHEMBL51741,EGFR,CHEMBL51741,CHEMBL203,CHEMBL674018,CHEMBL1132213,IC50,=,0.4,nM,9.400000,active,acrylamide,395.260000,C=CC(=O)Nc1ccc2ncnc(N3CCc4ccc(Br)cc43)c2c1,,2,1
EGFR__CHEMBL52913,EGFR,CHEMBL52913,CHEMBL203,CHEMBL856168,CHEMBL1132213,IC50,=,0.25,nM,9.600000,active,acrylamide,324.771000,C=CC(=O)Nc1ccc2c(Nc3cccc(Cl)c3)ncnc2c1,,2,1
EGFR__CHEMBL53203,EGFR,CHEMBL53203,CHEMBL203,CHEMBL679550,CHEMBL1132213,IC50,=,4.8,nM,8.320000,active,acrylamide,382.423000,C=CC(=O)Nc1ccc2ncnc(Nc3ccc(Oc4ccccc4)cc3)c2c1,,2,1
EGFR__CHEMBL53555,EGFR,CHEMBL53555,CHEMBL203,CHEMBL674018,CHEMBL1132213,IC50,=,0.77,nM,9.110000,active,acrylamide,343.749000,C=CC(=O)Nc1cc2c(Nc3ccc(F)c(Cl)c3)ncnc2cn1,,2,1
EGFR__CHEMBL53637,EGFR,CHEMBL53637,CHEMBL203,CHEMBL856168,CHEMBL1132213,IC50,=,1.6,nM,8.800000,active,acrylamide,324.771000,C=CC(=O)Nc1ccc2ncnc(Nc3cccc(Cl)c3)c2c1,,2,1
EGFR__CHEMBL53665,EGFR,CHEMBL53665,CHEMBL203,CHEMBL674018,CHEMBL1132213,IC50,=,1.2,nM,8.920000,active,acrylamide,388.200000,C=CC(=O)Nc1ccc2ncnc(Nc3ccc(F)c(Br)c3)c2n1,,2,1
EGFR__CHEMBL53690,EGFR,CHEMBL53690,CHEMBL203,CHEMBL856168,CHEMBL1132213,IC50,=,0.91,nM,9.040000,active,acrylamide,358.323000,C=CC(=O)Nc1ccc2ncnc(Nc3cccc(C(F)(F)F)c3)c2c1,,2,1
EGFR__CHEMBL53898,EGFR,CHEMBL53898,CHEMBL203,CHEMBL674104,CHEMBL1132364,IC50,=,700.0,nM,6.160000,active,acrylamide,322.364000,N#C/C(=C\c1ccc(O)c(O)c1)C(=O)NCCCc1ccccc1,,4,3
EGFR__CHEMBL54088,EGFR,CHEMBL54088,CHEMBL203,CHEMBL674018,CHEMBL1132213,IC50,=,0.48,nM,9.320000,active,acrylamide,305.341000,C=CC(=O)Nc1cc2c(Nc3cccc(C)c3)ncnc2cn1,,2,1
EGFR__CHEMBL54091,EGFR,CHEMBL54091,CHEMBL203,CHEMBL674018,CHEMBL1132213,IC50,=,0.72,nM,9.140000,active,acrylamide,388.200000,C=CC(=O)Nc1cc2c(Nc3ccc(F)c(Br)c3)ncnc2cn1,,2,1
EGFR__CHEMBL545315,EGFR,CHEMBL545315,CHEMBL203,CHEMBL677216,CHEMBL1134843,IC50,=,7.4,nM,8.130000,active,acrylamide,558.869000,C=CC(=O)Nc1cc2c(Nc3ccc(F)c(Cl)c3)ncnc2cc1OCCCN1CCOCC1.Cl.Cl,,3,1
EGFR__CHEMBL55360,EGFR,CHEMBL55360,CHEMBL203,CHEMBL676067,CHEMBL1136802,IC50,=,10232.93,nM,4.990000,inactive,acrylamide,308.337000,Cc1cccc(C)c1NC(=O)/C(C#N)=C/c1ccc(O)c(O)c1,,2,2
EGFR__CHEMBL55748,EGFR,CHEMBL55748,CHEMBL203,CHEMBL763200,CHEMBL1125266,IC50,=,12500.0,nM,4.900000,inactive,acrylamide,211.180000,N#CC(C#N)=C1C(=O)Nc2ccc(O)cc21,,1,1
EGFR__CHEMBL55979,EGFR,CHEMBL55979,CHEMBL203,CHEMBL763200,CHEMBL1125266,IC50,=,400.0,nM,6.400000,active,acrylamide,308.337000,CC(NC(=O)/C(C#N)=C/c1ccc(O)c(O)c1)c1ccccc1,,2,1
EGFR__CHEMBL56201,EGFR,CHEMBL56201,CHEMBL203,CHEMBL763200,CHEMBL1125266,IC50,=,26000.0,nM,4.580000,inactive,acrylamide,225.207000,CN1C(=O)C(=C(C#N)C#N)c2cc(O)ccc21,,1,1
EGFR__CHEMBL56219,EGFR,CHEMBL56219,CHEMBL203,CHEMBL701406,CHEMBL1125266,IC50,=,35000.0,nM,4.460000,inactive,acrylamide,314.728000,N#C/C(=C\c1ccc(O)c(O)c1)C(=O)Nc1ccccc1Cl,,1,1
EGFR__CHEMBL56319,EGFR,CHEMBL56319,CHEMBL203,CHEMBL676067,CHEMBL1136802,IC50,=,48977.88,nM,4.310000,inactive,acrylamide,380.400000,CCOC(=O)C(Cc1ccccc1)NC(=O)/C(C#N)=C/c1ccc(O)c(O)c1,,2,2
EGFR__CHEMBL56542,EGFR,CHEMBL56542,CHEMBL203,CHEMBL676067,CHEMBL1136802,IC50,=,12022.64,nM,4.920000,inactive,acrylamide,306.321000,N#C/C(=C\c1ccc(O)c(O)c1)C(=O)N1CCc2ccccc21,,3,2
EGFR__CHEMBL56543,EGFR,CHEMBL56543,CHEMBL203,CHEMBL674104,CHEMBL1132364,IC50,=,100.0,nM,7.000000,active,acrylamide,294.310000,N#C/C(=C\c1ccc(O)c(O)c1)C(=O)NCc1ccccc1,,3,3
EGFR__CHEMBL56731,EGFR,CHEMBL56731,CHEMBL203,CHEMBL763200,CHEMBL1125266,IC50,=,700.0,nM,6.160000,active,acrylamide,280.283000,N#C/C(=C\c1ccc(O)c(O)c1)C(=O)Nc1ccccc1,,1,1
EGFR__CHEMBL56964,EGFR,CHEMBL56964,CHEMBL203,CHEMBL763200,CHEMBL1125266,IC50,=,60000.0,nM,4.220000,inactive,acrylamide,241.206000,COc1cc2c(cc1O)NC(=O)C2=C(C#N)C#N,,1,1
EGFR__CHEMBL57251,EGFR,CHEMBL57251,CHEMBL203,CHEMBL676067,CHEMBL1136802,IC50,=,25118.86,nM,4.600000,inactive,acrylamide,340.335000,COc1ccc(NC(=O)/C(C#N)=C/c2ccc(O)c(O)c2)c(OC)c1,,1,1
EGFR__CHEMBL607707,EGFR,CHEMBL607707,CHEMBL203,CHEMBL680028,CHEMBL1145020,IC50,=,80.0,nM,7.100000,active,acrylamide,467.932000,CCOc1cc2ncc(C#N)c(Nc3ccc(F)c(Cl)c3)c2cc1NC(=O)/C=C/CN(C)C,,5,4
EGFR__CHEMBL66570,EGFR,CHEMBL66570,CHEMBL203,CHEMBL674637,CHEMBL1134862,IC50,=,13.0,nM,7.890000,active,acrylamide,509.973000,CCN1CCN(C(=O)c2cc(C)c(/C=C3\C(=O)Nc4ncnc(Nc5ccc(F)c(Cl)c5)c43)[nH]2)CC1,,2,1
EGFR__CHEMBL67003,EGFR,CHEMBL67003,CHEMBL203,CHEMBL674637,CHEMBL1134862,IC50,=,1.8,nM,8.740000,active,acrylamide,560.618000,Cc1cc(C(=O)N2CCOCC2)[nH]c1/C=C1\C(=O)Nc2ncnc(Nc3ccc4c(cnn4Cc4ccccc4)c3)c21,,2,1
EGFR__CHEMBL67057,EGFR,CHEMBL67057,CHEMBL203,CHEMBL674637,CHEMBL1134862,IC50,=,4.5,nM,8.350000,active,acrylamide,559.630000,Cc1cc(C(=O)N2CCOCC2)[nH]c1/C=C1\C(=O)Nc2ncnc(Nc3ccc4c(ccn4Cc4ccccc4)c3)c21,,2,1
EGFR__CHEMBL67535,EGFR,CHEMBL67535,CHEMBL203,CHEMBL677831,CHEMBL1129590,IC50,=,400.0,nM,6.400000,active,acrylamide,448.435000,N#C/C(=C\c1ccc(O)c(O)c1)C(=O)NCCCNC(=O)/C(C#N)=C/c1ccc(O)c(O)c1,,1,1
EGFR__CHEMBL68920,EGFR,CHEMBL68920,CHEMBL203,CHEMBL674637,CHEMBL1134862,IC50,=,41.0,nM,7.390000,active,acrylamide,383.814000,Cc1cc(C)c(/C=C2\C(=O)Nc3ncnc(Nc4ccc(F)c(Cl)c4)c32)[nH]1,,2,1
EGFR__CHEMBL69071,EGFR,CHEMBL69071,CHEMBL203,CHEMBL674637,CHEMBL1134862,IC50,=,5.9,nM,8.230000,active,acrylamide,509.973000,Cc1cc(C(=O)N2CC(C)NC(C)C2)[nH]c1/C=C1\C(=O)Nc2ncnc(Nc3ccc(F)c(Cl)c3)c21,,1,1
EGFR__CHEMBL69358,EGFR,CHEMBL69358,CHEMBL203,CHEMBL674637,CHEMBL1134862,IC50,=,1.2,nM,8.920000,active,acrylamide,511.989000,CCN(CC)CCNC(=O)c1cc(C)c(/C=C2\C(=O)Nc3ncnc(Nc4ccc(F)c(Cl)c4)c32)[nH]1,,2,1
EGFR__CHEMBL69629,EGFR,CHEMBL69629,CHEMBL203,CHEMBL674637,CHEMBL1134862,IC50,=,6.5,nM,8.190000,active,acrylamide,525.972000,Cc1cc(C(=O)NCCN2CCOCC2)[nH]c1/C=C1\C(=O)Nc2ncnc(Nc3ccc(F)c(Cl)c3)c21,,2,1
EGFR__CHEMBL69960,EGFR,CHEMBL69960,CHEMBL203,CHEMBL674637,CHEMBL1134862,IC50,=,170.0,nM,6.770000,active,acrylamide,482.903000,Cc1cc(C(=O)N2CCOCC2)[nH]c1/C=C1\C(=O)Nc2ncnc(Nc3ccc(F)c(Cl)c3)c21,,3,1
EGFR__CHEMBL69964,EGFR,CHEMBL69964,CHEMBL203,CHEMBL674637,CHEMBL1134862,IC50,=,210.0,nM,6.680000,active,acrylamide,495.946000,Cc1cc(/C=C2\C(=O)Nc3ncnc(Nc4ccc(F)c(Cl)c4)c32)[nH]c1C(=O)N1CCN(C)CC1,,1,1
EGFR__CHEMBL69966,EGFR,CHEMBL69966,CHEMBL203,CHEMBL621151,CHEMBL1134862,IC50,=,40.0,nM,7.400000,active,acrylamide,497.559000,C#Cc1cccc(Nc2ncnc3c2/C(=C/c2[nH]c(C(=O)NCCN4CCOCC4)cc2C)C(=O)N3)c1,,3,1
EGFR__CHEMBL76557,EGFR,CHEMBL76557,CHEMBL203,CHEMBL674643,CHEMBL1124610,IC50,=,625000.0,nM,3.204120,inactive,acrylamide,227.223000,N#CCNC(=O)/C(C#N)=C/c1ccc(O)cc1,,1,1
EGFR__CHEMBL77243,EGFR,CHEMBL77243,CHEMBL203,CHEMBL674643,CHEMBL1124610,IC50,=,55000.0,nM,4.260000,inactive,acrylamide,300.402000,CCCCc1cc(/C=C(\C#N)C(N)=O)cc(CCCC)c1O,,1,1
EGFR__CHEMBL85021,EGFR,CHEMBL85021,CHEMBL203,CHEMBL676159,CHEMBL1131018,IC50,=,15300.0,nM,4.820000,inactive,acrylamide,321.420000,CC(C)c1cc(/C=C2\C(=O)Nc3ccccc32)cc(C(C)C)c1O,,1,1
EGFR__CHEMBL86326,EGFR,CHEMBL86326,CHEMBL203,CHEMBL676159,CHEMBL1131018,IC50,=,19300.0,nM,4.710000,inactive,acrylamide,341.838000,COc1ccc(/C=C2\C(=O)Nc3ccc(Cl)cc32)cc1C(C)(C)C,,1,1
EGFR__CHEMBL86531,EGFR,CHEMBL86531,CHEMBL203,CHEMBL679949,CHEMBL1133768,IC50,=,29100.0,nM,4.540000,inactive,acrylamide,415.471000,NS(=O)(=O)c1ccc2c(c1)/C(=C/c1[nH]c3c(c1CCC(=O)O)CCCC3)C(=O)N2,,1,1
EGFR__CHEMBL87746,EGFR,CHEMBL87746,CHEMBL203,CHEMBL676159,CHEMBL1131018,IC50,=,19000.0,nM,4.720000,inactive,acrylamide,386.289000,COc1c(Br)cc(/C=C2\C(=O)Nc3ccccc32)cc1C(C)(C)C,,1,1
EGFR__CHEMBL90595,EGFR,CHEMBL90595,CHEMBL203,CHEMBL680018,CHEMBL1134561,IC50,=,57.0,nM,7.240000,active,propiolamide,464.367000,O=C(C#CCN1CCCCC1)Nc1ccc2ncnc(Nc3cccc(Br)c3)c2c1,,1,1
EGFR__CHEMBL91009,EGFR,CHEMBL91009,CHEMBL203,CHEMBL680018,CHEMBL1134561,IC50,=,9.0,nM,8.050000,active,propiolamide,411.259000,COCC#CC(=O)Nc1ccc2ncnc(Nc3cccc(Br)c3)c2c1,,1,1
EGFR__CHEMBL91748,EGFR,CHEMBL91748,CHEMBL203,CHEMBL680018,CHEMBL1134561,IC50,=,250.0,nM,6.600000,active,acrylamide,412.291000,CN(C)/C=C/C(=O)Nc1ccc2ncnc(Nc3cccc(Br)c3)c2c1,,1,1
EGFR__CHEMBL91811,EGFR,CHEMBL91811,CHEMBL203,CHEMBL680018,CHEMBL1134561,IC50,=,85.0,nM,7.070000,active,propiolamide,452.356000,CC(C)N(C)CC#CC(=O)Nc1ccc2ncnc(Nc3cccc(Br)c3)c2c1,,1,1
EGFR__CHEMBL91867,EGFR,CHEMBL91867,CHEMBL203,CHEMBL680018,CHEMBL1134561,IC50,=,8.0,nM,8.100000,active,propiolamide,381.233000,CC#CC(=O)Nc1ccc2ncnc(Nc3cccc(Br)c3)c2c1,,1,1
EGFR__CHEMBL91925,EGFR,CHEMBL91925,CHEMBL203,CHEMBL680018,CHEMBL1134561,IC50,=,73.0,nM,7.140000,active,acrylamide,454.372000,CCN(CC)C/C=C/C(=O)Nc1ccc2ncnc(Nc3cccc(Br)c3)c2c1,,1,1
EGFR__CHEMBL92086,EGFR,CHEMBL92086,CHEMBL203,CHEMBL677216,CHEMBL1134843,IC50,=,16.0,nM,7.800000,active,acrylamide,383.249000,C=C(C)C(=O)Nc1ccc2ncnc(Nc3cccc(Br)c3)c2c1,,3,2
EGFR__CHEMBL92356,EGFR,CHEMBL92356,CHEMBL203,CHEMBL680018,CHEMBL1134561,IC50,=,65.0,nM,7.190000,active,propiolamide,493.409000,CCN1CCN(CC#CC(=O)Nc2ccc3ncnc(Nc4cccc(Br)c4)c3c2)CC1,,1,1
EGFR__CHEMBL92731,EGFR,CHEMBL92731,CHEMBL203,CHEMBL680018,CHEMBL1134561,IC50,=,90.0,nM,7.050000,active,acrylamide,482.426000,CCCN(C/C=C/C(=O)Nc1ccc2ncnc(Nc3cccc(Br)c3)c2c1)CCC,,1,1
EGFR__CHEMBL92902,EGFR,CHEMBL92902,CHEMBL203,CHEMBL680018,CHEMBL1134561,IC50,=,115.0,nM,6.940000,active,acrylamide,438.329000,CN1CCC=C(C(=O)Nc2ccc3ncnc(Nc4cccc(Br)c4)c3c2)C1,,1,1
EGFR__CHEMBL92961,EGFR,CHEMBL92961,CHEMBL203,CHEMBL680018,CHEMBL1134561,IC50,=,97.0,nM,7.010000,active,propiolamide,480.410000,CC(C)N(CC#CC(=O)Nc1ccc2ncnc(Nc3cccc(Br)c3)c2c1)C(C)C,,1,1
EGFR__CHEMBL93049,EGFR,CHEMBL93049,CHEMBL203,CHEMBL680018,CHEMBL1134561,IC50,=,59.0,nM,7.230000,active,propiolamide,441.285000,COCOCC#CC(=O)Nc1ccc2ncnc(Nc3cccc(Br)c3)c2c1,,1,1
EGFR__CHEMBL93386,EGFR,CHEMBL93386,CHEMBL203,CHEMBL680018,CHEMBL1134561,IC50,=,20.0,nM,7.700000,active,propiolamide,466.339000,O=C(C#CCN1CCOCC1)Nc1ccc2ncnc(Nc3cccc(Br)c3)c2c1,,1,1
EGFR__CHEMBL93464,EGFR,CHEMBL93464,CHEMBL203,CHEMBL677216,CHEMBL1134843,IC50,=,8.7,nM,8.060000,active,acrylamide,383.249000,C/C=C/C(=O)Nc1ccc2ncnc(Nc3cccc(Br)c3)c2c1,,3,2
EGFR__CHEMBL93537,EGFR,CHEMBL93537,CHEMBL203,CHEMBL680018,CHEMBL1134561,IC50,=,203.0,nM,6.690000,active,acrylamide,484.423000,O=C(/C=C/CN1CCSCC1)Nc1ccc2ncnc(Nc3cccc(Br)c3)c2c1,,1,1
EGFR__CHEMBL93783,EGFR,CHEMBL93783,CHEMBL203,CHEMBL680018,CHEMBL1134561,IC50,=,14.0,nM,7.850000,active,acrylamide,456.344000,CN(C/C=C/C(=O)Nc1ccc2ncnc(Nc3cccc(Br)c3)c2c1)CCO,,1,1
EGFR__CHEMBL93784,EGFR,CHEMBL93784,CHEMBL203,CHEMBL680018,CHEMBL1134561,IC50,=,65.0,nM,7.190000,active,propiolamide,494.393000,COCC1CCCN1CC#CC(=O)Nc1ccc2ncnc(Nc3cccc(Br)c3)c2c1,,1,1
EGFR__CHEMBL94061,EGFR,CHEMBL94061,CHEMBL203,CHEMBL680028,CHEMBL1145020,IC50,=,11.0,nM,7.960000,active,acrylamide,426.318000,CN(C)C/C=C/C(=O)Nc1ccc2ncnc(Nc3cccc(Br)c3)c2c1,,2,2
EGFR__CHEMBL94062,EGFR,CHEMBL94062,CHEMBL203,CHEMBL680018,CHEMBL1134561,IC50,=,2.0,nM,8.700000,active,propiolamide,397.232000,O=C(C#CCO)Nc1ccc2ncnc(Nc3cccc(Br)c3)c2c1,,1,1
EGFR__CHEMBL94066,EGFR,CHEMBL94066,CHEMBL203,CHEMBL680018,CHEMBL1134561,IC50,=,107.0,nM,6.970000,active,acrylamide,468.355000,C=C(CN1CCOCC1)C(=O)Nc1ccc2ncnc(Nc3cccc(Br)c3)c2c1,,1,1
EGFR__CHEMBL94068,EGFR,CHEMBL94068,CHEMBL203,CHEMBL680018,CHEMBL1134561,IC50,=,106.0,nM,6.970000,active,acrylamide,466.383000,O=C(/C=C/CN1CCCCC1)Nc1ccc2ncnc(Nc3cccc(Br)c3)c2c1,,1,1
EGFR__CHEMBL94109,EGFR,CHEMBL94109,CHEMBL203,CHEMBL680018,CHEMBL1134561,IC50,=,68.0,nM,7.170000,active,acrylamide,549.517000,O=C(/C=C/CN1CCC(N2CCCCC2)CC1)Nc1ccc2ncnc(Nc3cccc(Br)c3)c2c1,,1,1
EGFR__CHEMBL94123,EGFR,CHEMBL94123,CHEMBL203,CHEMBL680018,CHEMBL1134561,IC50,=,215.0,nM,6.670000,active,acrylamide,454.328000,O=C(/C=C/N1CCOCC1)Nc1ccc2ncnc(Nc3cccc(Br)c3)c2c1,,1,1
EGFR__CHEMBL95774,EGFR,CHEMBL95774,CHEMBL203,CHEMBL683041,CHEMBL1135208,IC50,=,80.0,nM,7.100000,active,acrylamide,509.969000,C=CC(=O)Nc1cc2c(Nc3ccc(F)c(Cl)c3)c(C#N)cnc2cc1OCCCN1CCOCC1,,1,1
ERBB2__CHEMBL109480,ERBB2,CHEMBL109480,CHEMBL1824,CHEMBL1020355,CHEMBL1154504,IC50,=,31.0,nM,7.510000,active,acrylamide,585.698000,C=CCNC1=C2C[C@@H](C)C[C@H](OC)[C@H](O)[C@@H](C)/C=C(\C)[C@H](OC(N)=O)[C@@H](OC)/C=C\C=C(/C)C(=O)NC(=CC1=O)C2=O,,1,1
ERBB2__CHEMBL113900,ERBB2,CHEMBL113900,CHEMBL1824,CHEMBL769139,CHEMBL1145020,IC50,=,320.0,nM,6.500000,active,propiolamide,504.432000,CC(C)N(CC#CC(=O)Nc1ccc2ncc(C#N)c(Nc3cccc(Br)c3)c2c1)C(C)C,,1,1
ERBB2__CHEMBL113901,ERBB2,CHEMBL113901,CHEMBL1824,CHEMBL769139,CHEMBL1145020,IC50,=,11820.0,nM,4.930000,inactive,acrylamide,467.932000,COc1cc2ncc(C#N)c(Nc3ccc(F)c(Cl)c3)c2cc1NC(=O)/C=C/C(C)N(C)C,,1,1
ERBB2__CHEMBL113902,ERBB2,CHEMBL113902,CHEMBL1824,CHEMBL769139,CHEMBL1145020,IC50,=,21510.0,nM,4.670000,inactive,acrylamide,424.863000,C/C=C/C(=O)Nc1cc2c(Nc3ccc(F)c(Cl)c3)c(C#N)cnc2cc1OCC,,1,1
ERBB2__CHEMBL113985,ERBB2,CHEMBL113985,CHEMBL1824,CHEMBL769139,CHEMBL1145020,IC50,=,23590.0,nM,4.630000,inactive,acrylamide,522.403000,COc1cc(NC(=O)/C=C/CN2CCOCC2)cc2c(Nc3cccc(Br)c3)c(C#N)cnc12,,1,1
ERBB2__CHEMBL113996,ERBB2,CHEMBL113996,CHEMBL1824,CHEMBL769139,CHEMBL1145020,IC50,=,31430.0,nM,4.500000,inactive,acrylamide,495.942000,COc1cc2ncc(C#N)c(Nc3ccc(F)c(Cl)c3)c2cc1NC(=O)/C=C/CN1CCOCC1,,1,1
ERBB2__CHEMBL114073,ERBB2,CHEMBL114073,CHEMBL1824,CHEMBL769139,CHEMBL1145020,IC50,=,33950.0,nM,4.470000,inactive,acrylamide,509.969000,COc1cc2ncc(C#N)c(Nc3ccc(F)c(Cl)c3)c2cc1NC(=O)/C=C/C(C)N1CCOCC1,,1,1
ERBB2__CHEMBL114593,ERBB2,CHEMBL114593,CHEMBL1824,CHEMBL769139,CHEMBL1145020,IC50,=,300.0,nM,6.520000,active,propiolamide,435.281000,COCC#CC(=O)Nc1ccc2ncc(C#N)c(Nc3cccc(Br)c3)c2c1,,1,1
ERBB2__CHEMBL115187,ERBB2,CHEMBL115187,CHEMBL1824,CHEMBL769139,CHEMBL1145020,IC50,=,370.0,nM,6.430000,active,propiolamide,504.432000,CCCN(CC#CC(=O)Nc1ccc2ncc(C#N)c(Nc3cccc(Br)c3)c2c1)CCC,,1,1
ERBB2__CHEMBL115440,ERBB2,CHEMBL115440,CHEMBL1824,CHEMBL769139,CHEMBL1145020,IC50,=,450.0,nM,6.350000,active,propiolamide,479.334000,COCCOCC#CC(=O)Nc1ccc2ncc(C#N)c(Nc3cccc(Br)c3)c2c1,,1,1
ERBB2__CHEMBL115519,ERBB2,CHEMBL115519,CHEMBL1824,CHEMBL769140,CHEMBL1136802,IC50,=,15135.61,nM,4.820000,inactive,acrylamide,431.926000,COc1cc(/C=C(\C#N)C(N)=O)cc(CSc2nc3cc(Cl)ccc3s2)c1O,,1,1
ERBB2__CHEMBL116012,ERBB2,CHEMBL116012,CHEMBL1824,CHEMBL769139,CHEMBL1145020,IC50,=,33950.0,nM,4.470000,inactive,acrylamide,536.430000,CCOc1cc2ncc(C#N)c(Nc3cccc(Br)c3)c2cc1NC(=O)/C=C/CN1CCOCC1,,1,1
ERBB2__CHEMBL1161234,ERBB2,CHEMBL1161234,CHEMBL1824,CHEMBL769140,CHEMBL1136802,IC50,=,15848.93,nM,4.800000,inactive,acrylamide,336.369000,COc1cc(/C=C(\C#N)C(N)=O)cc(SCCCC(=O)O)c1O,,1,1
ERBB2__CHEMBL1161235,ERBB2,CHEMBL1161235,CHEMBL1824,CHEMBL769144,CHEMBL1136802,IC50,=,91201.08,nM,4.040000,inactive,acrylamide,322.342000,COc1cc(/C=C(\C#N)C(N)=O)cc(SCCC(=O)O)c1O,,1,1
ERBB2__CHEMBL116595,ERBB2,CHEMBL116595,CHEMBL1824,CHEMBL769140,CHEMBL1136802,IC50,=,128.82,nM,6.890000,active,acrylamide,340.404000,COc1cc(/C=C(\C#N)C(N)=O)cc(CSc2ccccc2)c1O,,1,1
ERBB2__CHEMBL116853,ERBB2,CHEMBL116853,CHEMBL1824,CHEMBL769139,CHEMBL1145020,IC50,=,180.0,nM,6.750000,active,propiolamide,478.350000,COc1cc2ncc(C#N)c(Nc3cccc(Br)c3)c2cc1NC(=O)C#CCN(C)C,,1,1
ERBB2__CHEMBL1173655,ERBB2,CHEMBL1173655,CHEMBL1824,CHEMBL1009319,CHEMBL1139297,IC50,=,2.0,nM,8.700000,active,acrylamide,485.947000,CN(C)C/C=C/C(=O)Nc1cc2c(Nc3ccc(F)c(Cl)c3)ncnc2cc1O[C@H]1CCOC1,,1,1
ERBB2__CHEMBL118109,ERBB2,CHEMBL118109,CHEMBL1824,CHEMBL769140,CHEMBL1136802,IC50,=,346.74,nM,6.460000,active,acrylamide,397.481000,COc1cc(/C=C(\C#N)C(N)=O)cc(CSc2nc3ccccc3s2)c1O,,1,1
ERBB2__CHEMBL119156,ERBB2,CHEMBL119156,CHEMBL1824,CHEMBL769140,CHEMBL1136802,IC50,=,707.95,nM,6.150000,active,acrylamide,341.392000,COc1cc(/C=C(\C#N)C(N)=O)cc(CSc2ccccn2)c1O,,1,1
ERBB2__CHEMBL119987,ERBB2,CHEMBL119987,CHEMBL1824,CHEMBL769140,CHEMBL1136802,IC50,=,446.68,nM,6.350000,active,acrylamide,384.413000,COc1cc(/C=C(\C#N)C(N)=O)cc(CSc2ccccc2C(=O)O)c1O,,1,1
ERBB2__CHEMBL136058,ERBB2,CHEMBL136058,CHEMBL1824,CHEMBL676069,CHEMBL1134843,IC50,=,5.0,nM,8.300000,active,acrylamide,540.422000,O=C(/C=C/C(=O)Nc1cc2c(Nc3cccc(Br)c3)ncnc2cn1)NCCCN1CCOCC1,,1,1
ERBB2__CHEMBL138940,ERBB2,CHEMBL138940,CHEMBL1824,CHEMBL676069,CHEMBL1134843,IC50,=,24.0,nM,7.620000,active,acrylamide,513.961000,O=C(/C=C/C(=O)Nc1cc2c(Nc3ccc(F)c(Cl)c3)ncnc2cn1)NCCCN1CCOCC1,,1,1
ERBB2__CHEMBL140561,ERBB2,CHEMBL140561,CHEMBL1824,CHEMBL676068,CHEMBL1134843,IC50,=,110.0,nM,6.960000,active,acrylamide,498.381000,CN(C)CCCOC(=O)/C=C/C(=O)Nc1ccc2ncnc(Nc3cccc(Br)c3)c2c1,,1,1
ERBB2__CHEMBL141238,ERBB2,CHEMBL141238,CHEMBL1824,CHEMBL769140,CHEMBL1136802,IC50,=,20892.96,nM,4.680000,inactive,acrylamide,322.364000,Cc1cc(C)c(NC(=O)/C(C#N)=C/c2ccc(O)c(O)c2)c(C)c1,,1,1
ERBB2__CHEMBL153763,ERBB2,CHEMBL153763,CHEMBL1824,CHEMBL874202,CHEMBL1142663,IC50,=,412.0,nM,6.380000,active,acrylamide,624.185000,CCOc1cc2ncc(C#N)c(Nc3ccc(OCc4ccccc4)c(Cl)c3)c2cc1NC(=O)/C=C/CN1C(C)CCCC1C,,1,1
ERBB2__CHEMBL1630107,ERBB2,CHEMBL1630107,CHEMBL1824,CHEMBL1640695,CHEMBL1629443,IC50,=,4.1,nM,8.390000,active,acrylamide,530.943000,O=C(/C=C/c1ccc(-c2ccc3ncnc(Nc4ccc(OCc5cccc(F)c5)c(Cl)c4)c3c2)o1)NO,,1,1
ERBB2__CHEMBL1630108,ERBB2,CHEMBL1630108,CHEMBL1824,CHEMBL1640695,CHEMBL1629443,IC50,=,3.5,nM,8.460000,active,acrylamide,547.011000,O=C(/C=C/c1ccc(-c2ccc3ncnc(Nc4ccc(OCc5cccc(F)c5)c(Cl)c4)c3c2)s1)NO,,1,1
ERBB2__CHEMBL1630109,ERBB2,CHEMBL1630109,CHEMBL1824,CHEMBL1640695,CHEMBL1629443,IC50,=,11.0,nM,7.960000,active,acrylamide,540.982000,O=C(/C=C/c1cccc(-c2ccc3ncnc(Nc4ccc(OCc5cccc(F)c5)c(Cl)c4)c3c2)c1)NO,,1,1
ERBB2__CHEMBL1630110,ERBB2,CHEMBL1630110,CHEMBL1824,CHEMBL1640695,CHEMBL1629443,IC50,=,12.0,nM,7.920000,active,acrylamide,540.982000,O=C(/C=C/c1ccc(-c2ccc3ncnc(Nc4ccc(OCc5cccc(F)c5)c(Cl)c4)c3c2)cc1)NO,,1,1
ERBB2__CHEMBL1630113,ERBB2,CHEMBL1630113,CHEMBL1824,CHEMBL1640695,CHEMBL1629443,IC50,=,8.7,nM,8.060000,active,acrylamide,606.057000,Nc1ccccc1NC(=O)/C=C/c1ccc(-c2ccc3ncnc(Nc4ccc(OCc5cccc(F)c5)c(Cl)c4)c3c2)o1,,1,1
ERBB2__CHEMBL1630114,ERBB2,CHEMBL1630114,CHEMBL1824,CHEMBL1640695,CHEMBL1629443,IC50,=,14.0,nM,7.850000,active,acrylamide,616.096000,Nc1ccccc1NC(=O)/C=C/c1cccc(-c2ccc3ncnc(Nc4ccc(OCc5cccc(F)c5)c(Cl)c4)c3c2)c1,,1,1
ERBB2__CHEMBL1630115,ERBB2,CHEMBL1630115,CHEMBL1824,CHEMBL1640695,CHEMBL1629443,IC50,=,15.0,nM,7.820000,active,acrylamide,616.096000,Nc1ccccc1NC(=O)/C=C/c1ccc(-c2ccc3ncnc(Nc4ccc(OCc5cccc(F)c5)c(Cl)c4)c3c2)cc1,,1,1
ERBB2__CHEMBL1683963,ERBB2,CHEMBL1683963,CHEMBL1824,CHEMBL1686142,CHEMBL1681756,IC50,=,81.0,nM,7.090000,active,acrylamide,540.039000,C/C(=C\c1c(C)ncnc1Nc1ccc(OCc2cccc(F)c2)c(Cl)c1)C(=O)NCCN1CCOCC1,,1,1
ERBB2__CHEMBL1683965,ERBB2,CHEMBL1683965,CHEMBL1824,CHEMBL1686142,CHEMBL1681756,IC50,=,78.0,nM,7.110000,active,acrylamide,544.002000,Cc1ncnc(Nc2ccc(OCc3cccc(F)c3)c(Cl)c2)c1/C=C(\F)C(=O)NCCN1CCOCC1,,1,1
ERBB2__CHEMBL1683966,ERBB2,CHEMBL1683966,CHEMBL1824,CHEMBL1686142,CHEMBL1681756,IC50,=,318.0,nM,6.500000,active,acrylamide,526.012000,Cc1ncnc(Nc2ccc(OCc3cccc(F)c3)c(Cl)c2)c1/C=C/C(=O)NCCN1CCOCC1,,1,1
ERBB2__CHEMBL1683967,ERBB2,CHEMBL1683967,CHEMBL1824,CHEMBL1686142,CHEMBL1681756,IC50,=,19.0,nM,7.720000,active,acrylamide,528.003000,Cc1ncnc(Nc2ccc(OCc3cccc(F)c3)c(Cl)c2)c1/C=C(\F)C(=O)NCCN1CCCC1,,1,1
ERBB2__CHEMBL1683968,ERBB2,CHEMBL1683968,CHEMBL1824,CHEMBL1686142,CHEMBL1681756,IC50,=,71.0,nM,7.150000,active,acrylamide,536.988000,Cc1ncnc(Nc2ccc(OCc3cccc(F)c3)c(Cl)c2)c1/C=C(\F)C(=O)NCCS(C)(=O)=O,,1,1
ERBB2__CHEMBL1683969,ERBB2,CHEMBL1683969,CHEMBL1824,CHEMBL1686142,CHEMBL1681756,IC50,=,102.0,nM,6.990000,active,acrylamide,528.003000,CCN1CCN(C(=O)/C(F)=C/c2c(C)ncnc2Nc2ccc(OCc3cccc(F)c3)c(Cl)c2)CC1,,1,1
ERBB2__CHEMBL175492,ERBB2,CHEMBL175492,CHEMBL1824,CHEMBL874202,CHEMBL1142663,IC50,=,246.0,nM,6.610000,active,acrylamide,556.066000,C=C(CN(C)C)C(=O)Nc1cc2c(Nc3ccc(OCc4ccccc4)c(Cl)c3)c(C#N)cnc2cc1OCC,,1,1
ERBB2__CHEMBL175513,ERBB2,CHEMBL175513,CHEMBL1824,CHEMBL874202,CHEMBL1142663,IC50,=,64.0,nM,7.190000,active,acrylamide,613.143000,CCOc1cc2ncc(C#N)c(Nc3ccc(OCc4nc5ccccc5s4)c(Cl)c3)c2cc1NC(=O)/C=C/CN(C)C,,1,1
ERBB2__CHEMBL175556,ERBB2,CHEMBL175556,CHEMBL1824,CHEMBL874202,CHEMBL1142663,IC50,=,59.0,nM,7.230000,active,acrylamide,598.103000,CCOc1cc2ncc(C#N)c(Nc3ccc(OCc4ccccc4)c(Cl)c3)c2cc1NC(=O)/C=C/CN1CCOCC1,,1,1
ERBB2__CHEMBL175557,ERBB2,CHEMBL175557,CHEMBL1824,CHEMBL874202,CHEMBL1142663,IC50,=,29.0,nM,7.540000,active,acrylamide,614.171000,CCOc1cc2ncc(C#N)c(Nc3ccc(OCc4ccccc4)c(Cl)c3)c2cc1NC(=O)/C=C/CN1CCSCC1,,1,1
ERBB2__CHEMBL175558,ERBB2,CHEMBL175558,CHEMBL1824,CHEMBL874202,CHEMBL1142663,IC50,=,1007.0,nM,6.000000,active,acrylamide,627.195000,COc1cc2ncc(C#N)c(Nc3ccc(Sc4ncc(-c5ccccc5)s4)c(Cl)c3)c2cc1NC(=O)/C=C/CN(C)C,,2,2
ERBB2__CHEMBL175840,ERBB2,CHEMBL175840,CHEMBL1824,CHEMBL874202,CHEMBL1142663,IC50,=,625.0,nM,6.200000,active,acrylamide,560.058000,CCOc1cc2ncc(C#N)c(Nc3ccc(OCc4nccn4C)c(Cl)c3)c2cc1NC(=O)/C=C/CN(C)C,,1,1
ERBB2__CHEMBL175933,ERBB2,CHEMBL175933,CHEMBL1824,CHEMBL874202,CHEMBL1142663,IC50,=,348.0,nM,6.460000,active,acrylamide,546.056000,COc1cc2ncc(C#N)c(Nc3ccc(Sc4ncccn4)c(Cl)c3)c2cc1NC(=O)/C=C/CN(C)C,,1,1
ERBB2__CHEMBL176199,ERBB2,CHEMBL176199,CHEMBL1824,CHEMBL874202,CHEMBL1142663,IC50,=,62.0,nM,7.210000,active,acrylamide,546.027000,CCOc1cc2ncc(C#N)c(Nc3ccc(OCc4ccco4)c(Cl)c3)c2cc1NC(=O)/C=C/CN(C)C,,1,1
ERBB2__CHEMBL178144,ERBB2,CHEMBL178144,CHEMBL1824,CHEMBL874202,CHEMBL1142663,IC50,=,183.0,nM,6.740000,active,acrylamide,600.119000,CCOc1cc2ncc(C#N)c(Nc3ccc(OCc4ccccc4)c(Cl)c3)c2cc1NC(=O)/C=C/CN(C)CCOC,,1,1
ERBB2__CHEMBL178199,ERBB2,CHEMBL178199,CHEMBL1824,CHEMBL874202,CHEMBL1142663,IC50,=,281.0,nM,6.550000,active,acrylamide,570.093000,CCOc1cc2ncc(C#N)c(Nc3ccc(OCCc4ccccc4)c(Cl)c3)c2cc1NC(=O)/C=C/CN(C)C,,1,1
ERBB2__CHEMBL178290,ERBB2,CHEMBL178290,CHEMBL1824,CHEMBL874202,CHEMBL1142663,IC50,=,388.0,nM,6.410000,active,acrylamide,592.046000,CCOc1cc2ncc(C#N)c(Nc3ccc(OCc4cc(F)cc(F)c4)c(Cl)c3)c2cc1NC(=O)/C=C/CN(C)C,,1,1
ERBB2__CHEMBL178312,ERBB2,CHEMBL178312,CHEMBL1824,CHEMBL874202,CHEMBL1142663,IC50,=,59.0,nM,7.230000,active,acrylamide,582.104000,CCOc1cc2ncc(C#N)c(Nc3ccc(OCc4ccccc4)c(Cl)c3)c2cc1NC(=O)/C=C/CN1CCCC1,,1,1
ERBB2__CHEMBL178573,ERBB2,CHEMBL178573,CHEMBL1824,CHEMBL874202,CHEMBL1142663,IC50,=,18.0,nM,7.750000,active,acrylamide,606.126000,CCOc1cc2ncc(C#N)c(Nc3ccc(OCc4ccc5ccccc5c4)c(Cl)c3)c2cc1NC(=O)/C=C/CN(C)C,,1,1
ERBB2__CHEMBL178654,ERBB2,CHEMBL178654,CHEMBL1824,CHEMBL874202,CHEMBL1142663,IC50,=,33.0,nM,7.480000,active,acrylamide,574.056000,CCOc1cc2ncc(C#N)c(Nc3ccc(OCc4cccc(F)c4)c(Cl)c3)c2cc1NC(=O)/C=C/CN(C)C,,1,1
ERBB2__CHEMBL178958,ERBB2,CHEMBL178958,CHEMBL1824,CHEMBL874202,CHEMBL1142663,IC50,=,171.0,nM,6.770000,active,acrylamide,626.157000,CCOc1cc2ncc(C#N)c(Nc3ccc(OCc4ccccc4)c(Cl)c3)c2cc1NC(=O)/C=C/CN1CCCC1COC,,1,1
ERBB2__CHEMBL179052,ERBB2,CHEMBL179052,CHEMBL1824,CHEMBL874202,CHEMBL1142663,IC50,=,28.0,nM,7.550000,active,acrylamide,612.174000,CCOc1cc2ncc(C#N)c(Nc3ccc(OCc4ccccc4)c(Cl)c3)c2cc1NC(=O)/C=C/CN(C(C)C)C(C)C,,1,1
ERBB2__CHEMBL179123,ERBB2,CHEMBL179123,CHEMBL1824,CHEMBL874202,CHEMBL1142663,IC50,=,28.0,nM,7.550000,active,acrylamide,562.114000,CCOc1cc2ncc(C#N)c(Nc3ccc(OCC4CCCCC4)c(Cl)c3)c2cc1NC(=O)/C=C/CN(C)C,,1,1
ERBB2__CHEMBL179164,ERBB2,CHEMBL179164,CHEMBL1824,CHEMBL874202,CHEMBL1142663,IC50,=,25.0,nM,7.600000,active,acrylamide,594.697000,CCOc1cc2ncc(C#N)c(Nc3ccc4c(ccn4S(=O)(=O)c4ccccc4)c3)c2cc1NC(=O)/C=C/CN(C)C,,1,1
ERBB2__CHEMBL179310,ERBB2,CHEMBL179310,CHEMBL1824,CHEMBL874202,CHEMBL1142663,IC50,=,230.0,nM,6.640000,active,acrylamide,546.675000,CCOc1cc2ncc(C#N)c(Nc3ccc4c(c3)CCN4Cc3ccccc3)c2cc1NC(=O)/C=C/CN(C)C,,1,1
ERBB2__CHEMBL179313,ERBB2,CHEMBL179313,CHEMBL1824,CHEMBL874202,CHEMBL1142663,IC50,=,269.0,nM,6.570000,active,acrylamide,557.054000,CCOc1cc2ncc(C#N)c(Nc3ccc(OCc4cccnc4)c(Cl)c3)c2cc1NC(=O)/C=C/CN(C)C,,1,1
ERBB2__CHEMBL179363,ERBB2,CHEMBL179363,CHEMBL1824,CHEMBL874202,CHEMBL1142663,IC50,=,8.0,nM,8.100000,active,acrylamide,590.511000,CCOc1cc2ncc(C#N)c(Nc3ccc(OCc4cccc(Cl)c4)c(Cl)c3)c2cc1NC(=O)/C=C/CN(C)C,,2,2
ERBB2__CHEMBL179458,ERBB2,CHEMBL179458,CHEMBL1824,CHEMBL874202,CHEMBL1142663,IC50,=,800.0,nM,6.100000,active,acrylamide,501.978000,COc1cc2ncc(C#N)c(Nc3ccc(-n4ccnc4)c(Cl)c3)c2cc1NC(=O)/C=C/CN(C)C,,1,1
ERBB2__CHEMBL179521,ERBB2,CHEMBL179521,CHEMBL1824,CHEMBL874202,CHEMBL1142663,IC50,=,13000.0,nM,4.890000,inactive,acrylamide,541.055000,COc1cc2ncc(C#N)c(Nc3ccc(NCc4ccccc4)c(Cl)c3)c2cc1NC(=O)/C=C/CN(C)C,,1,1
ERBB2__CHEMBL179527,ERBB2,CHEMBL179527,CHEMBL1824,CHEMBL874202,CHEMBL1142663,IC50,=,161.0,nM,6.790000,active,acrylamide,581.076000,CCOc1cc2ncc(C#N)c(Nc3ccc(OCc4cccc(C#N)c4)c(Cl)c3)c2cc1NC(=O)/C=C/CN(C)C,,1,1
ERBB2__CHEMBL179572,ERBB2,CHEMBL179572,CHEMBL1824,CHEMBL874202,CHEMBL1142663,IC50,=,83.0,nM,7.080000,active,acrylamide,551.097000,COc1cc2ncc(C#N)c(Nc3ccc(Sc4nccs4)c(Cl)c3)c2cc1NC(=O)/C=C/CN(C)C,,1,1
ERBB2__CHEMBL179577,ERBB2,CHEMBL179577,CHEMBL1824,CHEMBL874202,CHEMBL1142663,IC50,=,103.0,nM,6.990000,active,acrylamide,555.082000,CCOc1cc2ncc(C#N)c(Nc3ccc(NCc4ccccc4)c(Cl)c3)c2cc1NC(=O)/C=C/CN(C)C,,1,1
ERBB2__CHEMBL179607,ERBB2,CHEMBL179607,CHEMBL1824,CHEMBL874202,CHEMBL1142663,IC50,=,89.0,nM,7.050000,active,acrylamide,598.103000,C=C(CN1CCOCC1)C(=O)Nc1cc2c(Nc3ccc(OCc4ccccc4)c(Cl)c3)c(C#N)cnc2cc1OCC,,1,1
ERBB2__CHEMBL179652,ERBB2,CHEMBL179652,CHEMBL1824,CHEMBL874202,CHEMBL1142663,IC50,=,15.0,nM,7.820000,active,acrylamide,544.659000,CCOc1cc2ncc(C#N)c(Nc3ccc4c(ccn4Cc4ccccc4)c3)c2cc1NC(=O)/C=C/CN(C)C,,1,1
ERBB2__CHEMBL179659,ERBB2,CHEMBL179659,CHEMBL1824,CHEMBL874202,CHEMBL1142663,IC50,=,132.0,nM,6.880000,active,acrylamide,570.093000,CCOc1cc2ncc(C#N)c(Nc3ccc(OCc4cccc(C)c4)c(Cl)c3)c2cc1NC(=O)/C=C/CN(C)C,,1,1
ERBB2__CHEMBL179726,ERBB2,CHEMBL179726,CHEMBL1824,CHEMBL874202,CHEMBL1142663,IC50,=,39.0,nM,7.410000,active,acrylamide,542.039000,COc1cc2ncc(C#N)c(Nc3ccc(OCc4ccccc4)c(Cl)c3)c2cc1NC(=O)/C=C/CN(C)C,,1,1
ERBB2__CHEMBL179766,ERBB2,CHEMBL179766,CHEMBL1824,CHEMBL874202,CHEMBL1142663,IC50,=,83.0,nM,7.080000,active,acrylamide,605.142000,CCOc1cc2ncc(C#N)c(Nc3ccc(NCc4cccc5ccccc45)c(Cl)c3)c2cc1NC(=O)/C=C/CN(C)C,,1,1
ERBB2__CHEMBL179923,ERBB2,CHEMBL179923,CHEMBL1824,CHEMBL874202,CHEMBL1142663,IC50,=,732.0,nM,6.130000,active,acrylamide,574.056000,CCOc1cc2ncc(C#N)c(Nc3ccc(OCc4ccccc4F)c(Cl)c3)c2cc1NC(=O)/C=C/CN(C)C,,1,1
ERBB2__CHEMBL179969,ERBB2,CHEMBL179969,CHEMBL1824,CHEMBL874202,CHEMBL1142663,IC50,=,61.0,nM,7.210000,active,vinyl_sulfonamide,535.025000,C=CS(=O)(=O)Nc1cc2c(Nc3ccc(OCc4ccccc4)c(Cl)c3)c(C#N)cnc2cc1OCC,,1,1
ERBB2__CHEMBL180018,ERBB2,CHEMBL180018,CHEMBL1824,CHEMBL874202,CHEMBL1142663,IC50,=,184.0,nM,6.740000,active,acrylamide,542.039000,CCOc1cc2ncc(C#N)c(Nc3ccc(Oc4ccccc4)c(Cl)c3)c2cc1NC(=O)/C=C/CN(C)C,,1,1
ERBB2__CHEMBL180022,ERBB2,CHEMBL180022,CHEMBL1824,CHEMBL874202,CHEMBL1142663,IC50,=,59.0,nM,7.230000,active,acrylamide,557.054000,CCOc1cc2ncc(C#N)c(Nc3ccc(OCc4ccccn4)c(Cl)c3)c2cc1NC(=O)/C=C/CN(C)C,,3,3
ERBB2__CHEMBL180175,ERBB2,CHEMBL180175,CHEMBL1824,CHEMBL874202,CHEMBL1142663,IC50,=,155.0,nM,6.810000,active,acrylamide,548.072000,COc1cc2ncc(C#N)c(Nc3ccc(Sc4nccn4C)c(Cl)c3)c2cc1NC(=O)/C=C/CN(C)C,,1,1
ERBB2__CHEMBL180227,ERBB2,CHEMBL180227,CHEMBL1824,CHEMBL874202,CHEMBL1142663,IC50,=,75.0,nM,7.120000,active,acrylamide,531.620000,COc1cc2ncc(C#N)c(Nc3ccc4c(cnn4Cc4ccccc4)c3)c2cc1NC(=O)/C=C/CN(C)C,,1,1
ERBB2__CHEMBL180415,ERBB2,CHEMBL180415,CHEMBL1824,CHEMBL874202,CHEMBL1142663,IC50,=,24.0,nM,7.620000,active,acrylamide,590.511000,CCOc1cc2ncc(C#N)c(Nc3ccc(OCc4ccc(Cl)cc4)c(Cl)c3)c2cc1NC(=O)/C=C/CN(C)C,,1,1
ERBB2__CHEMBL180516,ERBB2,CHEMBL180516,CHEMBL1824,CHEMBL874202,CHEMBL1142663,IC50,=,78.0,nM,7.110000,active,acrylamide,574.056000,CCOc1cc2ncc(C#N)c(Nc3ccc(OCc4ccc(F)cc4)c(Cl)c3)c2cc1NC(=O)/C=C/CN(C)C,,1,1
ERBB2__CHEMBL190094,ERBB2,CHEMBL190094,CHEMBL1824,CHEMBL874430,CHEMBL1141151,IC50,=,50.0,nM,7.300000,active,acrylamide,434.302000,CN(C)C/C=C/C(=O)Nc1ccc2ncnc(Nc3cc(Cl)c(Cl)cc3F)c2c1,,1,1
ERBB2__CHEMBL201511,ERBB2,CHEMBL201511,CHEMBL1824,CHEMBL957974,CHEMBL1157465,IC50,=,26000.0,nM,4.580000,inactive,acrylamide,378.384000,COc1cc(C2=C(c3c[nH]c4ccccc34)C(=O)NC2=O)cc(OC)c1OC,,3,3
ERBB2__CHEMBL202360,ERBB2,CHEMBL202360,CHEMBL1824,CHEMBL862513,CHEMBL1138126,IC50,=,1.9,nM,8.720000,active,propiolamide,367.206000,C#CC(=O)Nc1ccc2ncnc(Nc3cccc(Br)c3)c2c1,,1,1
ERBB2__CHEMBL202398,ERBB2,CHEMBL202398,CHEMBL1824,CHEMBL862521,CHEMBL1138126,IC50,=,32.0,nM,7.500000,active,propiolamide,482.003000,CCCCN(CC#CC(=O)Nc1ccc2ncnc(Nc3ccc(F)c(Cl)c3)c2c1)CCCC,,2,1
ERBB2__CHEMBL202411,ERBB2,CHEMBL202411,CHEMBL1824,CHEMBL862513,CHEMBL1138126,IC50,=,2.1,nM,8.680000,active,propiolamide,370.771000,O=C(C#CCO)Nc1ccc2ncnc(Nc3ccc(F)c(Cl)c3)c2c1,,2,1
ERBB2__CHEMBL202421,ERBB2,CHEMBL202421,CHEMBL1824,CHEMBL862513,CHEMBL1138126,IC50,=,67.0,nM,7.170000,active,propiolamide,482.991000,CCCCN(CC#CC(=O)Nc1cc2c(Nc3ccc(F)c(Cl)c3)ncnc2cn1)CCCC,,2,1
ERBB2__CHEMBL202424,ERBB2,CHEMBL202424,CHEMBL1824,CHEMBL862513,CHEMBL1138126,IC50,=,5.4,nM,8.270000,active,propiolamide,397.841000,CCCCC#CC(=O)Nc1cc2c(Nc3ccc(F)c(Cl)c3)ncnc2cn1,,2,1
ERBB2__CHEMBL202425,ERBB2,CHEMBL202425,CHEMBL1824,CHEMBL862521,CHEMBL1138126,IC50,=,116.0,nM,6.940000,active,propiolamide,426.883000,CCN(CC)CC#CC(=O)Nc1cc2c(Nc3ccc(F)c(Cl)c3)ncnc2cn1,,2,1
ERBB2__CHEMBL202556,ERBB2,CHEMBL202556,CHEMBL1824,CHEMBL862521,CHEMBL1138126,IC50,=,22.0,nM,7.660000,active,propiolamide,440.866000,O=C(C#CCN1CCOCC1)Nc1cc2c(Nc3ccc(F)c(Cl)c3)ncnc2cn1,,2,1
ERBB2__CHEMBL202621,ERBB2,CHEMBL202621,CHEMBL1824,CHEMBL862521,CHEMBL1138126,IC50,=,173.0,nM,6.760000,active,propiolamide,439.878000,O=C(C#CCN1CCOCC1)Nc1ccc2ncnc(Nc3ccc(F)c(Cl)c3)c2c1,,2,1
ERBB2__CHEMBL203599,ERBB2,CHEMBL203599,CHEMBL1824,CHEMBL862531,CHEMBL1138126,IC50,=,0.8,nM,9.100000,active,propiolamide,467.936000,CN1CCN(CCC#CC(=O)Nc2cc3c(Nc4ccc(F)c(Cl)c4)ncnc3cn2)CC1,,3,1
ERBB2__CHEMBL203644,ERBB2,CHEMBL203644,CHEMBL1824,CHEMBL862513,CHEMBL1138126,IC50,=,1.1,nM,8.960000,active,propiolamide,355.760000,CC#CC(=O)Nc1cc2c(Nc3ccc(F)c(Cl)c3)ncnc2cn1,,2,1
ERBB2__CHEMBL203645,ERBB2,CHEMBL203645,CHEMBL1824,CHEMBL862513,CHEMBL1138126,IC50,=,3.8,nM,8.420000,active,propiolamide,383.814000,CCCC#CC(=O)Nc1cc2c(Nc3ccc(F)c(Cl)c3)ncnc2cn1,,2,1
ERBB2__CHEMBL203661,ERBB2,CHEMBL203661,CHEMBL1824,CHEMBL862513,CHEMBL1138126,IC50,=,0.8,nM,9.100000,active,propiolamide,454.893000,O=C(C#CCCN1CCOCC1)Nc1cc2c(Nc3ccc(F)c(Cl)c3)ncnc2cn1,,2,1
ERBB2__CHEMBL204085,ERBB2,CHEMBL204085,CHEMBL1824,CHEMBL862513,CHEMBL1138126,IC50,=,2.3,nM,8.640000,active,propiolamide,453.905000,O=C(C#CCCN1CCOCC1)Nc1ccc2ncnc(Nc3ccc(F)c(Cl)c3)c2c1,,2,1
ERBB2__CHEMBL204638,ERBB2,CHEMBL204638,CHEMBL1824,CHEMBL862521,CHEMBL1138126,IC50,=,0.5,nM,9.300000,active,propiolamide,499.344000,O=C(C#CCCN1CCOCC1)Nc1cc2c(Nc3ccc(F)c(Br)c3)ncnc2cn1,,2,1
ERBB2__CHEMBL205059,ERBB2,CHEMBL205059,CHEMBL1824,CHEMBL862521,CHEMBL1138126,IC50,=,2.0,nM,8.700000,active,propiolamide,452.921000,O=C(C#CCCN1CCCCC1)Nc1cc2c(Nc3ccc(F)c(Cl)c3)ncnc2cn1,,2,1
ERBB2__CHEMBL2112990,ERBB2,CHEMBL2112990,CHEMBL1824,CHEMBL874202,CHEMBL1142663,IC50,=,966.0,nM,6.010000,active,acrylamide,721.211000,CCOc1cc2ncc(C#N)c(Nc3ccc(OCc4ccccc4)c(Cl)c3)c2cc1NC(=O)/C=C/CN(C)NC[C@H](O)[C@@H](O)[C@H](O)[C@H](O)CO,,1,1
ERBB2__CHEMBL264382,ERBB2,CHEMBL264382,CHEMBL1824,CHEMBL683802,CHEMBL1134862,IC50,=,40.0,nM,7.400000,active,acrylamide,602.699000,Cc1cc(C(=O)NCCN2CCOCC2)[nH]c1/C=C1\C(=O)Nc2ncnc(Nc3ccc4c(ccn4Cc4ccccc4)c3)c21,,1,1
ERBB2__CHEMBL275762,ERBB2,CHEMBL275762,CHEMBL1824,CHEMBL874430,CHEMBL1141151,IC50,=,50.0,nM,7.300000,active,chloroacetamide,399.640000,O=C(CCl)Nc1ccc2ncnc(Nc3cc(Cl)c(Cl)cc3F)c2c1,,1,1
ERBB2__CHEMBL27685,ERBB2,CHEMBL27685,CHEMBL1824,CHEMBL673951,CHEMBL1133162,IC50,=,8.2,nM,8.090000,active,acrylamide,530.398000,C=CC(=O)Nc1cc2c(Nc3ccc(F)c(Br)c3)ncnc2cc1OCCCN1CCOCC1,,1,1
ERBB2__CHEMBL280757,ERBB2,CHEMBL280757,CHEMBL1824,CHEMBL673951,CHEMBL1133162,IC50,=,7.3,nM,8.140000,active,acrylamide,387.212000,C=CC(=O)Nc1ccc2ncnc(Nc3ccc(F)c(Br)c3)c2c1,,2,2
ERBB2__CHEMBL28418,ERBB2,CHEMBL28418,CHEMBL1824,CHEMBL673951,CHEMBL1133162,IC50,=,12.0,nM,7.920000,active,acrylamide,343.749000,C=CC(=O)Nc1ccc2ncnc(Nc3ccc(F)c(Cl)c3)c2n1,,2,2
ERBB2__CHEMBL284326,ERBB2,CHEMBL284326,CHEMBL1824,CHEMBL673951,CHEMBL1133162,IC50,=,182.0,nM,6.740000,active,acrylamide,499.978000,C=CC(=O)Nc1nc2c(Nc3ccc(F)c(Cl)c3)ncnc2cc1OCCCN1CCN(C)CC1,,1,1
ERBB2__CHEMBL285063,ERBB2,CHEMBL285063,CHEMBL1824,CHEMBL673951,CHEMBL1133162,IC50,=,5.7,nM,8.240000,active,acrylamide,369.222000,C=CC(=O)Nc1ccc2ncnc(Nc3cccc(Br)c3)c2c1,,4,4
ERBB2__CHEMBL291986,ERBB2,CHEMBL291986,CHEMBL1824,CHEMBL673948,CHEMBL1125266,IC50,=,49000.0,nM,4.310000,inactive,acrylamide,349.390000,N#C/C(=C\c1ccc(O)c(O)c1)C(=O)N1CCN(c2ccccc2)CC1,,1,1
ERBB2__CHEMBL293749,ERBB2,CHEMBL293749,CHEMBL1824,CHEMBL769140,CHEMBL1136802,IC50,=,22908.68,nM,4.640000,inactive,acrylamide,308.337000,N#C/C(=C\c1ccc(O)c(O)c1)C(=O)NCCc1ccccc1,,3,3
ERBB2__CHEMBL305194,ERBB2,CHEMBL305194,CHEMBL1824,CHEMBL615491,CHEMBL1134862,IC50,=,49300.0,nM,4.310000,inactive,acrylamide,413.796000,Cc1cc(C(=O)O)[nH]c1/C=C1\C(=O)Nc2ncnc(Nc3ccc(F)c(Cl)c3)c21,,1,1
ERBB2__CHEMBL305246,ERBB2,CHEMBL305246,CHEMBL1824,CHEMBL683802,CHEMBL1134862,IC50,=,200.0,nM,6.700000,active,acrylamide,495.946000,Cc1cc(C(=O)N2CCN(C)CC2)[nH]c1/C=C1\C(=O)Nc2ncnc(Nc3ccc(F)c(Cl)c3)c21,,2,1
ERBB2__CHEMBL31373,ERBB2,CHEMBL31373,CHEMBL1824,CHEMBL673951,CHEMBL1133162,IC50,=,4.3,nM,8.370000,active,acrylamide,342.761000,C=CC(=O)Nc1ccc2ncnc(Nc3ccc(F)c(Cl)c3)c2c1,,2,2
ERBB2__CHEMBL314021,ERBB2,CHEMBL314021,CHEMBL1824,CHEMBL686676,CHEMBL1131018,IC50,=,22500.0,nM,4.650000,inactive,acrylamide,314.182000,CN1C(=O)/C(=C\c2ccc(Br)cc2)c2ccccc21,,1,1
ERBB2__CHEMBL31419,ERBB2,CHEMBL31419,CHEMBL1824,CHEMBL673951,CHEMBL1133162,IC50,=,6.4,nM,8.190000,active,acrylamide,512.408000,C=CC(=O)Nc1cc2c(Nc3cccc(Br)c3)ncnc2cc1OCCCN1CCOCC1,,1,1
ERBB2__CHEMBL315546,ERBB2,CHEMBL315546,CHEMBL1824,CHEMBL686676,CHEMBL1131018,IC50,=,90200.0,nM,4.040000,inactive,acrylamide,333.391000,O=CN1CCN(c2ccc(/C=C3\C(=O)Nc4ccccc43)cc2)CC1,,1,1
ERBB2__CHEMBL315701,ERBB2,CHEMBL315701,CHEMBL1824,CHEMBL686676,CHEMBL1131018,IC50,=,92600.0,nM,4.030000,inactive,acrylamide,304.393000,O=C1Nc2ccccc2/C1=C/c1ccc(N2CCCCC2)cc1,,1,1
ERBB2__CHEMBL31656,ERBB2,CHEMBL31656,CHEMBL1824,CHEMBL673951,CHEMBL1133162,IC50,=,189.0,nM,6.720000,active,acrylamide,486.935000,C=CC(=O)Nc1nc2c(Nc3ccc(F)c(Cl)c3)ncnc2cc1OCCCN1CCOCC1,,1,1
ERBB2__CHEMBL31815,ERBB2,CHEMBL31815,CHEMBL1824,CHEMBL673949,CHEMBL1132213,IC50,=,2.2,nM,8.660000,active,acrylamide,304.353000,C=CC(=O)Nc1ccc2ncnc(Nc3cccc(C)c3)c2c1,,2,2
ERBB2__CHEMBL31816,ERBB2,CHEMBL31816,CHEMBL1824,CHEMBL673951,CHEMBL1133162,IC50,=,125.0,nM,6.900000,active,acrylamide,373.775000,C=CC(=O)Nc1nc2c(Nc3ccc(F)c(Cl)c3)ncnc2cc1OC,,1,1
ERBB2__CHEMBL31965,ERBB2,CHEMBL31965,CHEMBL1824,CHEMBL1026507,CHEMBL1154498,IC50,=,48.0,nM,7.320000,active,acrylamide,485.947000,C=CC(=O)Nc1cc2c(Nc3ccc(F)c(Cl)c3)ncnc2cc1OCCCN1CCOCC1,,4,4
ERBB2__CHEMBL326100,ERBB2,CHEMBL326100,CHEMBL1824,CHEMBL769140,CHEMBL1136802,IC50,=,251.19,nM,6.600000,active,acrylamide,388.876000,COc1cc(/C=C(\C#N)C(N)=O)cc(CSCc2ccccc2Cl)c1O,,1,1
ERBB2__CHEMBL326280,ERBB2,CHEMBL326280,CHEMBL1824,CHEMBL769139,CHEMBL1145020,IC50,=,380.0,nM,6.420000,active,propiolamide,465.307000,COCC#CC(=O)Nc1cc2c(Nc3cccc(Br)c3)c(C#N)cnc2cc1OC,,1,1
ERBB2__CHEMBL327838,ERBB2,CHEMBL327838,CHEMBL1824,CHEMBL676070,CHEMBL1134561,IC50,=,116.0,nM,6.940000,active,propiolamide,455.312000,COCCOCC#CC(=O)Nc1ccc2ncnc(Nc3cccc(Br)c3)c2c1,,1,1
ERBB2__CHEMBL328245,ERBB2,CHEMBL328245,CHEMBL1824,CHEMBL676070,CHEMBL1134561,IC50,=,177.0,nM,6.750000,active,propiolamide,480.410000,CCCN(CC#CC(=O)Nc1ccc2ncnc(Nc3cccc(Br)c3)c2c1)CCC,,1,1
ERBB2__CHEMBL328704,ERBB2,CHEMBL328704,CHEMBL1824,CHEMBL676070,CHEMBL1134561,IC50,=,38.0,nM,7.420000,active,propiolamide,452.356000,CCN(CC)CC#CC(=O)Nc1ccc2ncnc(Nc3cccc(Br)c3)c2c1,,1,1
ERBB2__CHEMBL328977,ERBB2,CHEMBL328977,CHEMBL1824,CHEMBL676070,CHEMBL1134561,IC50,=,124.0,nM,6.910000,active,propiolamide,482.407000,O=C(C#CCN1CCSCC1)Nc1ccc2ncnc(Nc3cccc(Br)c3)c2c1,,1,1
ERBB2__CHEMBL329642,ERBB2,CHEMBL329642,CHEMBL1824,CHEMBL676070,CHEMBL1134561,IC50,=,21657.0,nM,4.660000,inactive,acrylamide,383.249000,C/C=C\C(=O)Nc1ccc2ncnc(Nc3cccc(Br)c3)c2c1,,1,1
ERBB2__CHEMBL329856,ERBB2,CHEMBL329856,CHEMBL1824,CHEMBL676070,CHEMBL1134561,IC50,=,14.0,nM,7.850000,active,propiolamide,424.302000,CN(C)CC#CC(=O)Nc1ccc2ncnc(Nc3cccc(Br)c3)c2c1,,1,1
ERBB2__CHEMBL332497,ERBB2,CHEMBL332497,CHEMBL1824,CHEMBL769139,CHEMBL1145020,IC50,=,34130.0,nM,4.470000,inactive,acrylamide,522.403000,COc1cc2ncc(C#N)c(Nc3cccc(Br)c3)c2cc1NC(=O)/C=C/CN1CCOCC1,,1,1
ERBB2__CHEMBL334801,ERBB2,CHEMBL334801,CHEMBL1824,CHEMBL676068,CHEMBL1134843,IC50,=,13.0,nM,7.890000,active,acrylamide,498.385000,CN(C)CCCNC(=O)/C=C/C(=O)Nc1cc2c(Nc3cccc(Br)c3)ncnc2cn1,,1,1
ERBB2__CHEMBL342828,ERBB2,CHEMBL342828,CHEMBL1824,CHEMBL676069,CHEMBL1134843,IC50,=,8.1,nM,8.090000,active,acrylamide,521.379000,O=C(/C=C/C(=O)Nc1cc2c(Nc3cccc(Br)c3)ncnc2cn1)NCCCn1ccnc1,,1,1
ERBB2__CHEMBL345109,ERBB2,CHEMBL345109,CHEMBL1824,CHEMBL676068,CHEMBL1134843,IC50,=,207.0,nM,6.680000,active,acrylamide,497.397000,CN(C)CCCNC(=O)/C=C/C(=O)Nc1ccc2ncnc(Nc3cccc(Br)c3)c2c1,,1,1
ERBB2__CHEMBL359629,ERBB2,CHEMBL359629,CHEMBL1824,CHEMBL874202,CHEMBL1142663,IC50,=,20.0,nM,7.700000,active,acrylamide,606.126000,CCOc1cc2ncc(C#N)c(Nc3ccc(OCc4cccc5ccccc45)c(Cl)c3)c2cc1NC(=O)/C=C/CN(C)C,,1,1
ERBB2__CHEMBL359630,ERBB2,CHEMBL359630,CHEMBL1824,CHEMBL874202,CHEMBL1142663,IC50,=,69.0,nM,7.160000,active,acrylamide,579.060000,CCOc1cc2ncc(C#N)c(Nc3ccc(OCc4ccccc4)c(Cl)c3)c2cc1NC(=O)/C=C/Cc1c[nH]cn1,,1,1
ERBB2__CHEMBL359660,ERBB2,CHEMBL359660,CHEMBL1824,CHEMBL874202,CHEMBL1142663,IC50,=,196.0,nM,6.710000,active,acrylamide,612.086000,CCOc1cc2ncc(C#N)c(Nc3ccc(OCc4ccccc4)c(Cl)c3)c2cc1NC(=O)/C=C/CN1CC1C(=O)OC,,1,1
ERBB2__CHEMBL360028,ERBB2,CHEMBL360028,CHEMBL1824,CHEMBL874202,CHEMBL1142663,IC50,=,81.0,nM,7.090000,active,acrylamide,592.046000,CCOc1cc2ncc(C#N)c(Nc3ccc(OCc4ccc(F)cc4F)c(Cl)c3)c2cc1NC(=O)/C=C/CN(C)C,,1,1
ERBB2__CHEMBL360211,ERBB2,CHEMBL360211,CHEMBL1824,CHEMBL874202,CHEMBL1142663,IC50,=,603.0,nM,6.220000,active,acrylamide,686.209000,CCOc1cc2ncc(C#N)c(Nc3ccc(OCc4ccccc4)c(Cl)c3)c2cc1NC(=O)/C=C/CN1CCOCCOCCOCC1,,1,1
ERBB2__CHEMBL360519,ERBB2,CHEMBL360519,CHEMBL1824,CHEMBL874202,CHEMBL1142663,IC50,=,10.0,nM,8.000000,active,acrylamide,590.511000,CCOc1cc2ncc(C#N)c(Nc3ccc(OCc4ccccc4Cl)c(Cl)c3)c2cc1NC(=O)/C=C/CN(C)C,,1,1
ERBB2__CHEMBL360662,ERBB2,CHEMBL360662,CHEMBL1824,CHEMBL874202,CHEMBL1142663,IC50,=,76.0,nM,7.120000,active,acrylamide,570.093000,CCOc1cc2ncc(C#N)c(Nc3ccc(O[C@H](C)c4ccccc4)c(Cl)c3)c2cc1NC(=O)/C=C/CN(C)C,,1,1
ERBB2__CHEMBL360780,ERBB2,CHEMBL360780,CHEMBL1824,CHEMBL874202,CHEMBL1142663,IC50,=,406.0,nM,6.390000,active,acrylamide,590.511000,CCOc1cc2ncc(C#N)c(Nc3cc(Cl)c(OCc4ccccc4)c(Cl)c3)c2cc1NC(=O)/C=C/CN(C)C,,1,1
ERBB2__CHEMBL360933,ERBB2,CHEMBL360933,CHEMBL1824,CHEMBL874202,CHEMBL1142663,IC50,=,540.0,nM,6.270000,active,acrylamide,611.146000,CCOc1cc2ncc(C#N)c(Nc3ccc(OCc4ccccc4)c(Cl)c3)c2cc1NC(=O)/C=C/CN1CCN(C)CC1,,1,1
ERBB2__CHEMBL360958,ERBB2,CHEMBL360958,CHEMBL1824,CHEMBL874202,CHEMBL1142663,IC50,=,25.0,nM,7.600000,active,acrylamide,596.131000,CCOc1cc2ncc(C#N)c(Nc3ccc(OCc4ccccc4)c(Cl)c3)c2cc1NC(=O)/C=C/CN1CCCCC1,,1,1
ERBB2__CHEMBL360979,ERBB2,CHEMBL360979,CHEMBL1824,CHEMBL874202,CHEMBL1142663,IC50,=,74.0,nM,7.130000,active,acrylamide,609.155000,COc1cc2ncc(C#N)c(Nc3ccc(Cc4nc(-c5ccccc5)cs4)c(Cl)c3)c2cc1NC(=O)/C=C/CN(C)C,,1,1
ERBB2__CHEMBL361343,ERBB2,CHEMBL361343,CHEMBL1824,CHEMBL874202,CHEMBL1142663,IC50,=,27.0,nM,7.570000,active,acrylamide,586.092000,CCOc1cc2ncc(C#N)c(Nc3ccc(OCc4ccccc4)c(Cl)c3)c2cc1NC(=O)/C=C/CN(C)CCO,,1,1
ERBB2__CHEMBL362232,ERBB2,CHEMBL362232,CHEMBL1824,CHEMBL874202,CHEMBL1142663,IC50,=,44.0,nM,7.360000,active,acrylamide,586.092000,CCOc1cc2ncc(C#N)c(Nc3ccc(OCc4ccccc4OC)c(Cl)c3)c2cc1NC(=O)/C=C/CN(C)C,,1,1
ERBB2__CHEMBL362611,ERBB2,CHEMBL362611,CHEMBL1824,CHEMBL874202,CHEMBL1142663,IC50,=,169.0,nM,6.770000,active,acrylamide,612.130000,CCOc1cc2ncc(C#N)c(Nc3ccc(OCc4ccccc4)c(Cl)c3)c2cc1NC(=O)/C=C/CN1CCC(O)CC1,,1,1
ERBB2__CHEMBL362824,ERBB2,CHEMBL362824,CHEMBL1824,CHEMBL874202,CHEMBL1142663,IC50,=,58.0,nM,7.240000,active,acrylamide,628.129000,CCOc1cc2ncc(C#N)c(Nc3ccc(OCc4ccccc4)c(Cl)c3)c2cc1NC(=O)/C=C/CN1CCC(O)(O)CC1,,1,1
ERBB2__CHEMBL367492,ERBB2,CHEMBL367492,CHEMBL1824,CHEMBL874202,CHEMBL1142663,IC50,=,13.0,nM,7.890000,active,acrylamide,641.222000,CCOc1cc2ncc(C#N)c(Nc3ccc(Sc4nc(-c5ccccc5)cs4)c(Cl)c3)c2cc1NC(=O)/C=C/CN(C)C,,2,2
ERBB2__CHEMBL368234,ERBB2,CHEMBL368234,CHEMBL1824,CHEMBL874202,CHEMBL1142663,IC50,=,227.0,nM,6.640000,active,acrylamide,579.060000,CCOc1cc2ncc(C#N)c(Nc3ccc(OCc4ccccc4)c(Cl)c3)c2cc1NC(=O)/C=C/c1cn(C)cn1,,1,1
ERBB2__CHEMBL368702,ERBB2,CHEMBL368702,CHEMBL1824,CHEMBL874202,CHEMBL1142663,IC50,=,40.0,nM,7.400000,active,acrylamide,568.077000,CCOc1cc2ncc(C#N)c(Nc3ccc(OCc4ccccc4)c(Cl)c3)c2cc1NC(=O)/C=C/CN1CCC1,,1,1
ERBB2__CHEMBL369088,ERBB2,CHEMBL369088,CHEMBL1824,CHEMBL874202,CHEMBL1142663,IC50,=,104.0,nM,6.980000,active,acrylamide,644.172000,CCOc1cc2ncc(C#N)c(Nc3ccc(OCc4ccccc4)c(Cl)c3)c2cc1NC(=O)/C=C/CN(CC(C)O)CC(C)O,,1,1
ERBB2__CHEMBL369299,ERBB2,CHEMBL369299,CHEMBL1824,CHEMBL874202,CHEMBL1142663,IC50,=,498.0,nM,6.300000,active,acrylamide,521.621000,CCOc1cc2ncc(C#N)c(Nc3ccc(OCc4ccccc4)cc3)c2cc1NC(=O)/C=C/CN(C)C,,1,1
ERBB2__CHEMBL373207,ERBB2,CHEMBL373207,CHEMBL1824,CHEMBL862521,CHEMBL1138126,IC50,=,7.5,nM,8.120000,active,propiolamide,425.895000,CCN(CC)CC#CC(=O)Nc1ccc2ncnc(Nc3ccc(F)c(Cl)c3)c2c1,,2,1
ERBB2__CHEMBL378144,ERBB2,CHEMBL378144,CHEMBL1824,CHEMBL862513,CHEMBL1138126,IC50,=,2.4,nM,8.620000,active,propiolamide,368.194000,C#CC(=O)Nc1cc2c(Nc3cccc(Br)c3)ncnc2cn1,,1,1
ERBB2__CHEMBL380669,ERBB2,CHEMBL380669,CHEMBL1824,CHEMBL862513,CHEMBL1138126,IC50,=,2.8,nM,8.550000,active,propiolamide,453.949000,CC(C)N(CC#CC(=O)Nc1ccc2ncnc(Nc3ccc(F)c(Cl)c3)c2c1)C(C)C,,2,1
ERBB2__CHEMBL382073,ERBB2,CHEMBL382073,CHEMBL1824,CHEMBL862513,CHEMBL1138126,IC50,=,2.6,nM,8.590000,active,propiolamide,439.922000,CCN(CC)CCC#CC(=O)Nc1ccc2ncnc(Nc3ccc(F)c(Cl)c3)c2c1,,2,1
ERBB2__CHEMBL383499,ERBB2,CHEMBL383499,CHEMBL1824,CHEMBL862521,CHEMBL1138126,IC50,=,36.0,nM,7.440000,active,propiolamide,454.937000,CC(C)N(CC#CC(=O)Nc1cc2c(Nc3ccc(F)c(Cl)c3)ncnc2cn1)C(C)C,,1,1
ERBB2__CHEMBL414220,ERBB2,CHEMBL414220,CHEMBL1824,CHEMBL676070,CHEMBL1134561,IC50,=,85.0,nM,7.070000,active,propiolamide,450.340000,C=CCN(C)CC#CC(=O)Nc1ccc2ncnc(Nc3cccc(Br)c3)c2c1,,1,1
ERBB2__CHEMBL414631,ERBB2,CHEMBL414631,CHEMBL1824,CHEMBL769139,CHEMBL1145020,IC50,=,380.0,nM,6.420000,active,propiolamide,451.280000,COCOC#CC(=O)Nc1ccc2ncc(C#N)c(Nc3cccc(Br)c3)c2c1,,1,1
ERBB2__CHEMBL417478,ERBB2,CHEMBL417478,CHEMBL1824,CHEMBL673951,CHEMBL1133162,IC50,=,12.0,nM,7.920000,active,acrylamide,482.947000,C=CC(=O)Nc1nc2c(Nc3ccc(F)c(Cl)c3)ncnc2cc1/C=C/CCN1CCOCC1,,1,1
ERBB2__CHEMBL417941,ERBB2,CHEMBL417941,CHEMBL1824,CHEMBL769140,CHEMBL1136802,IC50,=,16982.44,nM,4.770000,inactive,acrylamide,286.331000,N#C/C(=C\c1ccc(O)c(O)c1)C(=O)NC1CCCCC1,,2,2
ERBB2__CHEMBL419501,ERBB2,CHEMBL419501,CHEMBL1824,CHEMBL676070,CHEMBL1134561,IC50,=,733.0,nM,6.130000,active,acrylamide,496.409000,COC[C@H]1CCCN1C/C=C/C(=O)Nc1ccc2ncnc(Nc3cccc(Br)c3)c2c1,,1,1
ERBB2__CHEMBL424959,ERBB2,CHEMBL424959,CHEMBL1824,CHEMBL874202,CHEMBL1142663,IC50,=,363.0,nM,6.440000,active,acrylamide,507.594000,COc1cc2ncc(C#N)c(Nc3ccc(OCc4ccccc4)cc3)c2cc1NC(=O)/C=C/CN(C)C,,1,1
ERBB2__CHEMBL426051,ERBB2,CHEMBL426051,CHEMBL1824,CHEMBL874202,CHEMBL1142663,IC50,=,131.0,nM,6.880000,active,acrylamide,562.095000,CCOc1cc2ncc(C#N)c(Nc3ccc(OCc4cccs4)c(Cl)c3)c2cc1NC(=O)/C=C/CN(C)C,,1,1
ERBB2__CHEMBL427314,ERBB2,CHEMBL427314,CHEMBL1824,CHEMBL874202,CHEMBL1142663,IC50,=,13200.0,nM,4.880000,inactive,acrylamide,521.621000,CCOc1cc2ncc(C#N)c(Nc3cccc(OCc4ccccc4)c3)c2cc1NC(=O)/C=C/CN(C)C,,1,1
ERBB2__CHEMBL427315,ERBB2,CHEMBL427315,CHEMBL1824,CHEMBL874202,CHEMBL1142663,IC50,=,26000.0,nM,4.580000,inactive,acrylamide,570.093000,CCOc1cc2ncc(C#N)c(Nc3ccc(O[C@@H](C)c4ccccc4)c(Cl)c3)c2cc1NC(=O)/C=C/CN(C)C,,1,1
ERBB2__CHEMBL430571,ERBB2,CHEMBL430571,CHEMBL1824,CHEMBL673949,CHEMBL1132213,IC50,=,7.6,nM,8.120000,active,acrylamide,396.450000,C=CC(=O)Nc1ccc2ncnc(Nc3ccc(OCc4ccccc4)cc3)c2c1,,1,1
ERBB2__CHEMBL434720,ERBB2,CHEMBL434720,CHEMBL1824,CHEMBL874202,CHEMBL1142663,IC50,=,76.0,nM,7.120000,active,acrylamide,556.066000,CCOc1cc2ncc(C#N)c(Nc3ccc(OCc4ccccc4)c(Cl)c3)c2cc1NC(=O)/C=C/CN(C)C,,1,1
ERBB2__CHEMBL434827,ERBB2,CHEMBL434827,CHEMBL1824,CHEMBL676068,CHEMBL1134843,IC50,=,14.0,nM,7.850000,active,acrylamide,526.439000,CCN(CC)CCCNC(=O)/C=C/C(=O)Nc1cc2c(Nc3cccc(Br)c3)ncnc2cn1,,1,1
ERBB2__CHEMBL437890,ERBB2,CHEMBL437890,CHEMBL1824,CHEMBL862513,CHEMBL1138126,IC50,=,0.5,nM,9.300000,active,propiolamide,512.387000,CN1CCN(CCC#CC(=O)Nc2cc3c(Nc4ccc(F)c(Br)c4)ncnc3cn2)CC1,,2,1
ERBB2__CHEMBL440298,ERBB2,CHEMBL440298,CHEMBL1824,CHEMBL769140,CHEMBL1136802,IC50,=,501187.23,nM,3.300000,inactive,acrylamide,336.391000,N#C/C(=C\c1ccc(O)c(O)c1)C(=O)NCCCCc1ccccc1,,1,1
ERBB2__CHEMBL442754,ERBB2,CHEMBL442754,CHEMBL1824,CHEMBL676070,CHEMBL1134561,IC50,=,634.0,nM,6.200000,active,acrylamide,470.371000,COCCN(C)C/C=C/C(=O)Nc1ccc2ncnc(Nc3cccc(Br)c3)c2c1,,1,1
ERBB2__CHEMBL443523,ERBB2,CHEMBL443523,CHEMBL1824,CHEMBL673949,CHEMBL1132213,IC50,=,73.0,nM,7.140000,active,acrylamide,369.222000,C=CC(=O)Nc1ccc2c(Nc3cccc(Br)c3)ncnc2c1,,1,1
ERBB2__CHEMBL453336,ERBB2,CHEMBL453336,CHEMBL1824,CHEMBL957974,CHEMBL1157465,IC50,=,36000.0,nM,4.440000,inactive,acrylamide,484.552000,COc1cc(C2=C(c3cn(COCc4ccccc4)c4ccccc34)CNC2=O)cc(OC)c1OC,,1,1
ERBB2__CHEMBL483085,ERBB2,CHEMBL483085,CHEMBL1824,CHEMBL953992,CHEMBL1150417,IC50,=,16000.0,nM,4.800000,inactive,acrylamide,348.280000,N#C/C(=C\c1ccc(O)c(O)c1)C(=O)Nc1cccc(C(F)(F)F)c1,,1,1
ERBB2__CHEMBL48760,ERBB2,CHEMBL48760,CHEMBL1824,CHEMBL686676,CHEMBL1131018,IC50,=,16900.0,nM,4.770000,inactive,acrylamide,263.340000,CC(C)c1ccc(/C=C2/C(=O)Nc3ccccc32)cc1,,1,1
ERBB2__CHEMBL488646,ERBB2,CHEMBL488646,CHEMBL1824,CHEMBL957974,CHEMBL1157465,IC50,=,25000.0,nM,4.600000,inactive,acrylamide,450.535000,COc1cc(C2=C(c3cn(COC(C)(C)C)c4ccccc34)CNC2=O)cc(OC)c1OC,,1,1
ERBB2__CHEMBL488811,ERBB2,CHEMBL488811,CHEMBL1824,CHEMBL957974,CHEMBL1157465,IC50,=,37000.0,nM,4.430000,inactive,acrylamide,470.525000,COc1cc(C2=C(c3cn(COc4ccccc4)c4ccccc34)CNC2=O)cc(OC)c1OC,,1,1
ERBB2__CHEMBL51659,ERBB2,CHEMBL51659,CHEMBL1824,CHEMBL673949,CHEMBL1132213,IC50,=,3.9,nM,8.410000,active,acrylamide,370.210000,C=CC(=O)Nc1cc2c(Nc3cccc(Br)c3)ncnc2cn1,,1,1
ERBB2__CHEMBL53203,ERBB2,CHEMBL53203,CHEMBL1824,CHEMBL673949,CHEMBL1132213,IC50,=,8.6,nM,8.070000,active,acrylamide,382.423000,C=CC(=O)Nc1ccc2ncnc(Nc3ccc(Oc4ccccc4)cc3)c2c1,,1,1
ERBB2__CHEMBL53555,ERBB2,CHEMBL53555,CHEMBL1824,CHEMBL673949,CHEMBL1132213,IC50,=,3.0,nM,8.520000,active,acrylamide,343.749000,C=CC(=O)Nc1cc2c(Nc3ccc(F)c(Cl)c3)ncnc2cn1,,1,1
ERBB2__CHEMBL53665,ERBB2,CHEMBL53665,CHEMBL1824,CHEMBL673949,CHEMBL1132213,IC50,=,26.0,nM,7.580000,active,acrylamide,388.200000,C=CC(=O)Nc1ccc2ncnc(Nc3ccc(F)c(Br)c3)c2n1,,1,1
ERBB2__CHEMBL53898,ERBB2,CHEMBL53898,CHEMBL1824,CHEMBL769140,CHEMBL1136802,IC50,=,34673.69,nM,4.460000,inactive,acrylamide,322.364000,N#C/C(=C\c1ccc(O)c(O)c1)C(=O)NCCCc1ccccc1,,3,3
ERBB2__CHEMBL54088,ERBB2,CHEMBL54088,CHEMBL1824,CHEMBL673950,CHEMBL1132213,IC50,=,8.8,nM,8.060000,active,acrylamide,305.341000,C=CC(=O)Nc1cc2c(Nc3cccc(C)c3)ncnc2cn1,,1,1
ERBB2__CHEMBL54091,ERBB2,CHEMBL54091,CHEMBL1824,CHEMBL673949,CHEMBL1132213,IC50,=,1.1,nM,8.960000,active,acrylamide,388.200000,C=CC(=O)Nc1cc2c(Nc3ccc(F)c(Br)c3)ncnc2cn1,,1,1
ERBB2__CHEMBL545315,ERBB2,CHEMBL545315,CHEMBL1824,CHEMBL676069,CHEMBL1134843,IC50,=,9.0,nM,8.050000,active,acrylamide,558.869000,C=CC(=O)Nc1cc2c(Nc3ccc(F)c(Cl)c3)ncnc2cc1OCCCN1CCOCC1.Cl.Cl,,4,2
ERBB2__CHEMBL55360,ERBB2,CHEMBL55360,CHEMBL1824,CHEMBL769140,CHEMBL1136802,IC50,=,33884.42,nM,4.470000,inactive,acrylamide,308.337000,Cc1cccc(C)c1NC(=O)/C(C#N)=C/c1ccc(O)c(O)c1,,2,2
ERBB2__CHEMBL55979,ERBB2,CHEMBL55979,CHEMBL1824,CHEMBL769140,CHEMBL1136802,IC50,=,37153.52,nM,4.430000,inactive,acrylamide,308.337000,CC(NC(=O)/C(C#N)=C/c1ccc(O)c(O)c1)c1ccccc1,,2,2
ERBB2__CHEMBL56219,ERBB2,CHEMBL56219,CHEMBL1824,CHEMBL769140,CHEMBL1136802,IC50,=,57543.99,nM,4.240000,inactive,acrylamide,314.728000,N#C/C(=C\c1ccc(O)c(O)c1)C(=O)Nc1ccccc1Cl,,2,2
ERBB2__CHEMBL56319,ERBB2,CHEMBL56319,CHEMBL1824,CHEMBL769140,CHEMBL1136802,IC50,=,331131.12,nM,3.480000,inactive,acrylamide,380.400000,CCOC(=O)C(Cc1ccccc1)NC(=O)/C(C#N)=C/c1ccc(O)c(O)c1,,1,1
ERBB2__CHEMBL56543,ERBB2,CHEMBL56543,CHEMBL1824,CHEMBL769140,CHEMBL1136802,IC50,=,13489.63,nM,4.870000,inactive,acrylamide,294.310000,N#C/C(=C\c1ccc(O)c(O)c1)C(=O)NCc1ccccc1,,3,3
ERBB2__CHEMBL56731,ERBB2,CHEMBL56731,CHEMBL1824,CHEMBL769140,CHEMBL1136802,IC50,=,41686.94,nM,4.380000,inactive,acrylamide,280.283000,N#C/C(=C\c1ccc(O)c(O)c1)C(=O)Nc1ccccc1,,3,3
ERBB2__CHEMBL569880,ERBB2,CHEMBL569880,CHEMBL1824,CHEMBL1044056,CHEMBL1154692,IC50,=,18.0,nM,7.750000,active,acrylamide,531.947000,C=CC(=O)N1CCC[C@H]1C(=O)Nc1cc2c(Nc3ccc(F)c(Cl)c3F)ncnc2cc1OCCOC,,1,1
ERBB2__CHEMBL571040,ERBB2,CHEMBL571040,CHEMBL1824,CHEMBL1044056,CHEMBL1154692,IC50,=,42.0,nM,7.380000,active,acrylamide,513.957000,C=CC(=O)N1CCC[C@H]1C(=O)Nc1cc2c(Nc3cccc(Cl)c3F)ncnc2cc1OCCOC,,1,1
ERBB2__CHEMBL57251,ERBB2,CHEMBL57251,CHEMBL1824,CHEMBL769140,CHEMBL1136802,IC50,=,165958.69,nM,3.780000,inactive,acrylamide,340.335000,COc1ccc(NC(=O)/C(C#N)=C/c2ccc(O)c(O)c2)c(OC)c1,,1,1
ERBB2__CHEMBL597492,ERBB2,CHEMBL597492,CHEMBL1824,CHEMBL1070747,CHEMBL1158526,IC50,=,15180.0,nM,4.820000,inactive,acrylamide,504.280000,COc1cc(C2=C(c3c[nH]c4ccc(I)cc34)C(=O)NC2=O)cc(OC)c1OC,,1,1
ERBB2__CHEMBL605957,ERBB2,CHEMBL605957,CHEMBL1824,CHEMBL1070747,CHEMBL1158526,IC50,=,13316.0,nM,4.880000,inactive,acrylamide,457.280000,COc1cc(C2=C(c3c[nH]c4ccc(Br)cc34)C(=O)NC2=O)cc(OC)c1OC,,1,1
ERBB2__CHEMBL66570,ERBB2,CHEMBL66570,CHEMBL1824,CHEMBL683802,CHEMBL1134862,IC50,=,100.0,nM,7.000000,active,acrylamide,509.973000,CCN1CCN(C(=O)c2cc(C)c(/C=C3\C(=O)Nc4ncnc(Nc5ccc(F)c(Cl)c5)c43)[nH]2)CC1,,2,1
ERBB2__CHEMBL67003,ERBB2,CHEMBL67003,CHEMBL1824,CHEMBL683802,CHEMBL1134862,IC50,=,100.0,nM,7.000000,active,acrylamide,560.618000,Cc1cc(C(=O)N2CCOCC2)[nH]c1/C=C1\C(=O)Nc2ncnc(Nc3ccc4c(cnn4Cc4ccccc4)c3)c21,,1,1
ERBB2__CHEMBL67057,ERBB2,CHEMBL67057,CHEMBL1824,CHEMBL683802,CHEMBL1134862,IC50,=,100.0,nM,7.000000,active,acrylamide,559.630000,Cc1cc(C(=O)N2CCOCC2)[nH]c1/C=C1\C(=O)Nc2ncnc(Nc3ccc4c(ccn4Cc4ccccc4)c3)c21,,1,1
ERBB2__CHEMBL68920,ERBB2,CHEMBL68920,CHEMBL1824,CHEMBL845865,CHEMBL1134862,IC50,=,300.0,nM,6.520000,active,acrylamide,383.814000,Cc1cc(C)c(/C=C2\C(=O)Nc3ncnc(Nc4ccc(F)c(Cl)c4)c32)[nH]1,,1,1
ERBB2__CHEMBL69071,ERBB2,CHEMBL69071,CHEMBL1824,CHEMBL686682,CHEMBL1134862,IC50,=,500.0,nM,6.300000,active,acrylamide,509.973000,Cc1cc(C(=O)N2CC(C)NC(C)C2)[nH]c1/C=C1\C(=O)Nc2ncnc(Nc3ccc(F)c(Cl)c3)c21,,2,1
ERBB2__CHEMBL69358,ERBB2,CHEMBL69358,CHEMBL1824,CHEMBL683802,CHEMBL1134862,IC50,=,200.0,nM,6.700000,active,acrylamide,511.989000,CCN(CC)CCNC(=O)c1cc(C)c(/C=C2\C(=O)Nc3ncnc(Nc4ccc(F)c(Cl)c4)c32)[nH]1,,2,1
ERBB2__CHEMBL69629,ERBB2,CHEMBL69629,CHEMBL1824,CHEMBL683802,CHEMBL1134862,IC50,=,100.0,nM,7.000000,active,acrylamide,525.972000,Cc1cc(C(=O)NCCN2CCOCC2)[nH]c1/C=C1\C(=O)Nc2ncnc(Nc3ccc(F)c(Cl)c3)c21,,1,1
ERBB2__CHEMBL69960,ERBB2,CHEMBL69960,CHEMBL1824,CHEMBL683802,CHEMBL1134862,IC50,=,400.0,nM,6.400000,active,acrylamide,482.903000,Cc1cc(C(=O)N2CCOCC2)[nH]c1/C=C1\C(=O)Nc2ncnc(Nc3ccc(F)c(Cl)c3)c21,,1,1
ERBB2__CHEMBL69966,ERBB2,CHEMBL69966,CHEMBL1824,CHEMBL683802,CHEMBL1134862,IC50,=,40.0,nM,7.400000,active,acrylamide,497.559000,C#Cc1cccc(Nc2ncnc3c2/C(=C/c2[nH]c(C(=O)NCCN4CCOCC4)cc2C)C(=O)N3)c1,,2,1
ERBB2__CHEMBL86326,ERBB2,CHEMBL86326,CHEMBL1824,CHEMBL686676,CHEMBL1131018,IC50,=,16200.0,nM,4.790000,inactive,acrylamide,341.838000,COc1ccc(/C=C2\C(=O)Nc3ccc(Cl)cc32)cc1C(C)(C)C,,1,1
ERBB2__CHEMBL86432,ERBB2,CHEMBL86432,CHEMBL1824,CHEMBL686676,CHEMBL1131018,IC50,=,91400.0,nM,4.040000,inactive,acrylamide,287.409000,CSc1ccc(/C=C2\C(=O)Nc3cccc(C)c32)s1,,1,1
ERBB2__CHEMBL86944,ERBB2,CHEMBL86944,CHEMBL1824,CHEMBL686676,CHEMBL1131018,IC50,=,15200.0,nM,4.820000,inactive,acrylamide,420.734000,COc1c(Br)cc(/C=C2\C(=O)Nc3ccc(Cl)cc32)cc1C(C)(C)C,,1,1
ERBB2__CHEMBL86945,ERBB2,CHEMBL86945,CHEMBL1824,CHEMBL686676,CHEMBL1131018,IC50,=,13200.0,nM,4.880000,inactive,acrylamide,307.393000,COc1ccc(/C=C2\C(=O)Nc3ccccc32)cc1C(C)(C)C,,1,1
ERBB2__CHEMBL87746,ERBB2,CHEMBL87746,CHEMBL1824,CHEMBL686676,CHEMBL1131018,IC50,=,19000.0,nM,4.720000,inactive,acrylamide,386.289000,COc1c(Br)cc(/C=C2\C(=O)Nc3ccccc32)cc1C(C)(C)C,,1,1
ERBB2__CHEMBL89505,ERBB2,CHEMBL89505,CHEMBL1824,CHEMBL686676,CHEMBL1131018,IC50,=,64800.0,nM,4.190000,inactive,acrylamide,349.474000,CC(C)(C)c1cc(/C=C2\C(=O)Nc3ccccc32)cc(C(C)(C)C)c1O,,2,2
ERBB2__CHEMBL90277,ERBB2,CHEMBL90277,CHEMBL1824,CHEMBL686676,CHEMBL1131018,IC50,=,66600.0,nM,4.180000,inactive,acrylamide,320.392000,Cc1cccc2c1/C(=C/c1ccc(N3CCOCC3)cc1)C(=O)N2,,1,1
ERBB2__CHEMBL90595,ERBB2,CHEMBL90595,CHEMBL1824,CHEMBL676070,CHEMBL1134561,IC50,=,73.0,nM,7.140000,active,propiolamide,464.367000,O=C(C#CCN1CCCCC1)Nc1ccc2ncnc(Nc3cccc(Br)c3)c2c1,,1,1
ERBB2__CHEMBL91009,ERBB2,CHEMBL91009,CHEMBL1824,CHEMBL676070,CHEMBL1134561,IC50,=,33.0,nM,7.480000,active,propiolamide,411.259000,COCC#CC(=O)Nc1ccc2ncnc(Nc3cccc(Br)c3)c2c1,,1,1
ERBB2__CHEMBL91748,ERBB2,CHEMBL91748,CHEMBL1824,CHEMBL676070,CHEMBL1134561,IC50,=,25710.0,nM,4.590000,inactive,acrylamide,412.291000,CN(C)/C=C/C(=O)Nc1ccc2ncnc(Nc3cccc(Br)c3)c2c1,,1,1
ERBB2__CHEMBL91811,ERBB2,CHEMBL91811,CHEMBL1824,CHEMBL676070,CHEMBL1134561,IC50,=,113.0,nM,6.950000,active,propiolamide,452.356000,CC(C)N(C)CC#CC(=O)Nc1ccc2ncnc(Nc3cccc(Br)c3)c2c1,,1,1
ERBB2__CHEMBL91867,ERBB2,CHEMBL91867,CHEMBL1824,CHEMBL862513,CHEMBL1138126,IC50,=,17.0,nM,7.770000,active,propiolamide,381.233000,CC#CC(=O)Nc1ccc2ncnc(Nc3cccc(Br)c3)c2c1,,2,2
ERBB2__CHEMBL92086,ERBB2,CHEMBL92086,CHEMBL1824,CHEMBL676070,CHEMBL1134561,IC50,=,15238.0,nM,4.820000,inactive,acrylamide,383.249000,C=C(C)C(=O)Nc1ccc2ncnc(Nc3cccc(Br)c3)c2c1,,1,1
ERBB2__CHEMBL92356,ERBB2,CHEMBL92356,CHEMBL1824,CHEMBL676070,CHEMBL1134561,IC50,=,183.0,nM,6.740000,active,propiolamide,493.409000,CCN1CCN(CC#CC(=O)Nc2ccc3ncnc(Nc4cccc(Br)c4)c3c2)CC1,,1,1
ERBB2__CHEMBL92961,ERBB2,CHEMBL92961,CHEMBL1824,CHEMBL676070,CHEMBL1134561,IC50,=,162.0,nM,6.790000,active,propiolamide,480.410000,CC(C)N(CC#CC(=O)Nc1ccc2ncnc(Nc3cccc(Br)c3)c2c1)C(C)C,,1,1
ERBB2__CHEMBL93049,ERBB2,CHEMBL93049,CHEMBL1824,CHEMBL953992,CHEMBL1150417,IC50,=,9.0,nM,8.050000,active,propiolamide,441.285000,COCOCC#CC(=O)Nc1ccc2ncnc(Nc3cccc(Br)c3)c2c1,,2,2
ERBB2__CHEMBL93386,ERBB2,CHEMBL93386,CHEMBL1824,CHEMBL676070,CHEMBL1134561,IC50,=,53.0,nM,7.280000,active,propiolamide,466.339000,O=C(C#CCN1CCOCC1)Nc1ccc2ncnc(Nc3cccc(Br)c3)c2c1,,1,1
ERBB2__CHEMBL93464,ERBB2,CHEMBL93464,CHEMBL1824,CHEMBL676070,CHEMBL1134561,IC50,=,91325.0,nM,4.040000,inactive,acrylamide,383.249000,C/C=C/C(=O)Nc1ccc2ncnc(Nc3cccc(Br)c3)c2c1,,1,1
ERBB2__CHEMBL93754,ERBB2,CHEMBL93754,CHEMBL1824,CHEMBL676070,CHEMBL1134561,IC50,=,15624.0,nM,4.810000,inactive,acrylamide,449.312000,O=C(/C=C/Cn1cccn1)Nc1ccc2ncnc(Nc3cccc(Br)c3)c2c1,,1,1
ERBB2__CHEMBL93783,ERBB2,CHEMBL93783,CHEMBL1824,CHEMBL676070,CHEMBL1134561,IC50,=,414.0,nM,6.380000,active,acrylamide,456.344000,CN(C/C=C/C(=O)Nc1ccc2ncnc(Nc3cccc(Br)c3)c2c1)CCO,,1,1
ERBB2__CHEMBL93784,ERBB2,CHEMBL93784,CHEMBL1824,CHEMBL676070,CHEMBL1134561,IC50,=,117.0,nM,6.930000,active,propiolamide,494.393000,COCC1CCCN1CC#CC(=O)Nc1ccc2ncnc(Nc3cccc(Br)c3)c2c1,,1,1
ERBB2__CHEMBL94061,ERBB2,CHEMBL94061,CHEMBL1824,CHEMBL676070,CHEMBL1134561,IC50,=,301.0,nM,6.520000,active,acrylamide,426.318000,CN(C)C/C=C/C(=O)Nc1ccc2ncnc(Nc3cccc(Br)c3)c2c1,,1,1
ERBB2__CHEMBL94062,ERBB2,CHEMBL94062,CHEMBL1824,CHEMBL676070,CHEMBL1134561,IC50,=,16.0,nM,7.800000,active,propiolamide,397.232000,O=C(C#CCO)Nc1ccc2ncnc(Nc3cccc(Br)c3)c2c1,,1,1
ERBB2__CHEMBL94066,ERBB2,CHEMBL94066,CHEMBL1824,CHEMBL676070,CHEMBL1134561,IC50,=,458.0,nM,6.340000,active,acrylamide,468.355000,C=C(CN1CCOCC1)C(=O)Nc1ccc2ncnc(Nc3cccc(Br)c3)c2c1,,1,1
