state_id,status
EGFR__CHEMBL113900__state00,success
EGFR__CHEMBL113900__state01,success
EGFR__CHEMBL113900__state02,success
EGFR__CHEMBL113900__state03,success
EGFR__CHEMBL113996__state00,success
EGFR__CHEMBL113996__state01,success
EGFR__CHEMBL113996__state02,success
EGFR__CHEMBL113996__state03,success
EGFR__CHEMBL114073__state00,success
EGFR__CHEMBL114073__state01,success
EGFR__CHEMBL114073__state02,success
EGFR__CHEMBL114073__state03,success
EGFR__CHEMBL114593__state00,success
EGFR__CHEMBL114593__state01,success
EGFR__CHEMBL114593__state02,success
EGFR__CHEMBL114593__state03,success
EGFR__CHEMBL115187__state00,success
EGFR__CHEMBL115187__state01,success
EGFR__CHEMBL115187__state02,success
EGFR__CHEMBL115187__state03,success
EGFR__CHEMBL115440__state00,success
EGFR__CHEMBL115440__state01,success
EGFR__CHEMBL115440__state02,success
EGFR__CHEMBL115440__state03,success
EGFR__CHEMBL115519__state00,success
EGFR__CHEMBL115519__state01,success
EGFR__CHEMBL115519__state02,success
EGFR__CHEMBL115519__state03,success
EGFR__CHEMBL115895__state00,success
EGFR__CHEMBL115895__state01,success
EGFR__CHEMBL115895__state02,success
EGFR__CHEMBL115895__state03,success
EGFR__CHEMBL116012__state00,success
EGFR__CHEMBL116012__state01,success
EGFR__CHEMBL116012__state02,success
EGFR__CHEMBL116012__state03,success
EGFR__CHEMBL1161234__state00,success
EGFR__CHEMBL1161234__state01,success
EGFR__CHEMBL1161234__state02,success
EGFR__CHEMBL1161234__state03,success
EGFR__CHEMBL116525__state00,success
EGFR__CHEMBL116525__state01,success
EGFR__CHEMBL116525__state02,success
EGFR__CHEMBL116525__state03,success
EGFR__CHEMBL116853__state00,success
EGFR__CHEMBL116853__state01,success
EGFR__CHEMBL116853__state02,success
EGFR__CHEMBL116853__state03,success
EGFR__CHEMBL117324__state00,success
EGFR__CHEMBL117324__state01,success
EGFR__CHEMBL117324__state02,success
EGFR__CHEMBL117324__state03,success
EGFR__CHEMBL117326__state00,success
EGFR__CHEMBL117326__state01,success
EGFR__CHEMBL117326__state02,success
EGFR__CHEMBL117326__state03,success
EGFR__CHEMBL118109__state00,success
EGFR__CHEMBL118109__state01,success
EGFR__CHEMBL118109__state02,success
EGFR__CHEMBL118109__state03,success
EGFR__CHEMBL118205__state00,success
EGFR__CHEMBL118205__state01,success
EGFR__CHEMBL118205__state02,success
EGFR__CHEMBL118205__state03,success
EGFR__CHEMBL119156__state00,success
EGFR__CHEMBL119156__state01,success
EGFR__CHEMBL119156__state02,success
EGFR__CHEMBL119156__state03,success
EGFR__CHEMBL119923__state00,success
EGFR__CHEMBL119923__state01,success
EGFR__CHEMBL119923__state02,success
EGFR__CHEMBL119923__state03,success
EGFR__CHEMBL134371__state00,success
EGFR__CHEMBL134371__state01,success
EGFR__CHEMBL134371__state02,success
EGFR__CHEMBL134371__state03,success
EGFR__CHEMBL135142__state00,success
EGFR__CHEMBL135142__state01,success
EGFR__CHEMBL135142__state02,success
EGFR__CHEMBL135142__state03,success
EGFR__CHEMBL136058__state00,success
EGFR__CHEMBL136058__state01,success
EGFR__CHEMBL136058__state02,success
EGFR__CHEMBL136058__state03,success
EGFR__CHEMBL136102__state00,success
EGFR__CHEMBL136102__state01,success
EGFR__CHEMBL136102__state02,success
EGFR__CHEMBL136102__state03,success
EGFR__CHEMBL136178__state00,success
EGFR__CHEMBL136178__state01,success
EGFR__CHEMBL136178__state02,success
EGFR__CHEMBL136178__state03,success
EGFR__CHEMBL136404__state00,success
EGFR__CHEMBL136404__state01,success
EGFR__CHEMBL136404__state02,success
EGFR__CHEMBL136404__state03,success
EGFR__CHEMBL136511__state00,success
EGFR__CHEMBL136511__state01,success
EGFR__CHEMBL136511__state02,success
EGFR__CHEMBL137082__state00,success
EGFR__CHEMBL137082__state01,success
EGFR__CHEMBL137082__state02,success
EGFR__CHEMBL138363__state00,success
EGFR__CHEMBL138363__state01,success
EGFR__CHEMBL138363__state02,success
EGFR__CHEMBL138363__state03,success
EGFR__CHEMBL138691__state00,success
EGFR__CHEMBL138691__state01,success
EGFR__CHEMBL138691__state02,success
EGFR__CHEMBL138940__state00,success
EGFR__CHEMBL138940__state01,success
EGFR__CHEMBL138940__state02,success
EGFR__CHEMBL138940__state03,success
EGFR__CHEMBL139044__state00,success
EGFR__CHEMBL139044__state01,success
EGFR__CHEMBL139044__state02,success
EGFR__CHEMBL139044__state03,success
EGFR__CHEMBL139095__state00,success
EGFR__CHEMBL139095__state01,success
EGFR__CHEMBL139095__state02,success
EGFR__CHEMBL139095__state03,success
EGFR__CHEMBL139307__state00,success
EGFR__CHEMBL139307__state01,success
EGFR__CHEMBL139307__state02,success
EGFR__CHEMBL140561__state00,success
EGFR__CHEMBL140561__state01,success
EGFR__CHEMBL140561__state02,success
EGFR__CHEMBL140561__state03,success
EGFR__CHEMBL141175__state00,success
EGFR__CHEMBL141175__state01,success
EGFR__CHEMBL141175__state02,success
EGFR__CHEMBL141175__state03,success
EGFR__CHEMBL141238__state00,success
EGFR__CHEMBL141238__state01,success
EGFR__CHEMBL141238__state02,success
EGFR__CHEMBL141238__state03,success
EGFR__CHEMBL144159__state00,success
EGFR__CHEMBL144159__state01,success
EGFR__CHEMBL144159__state02,success
EGFR__CHEMBL144159__state03,success
EGFR__CHEMBL144589__state00,success
EGFR__CHEMBL144589__state01,success
EGFR__CHEMBL144589__state02,success
EGFR__CHEMBL144589__state03,success
EGFR__CHEMBL144632__state00,success
EGFR__CHEMBL144632__state01,success
EGFR__CHEMBL144632__state02,success
EGFR__CHEMBL144632__state03,success
EGFR__CHEMBL144770__state00,success
EGFR__CHEMBL144770__state01,success
EGFR__CHEMBL144770__state02,success
EGFR__CHEMBL144770__state03,success
EGFR__CHEMBL144778__state00,success
EGFR__CHEMBL144778__state01,success
EGFR__CHEMBL144778__state02,success
EGFR__CHEMBL144778__state03,success
EGFR__CHEMBL145266__state00,success
EGFR__CHEMBL145266__state01,success
EGFR__CHEMBL145266__state02,success
EGFR__CHEMBL145266__state03,success
EGFR__CHEMBL146694__state00,success
EGFR__CHEMBL146694__state01,success
EGFR__CHEMBL146694__state02,success
EGFR__CHEMBL146694__state03,success
EGFR__CHEMBL147112__state00,success
EGFR__CHEMBL147112__state01,success
EGFR__CHEMBL147112__state02,success
EGFR__CHEMBL147112__state03,success
EGFR__CHEMBL147761__state00,success
EGFR__CHEMBL147761__state01,success
EGFR__CHEMBL147761__state02,success
EGFR__CHEMBL147761__state03,success
EGFR__CHEMBL147880__state00,success
EGFR__CHEMBL147880__state01,success
EGFR__CHEMBL147880__state02,success
EGFR__CHEMBL147880__state03,success
EGFR__CHEMBL148514__state00,success
EGFR__CHEMBL148514__state01,success
EGFR__CHEMBL148514__state02,success
EGFR__CHEMBL148514__state03,success
EGFR__CHEMBL148984__state00,success
EGFR__CHEMBL148984__state01,success
EGFR__CHEMBL148984__state02,success
EGFR__CHEMBL148984__state03,success
EGFR__CHEMBL149201__state00,success
EGFR__CHEMBL149201__state01,success
EGFR__CHEMBL149201__state02,success
EGFR__CHEMBL149201__state03,success
EGFR__CHEMBL150177__state00,success
EGFR__CHEMBL150177__state01,success
EGFR__CHEMBL150177__state02,success
EGFR__CHEMBL150177__state03,success
EGFR__CHEMBL157128__state00,success
EGFR__CHEMBL157128__state01,success
EGFR__CHEMBL157128__state02,success
EGFR__CHEMBL157128__state03,success
EGFR__CHEMBL2112369__state00,success
EGFR__CHEMBL2112369__state01,success
EGFR__CHEMBL2112369__state02,success
EGFR__CHEMBL2112369__state03,success
EGFR__CHEMBL2112370__state00,success
EGFR__CHEMBL2112370__state01,success
EGFR__CHEMBL2112370__state02,success
EGFR__CHEMBL2112370__state03,success
EGFR__CHEMBL263788__state00,success
EGFR__CHEMBL263788__state01,success
EGFR__CHEMBL263788__state02,success
EGFR__CHEMBL263788__state03,success
EGFR__CHEMBL264382__state00,success
EGFR__CHEMBL264382__state01,success
EGFR__CHEMBL264382__state02,success
EGFR__CHEMBL264382__state03,success
EGFR__CHEMBL27685__state00,success
EGFR__CHEMBL27685__state01,success
EGFR__CHEMBL27685__state02,success
EGFR__CHEMBL27685__state03,success
EGFR__CHEMBL27688__state00,success
EGFR__CHEMBL27688__state01,success
EGFR__CHEMBL27688__state02,success
EGFR__CHEMBL27688__state03,success
EGFR__CHEMBL279138__state00,success
EGFR__CHEMBL279138__state01,success
EGFR__CHEMBL279138__state02,success
EGFR__CHEMBL279138__state03,success
EGFR__CHEMBL280757__state00,success
EGFR__CHEMBL280757__state01,success
EGFR__CHEMBL280757__state02,success
EGFR__CHEMBL280757__state03,success
EGFR__CHEMBL281300__state00,success
EGFR__CHEMBL281300__state01,success
EGFR__CHEMBL281300__state02,success
EGFR__CHEMBL281300__state03,success
EGFR__CHEMBL281467__state00,success
EGFR__CHEMBL281467__state01,success
EGFR__CHEMBL281467__state02,success
EGFR__CHEMBL281467__state03,success
EGFR__CHEMBL281543__state00,success
EGFR__CHEMBL281543__state01,success
EGFR__CHEMBL281543__state02,success
EGFR__CHEMBL281543__state03,success
EGFR__CHEMBL283201__state00,success
EGFR__CHEMBL283201__state01,success
EGFR__CHEMBL283201__state02,success
EGFR__CHEMBL283201__state03,success
EGFR__CHEMBL283682__state00,success
EGFR__CHEMBL283682__state01,success
EGFR__CHEMBL283682__state02,success
EGFR__CHEMBL283682__state03,success
EGFR__CHEMBL28418__state00,success
EGFR__CHEMBL28418__state01,success
EGFR__CHEMBL28418__state02,success
EGFR__CHEMBL28418__state03,success
EGFR__CHEMBL284326__state00,success
EGFR__CHEMBL284326__state01,success
EGFR__CHEMBL284326__state02,success
EGFR__CHEMBL284326__state03,success
EGFR__CHEMBL285063__state00,success
EGFR__CHEMBL285063__state01,success
EGFR__CHEMBL285063__state02,success
EGFR__CHEMBL285063__state03,success
EGFR__CHEMBL286343__state00,success
EGFR__CHEMBL286343__state01,success
EGFR__CHEMBL286343__state02,success
EGFR__CHEMBL286343__state03,success
EGFR__CHEMBL290389__state00,success
EGFR__CHEMBL290389__state01,success
EGFR__CHEMBL290389__state02,success
EGFR__CHEMBL290389__state03,success
EGFR__CHEMBL291313__state00,success
EGFR__CHEMBL291313__state01,success
EGFR__CHEMBL291313__state02,success
EGFR__CHEMBL291986__state00,success
EGFR__CHEMBL291986__state01,success
EGFR__CHEMBL291986__state02,success
EGFR__CHEMBL291986__state03,success
EGFR__CHEMBL293749__state00,success
EGFR__CHEMBL293749__state01,success
EGFR__CHEMBL293749__state02,success
EGFR__CHEMBL293749__state03,success
EGFR__CHEMBL296168__state00,success
EGFR__CHEMBL296168__state01,success
EGFR__CHEMBL296168__state02,success
EGFR__CHEMBL296168__state03,success
EGFR__CHEMBL296407__state00,success
EGFR__CHEMBL296407__state01,success
EGFR__CHEMBL296407__state02,success
EGFR__CHEMBL296407__state03,success
EGFR__CHEMBL297968__state00,success
EGFR__CHEMBL297968__state01,success
EGFR__CHEMBL297968__state02,success
EGFR__CHEMBL297968__state03,success
EGFR__CHEMBL302552__state00,success
EGFR__CHEMBL302552__state01,success
EGFR__CHEMBL302552__state02,success
EGFR__CHEMBL302552__state03,success
EGFR__CHEMBL304271__state00,success
EGFR__CHEMBL304271__state01,success
EGFR__CHEMBL304271__state02,success
EGFR__CHEMBL304271__state03,success
EGFR__CHEMBL304971__state00,success
EGFR__CHEMBL304971__state01,success
EGFR__CHEMBL304971__state02,success
EGFR__CHEMBL304971__state03,success
EGFR__CHEMBL305194__state00,success
EGFR__CHEMBL305194__state01,success
EGFR__CHEMBL305194__state02,success
EGFR__CHEMBL305194__state03,success
EGFR__CHEMBL305246__state00,success
EGFR__CHEMBL305246__state01,success
EGFR__CHEMBL305246__state02,success
EGFR__CHEMBL305246__state03,success
EGFR__CHEMBL305782__state00,success
EGFR__CHEMBL305782__state01,success
EGFR__CHEMBL305782__state02,success
EGFR__CHEMBL305782__state03,success
EGFR__CHEMBL308048__state00,success
EGFR__CHEMBL308048__state01,success
EGFR__CHEMBL308048__state02,success
EGFR__CHEMBL308048__state03,success
EGFR__CHEMBL308339__state00,success
EGFR__CHEMBL308339__state01,success
EGFR__CHEMBL308339__state02,success
EGFR__CHEMBL308339__state03,success
EGFR__CHEMBL308645__state00,success
EGFR__CHEMBL308645__state01,success
EGFR__CHEMBL308645__state02,success
EGFR__CHEMBL308645__state03,success
EGFR__CHEMBL308672__state00,success
EGFR__CHEMBL308672__state01,success
EGFR__CHEMBL308672__state02,success
EGFR__CHEMBL308672__state03,success
EGFR__CHEMBL30973__state00,success
EGFR__CHEMBL30973__state01,success
EGFR__CHEMBL30973__state02,success
EGFR__CHEMBL30973__state03,success
EGFR__CHEMBL31276__state00,success
EGFR__CHEMBL31276__state01,success
EGFR__CHEMBL31276__state02,success
EGFR__CHEMBL31276__state03,success
EGFR__CHEMBL31326__state00,success
EGFR__CHEMBL31326__state01,success
EGFR__CHEMBL31326__state02,success
EGFR__CHEMBL31326__state03,success
EGFR__CHEMBL31369__state00,success
EGFR__CHEMBL31369__state01,success
EGFR__CHEMBL31369__state02,success
EGFR__CHEMBL31369__state03,success
EGFR__CHEMBL31373__state00,success
EGFR__CHEMBL31373__state01,success
EGFR__CHEMBL31373__state02,success
EGFR__CHEMBL31373__state03,success
EGFR__CHEMBL314146__state00,success
EGFR__CHEMBL314146__state01,success
EGFR__CHEMBL31419__state00,success
EGFR__CHEMBL31419__state01,success
EGFR__CHEMBL31419__state02,success
EGFR__CHEMBL31419__state03,success
EGFR__CHEMBL31570__state00,success
EGFR__CHEMBL31570__state01,success
EGFR__CHEMBL31570__state02,success
EGFR__CHEMBL31570__state03,success
EGFR__CHEMBL31588__state00,success
EGFR__CHEMBL31588__state01,success
EGFR__CHEMBL31588__state02,success
EGFR__CHEMBL31588__state03,success
EGFR__CHEMBL316127__state00,success
EGFR__CHEMBL316127__state01,success
EGFR__CHEMBL316127__state02,success
EGFR__CHEMBL316127__state03,success
EGFR__CHEMBL31622__state00,success
EGFR__CHEMBL31622__state01,success
EGFR__CHEMBL31622__state02,success
EGFR__CHEMBL31622__state03,success
EGFR__CHEMBL31630__state00,success
EGFR__CHEMBL31630__state01,success
EGFR__CHEMBL31630__state02,success
EGFR__CHEMBL31656__state00,success
EGFR__CHEMBL31656__state01,success
EGFR__CHEMBL31656__state02,success
EGFR__CHEMBL31656__state03,success
EGFR__CHEMBL31815__state00,success
EGFR__CHEMBL31815__state01,success
EGFR__CHEMBL31815__state02,success
EGFR__CHEMBL31815__state03,success
EGFR__CHEMBL31816__state00,success
EGFR__CHEMBL31816__state01,success
EGFR__CHEMBL31816__state02,success
EGFR__CHEMBL31816__state03,success
EGFR__CHEMBL31876__state00,success
EGFR__CHEMBL31876__state01,success
EGFR__CHEMBL31876__state02,success
EGFR__CHEMBL31876__state03,success
EGFR__CHEMBL31965__state00,success
EGFR__CHEMBL31965__state01,success
EGFR__CHEMBL31965__state02,success
EGFR__CHEMBL31965__state03,success
EGFR__CHEMBL32079__state00,success
EGFR__CHEMBL32079__state01,success
EGFR__CHEMBL32079__state02,success
EGFR__CHEMBL32079__state03,success
EGFR__CHEMBL323630__state00,success
EGFR__CHEMBL323630__state01,success
EGFR__CHEMBL323630__state02,success
EGFR__CHEMBL323630__state03,success
EGFR__CHEMBL324030__state00,success
EGFR__CHEMBL324030__state01,success
EGFR__CHEMBL324030__state02,success
EGFR__CHEMBL324030__state03,success
EGFR__CHEMBL324718__state00,success
EGFR__CHEMBL324718__state01,success
EGFR__CHEMBL324718__state02,success
EGFR__CHEMBL324718__state03,success
EGFR__CHEMBL326044__state00,success
EGFR__CHEMBL326044__state01,success
EGFR__CHEMBL326044__state02,success
EGFR__CHEMBL326044__state03,success
EGFR__CHEMBL326100__state00,success
EGFR__CHEMBL326100__state01,success
EGFR__CHEMBL326100__state02,success
EGFR__CHEMBL326100__state03,success
EGFR__CHEMBL326280__state00,success
EGFR__CHEMBL326280__state01,success
EGFR__CHEMBL326280__state02,success
EGFR__CHEMBL326280__state03,success
EGFR__CHEMBL327023__state00,success
EGFR__CHEMBL327023__state01,success
EGFR__CHEMBL327023__state02,success
EGFR__CHEMBL327023__state03,success
EGFR__CHEMBL327838__state00,success
EGFR__CHEMBL327838__state01,success
EGFR__CHEMBL327838__state02,success
EGFR__CHEMBL327838__state03,success
EGFR__CHEMBL328245__state00,success
EGFR__CHEMBL328245__state01,success
EGFR__CHEMBL328245__state02,success
EGFR__CHEMBL328245__state03,success
EGFR__CHEMBL32844__state00,success
EGFR__CHEMBL32844__state01,success
EGFR__CHEMBL32844__state02,success
EGFR__CHEMBL32844__state03,success
EGFR__CHEMBL328704__state00,success
EGFR__CHEMBL328704__state01,success
EGFR__CHEMBL328704__state02,success
EGFR__CHEMBL328704__state03,success
EGFR__CHEMBL328977__state00,success
EGFR__CHEMBL328977__state01,success
EGFR__CHEMBL328977__state02,success
EGFR__CHEMBL328977__state03,success
EGFR__CHEMBL329642__state00,success
EGFR__CHEMBL329642__state01,success
EGFR__CHEMBL329642__state02,success
EGFR__CHEMBL329642__state03,success
EGFR__CHEMBL329856__state00,success
EGFR__CHEMBL329856__state01,success
EGFR__CHEMBL329856__state02,success
EGFR__CHEMBL329856__state03,success
EGFR__CHEMBL331026__state00,success
EGFR__CHEMBL331026__state01,success
EGFR__CHEMBL331026__state02,success
EGFR__CHEMBL331026__state03,success
EGFR__CHEMBL333454__state00,success
EGFR__CHEMBL333454__state01,success
EGFR__CHEMBL333454__state02,success
EGFR__CHEMBL333454__state03,success
EGFR__CHEMBL334697__state00,success
EGFR__CHEMBL334697__state01,success
EGFR__CHEMBL334697__state02,success
EGFR__CHEMBL334801__state00,success
EGFR__CHEMBL334801__state01,success
EGFR__CHEMBL334801__state02,success
EGFR__CHEMBL334801__state03,success
EGFR__CHEMBL342828__state00,success
EGFR__CHEMBL342828__state01,success
EGFR__CHEMBL342828__state02,success
EGFR__CHEMBL342828__state03,success
EGFR__CHEMBL343722__state00,success
EGFR__CHEMBL343722__state01,success
EGFR__CHEMBL343722__state02,success
EGFR__CHEMBL343722__state03,success
EGFR__CHEMBL343875__state00,success
EGFR__CHEMBL343875__state01,success
EGFR__CHEMBL343875__state02,success
EGFR__CHEMBL343875__state03,success
EGFR__CHEMBL344177__state00,success
EGFR__CHEMBL344177__state01,success
EGFR__CHEMBL344177__state02,success
EGFR__CHEMBL344177__state03,success
EGFR__CHEMBL344486__state00,success
EGFR__CHEMBL344486__state01,success
EGFR__CHEMBL344486__state02,success
EGFR__CHEMBL344486__state03,success
EGFR__CHEMBL345109__state00,success
EGFR__CHEMBL345109__state01,success
EGFR__CHEMBL345109__state02,success
EGFR__CHEMBL345109__state03,success
EGFR__CHEMBL347074__state00,success
EGFR__CHEMBL347074__state01,success
EGFR__CHEMBL347074__state02,success
EGFR__CHEMBL347074__state03,success
EGFR__CHEMBL357161__state00,success
EGFR__CHEMBL357161__state01,success
EGFR__CHEMBL357161__state02,success
EGFR__CHEMBL357161__state03,success
EGFR__CHEMBL357400__state00,success
EGFR__CHEMBL357400__state01,success
EGFR__CHEMBL357400__state02,success
EGFR__CHEMBL357400__state03,success
EGFR__CHEMBL358494__state00,success
EGFR__CHEMBL358494__state01,success
EGFR__CHEMBL358494__state02,success
EGFR__CHEMBL358494__state03,success
EGFR__CHEMBL358728__state00,success
EGFR__CHEMBL358728__state01,success
EGFR__CHEMBL358728__state02,success
EGFR__CHEMBL358728__state03,success
EGFR__CHEMBL414220__state00,success
EGFR__CHEMBL414220__state01,success
EGFR__CHEMBL414220__state02,success
EGFR__CHEMBL414220__state03,success
EGFR__CHEMBL414631__state00,success
EGFR__CHEMBL414631__state01,success
EGFR__CHEMBL414631__state02,success
EGFR__CHEMBL414631__state03,success
EGFR__CHEMBL417478__state00,success
EGFR__CHEMBL417478__state01,success
EGFR__CHEMBL417478__state02,success
EGFR__CHEMBL417478__state03,success
EGFR__CHEMBL417941__state00,success
EGFR__CHEMBL417941__state01,success
EGFR__CHEMBL417941__state02,success
EGFR__CHEMBL417941__state03,success
EGFR__CHEMBL419501__state00,success
EGFR__CHEMBL419501__state01,success
EGFR__CHEMBL419501__state02,success
EGFR__CHEMBL419501__state03,success
EGFR__CHEMBL422292__state00,success
EGFR__CHEMBL422292__state01,success
EGFR__CHEMBL422292__state02,success
EGFR__CHEMBL422292__state03,success
EGFR__CHEMBL424302__state00,success
EGFR__CHEMBL424302__state01,success
EGFR__CHEMBL424302__state02,success
EGFR__CHEMBL424302__state03,success
EGFR__CHEMBL424625__state00,success
EGFR__CHEMBL424625__state01,success
EGFR__CHEMBL424625__state02,success
EGFR__CHEMBL424625__state03,success
EGFR__CHEMBL430571__state00,success
EGFR__CHEMBL430571__state01,success
EGFR__CHEMBL430571__state02,success
EGFR__CHEMBL430571__state03,success
EGFR__CHEMBL431996__state00,success
EGFR__CHEMBL431996__state01,success
EGFR__CHEMBL431996__state02,success
EGFR__CHEMBL431996__state03,success
EGFR__CHEMBL432428__state00,success
EGFR__CHEMBL432428__state01,success
EGFR__CHEMBL432428__state02,success
EGFR__CHEMBL432428__state03,success
EGFR__CHEMBL432903__state00,success
EGFR__CHEMBL432903__state01,success
EGFR__CHEMBL432903__state02,success
EGFR__CHEMBL432903__state03,success
EGFR__CHEMBL434827__state00,success
EGFR__CHEMBL434827__state01,success
EGFR__CHEMBL434827__state02,success
EGFR__CHEMBL434827__state03,success
EGFR__CHEMBL434828__state00,success
EGFR__CHEMBL434828__state01,success
EGFR__CHEMBL434828__state02,success
EGFR__CHEMBL434828__state03,success
EGFR__CHEMBL441279__state00,success
EGFR__CHEMBL441279__state01,success
EGFR__CHEMBL441279__state02,success
EGFR__CHEMBL441279__state03,success
EGFR__CHEMBL442754__state00,success
EGFR__CHEMBL442754__state01,success
EGFR__CHEMBL442754__state02,success
EGFR__CHEMBL442754__state03,success
EGFR__CHEMBL443523__state00,success
EGFR__CHEMBL443523__state01,success
EGFR__CHEMBL443523__state02,success
EGFR__CHEMBL443523__state03,success
EGFR__CHEMBL450622__state00,success
EGFR__CHEMBL450622__state01,success
EGFR__CHEMBL450622__state02,success
EGFR__CHEMBL450622__state03,success
EGFR__CHEMBL48760__state00,success
EGFR__CHEMBL48760__state01,success
EGFR__CHEMBL49986__state00,success
EGFR__CHEMBL49986__state01,success
EGFR__CHEMBL49986__state02,success
EGFR__CHEMBL49986__state03,success
EGFR__CHEMBL51659__state00,success
EGFR__CHEMBL51659__state01,success
EGFR__CHEMBL51659__state02,success
EGFR__CHEMBL51659__state03,success
EGFR__CHEMBL51741__state00,success
EGFR__CHEMBL51741__state01,success
EGFR__CHEMBL52913__state00,success
EGFR__CHEMBL52913__state01,success
EGFR__CHEMBL52913__state02,success
EGFR__CHEMBL52913__state03,success
EGFR__CHEMBL53203__state00,success
EGFR__CHEMBL53203__state01,success
EGFR__CHEMBL53203__state02,success
EGFR__CHEMBL53203__state03,success
EGFR__CHEMBL53555__state00,success
EGFR__CHEMBL53555__state01,success
EGFR__CHEMBL53555__state02,success
EGFR__CHEMBL53555__state03,success
EGFR__CHEMBL53637__state00,success
EGFR__CHEMBL53637__state01,success
EGFR__CHEMBL53637__state02,success
EGFR__CHEMBL53637__state03,success
EGFR__CHEMBL53665__state00,success
EGFR__CHEMBL53665__state01,success
EGFR__CHEMBL53665__state02,success
EGFR__CHEMBL53665__state03,success
EGFR__CHEMBL53690__state00,success
EGFR__CHEMBL53690__state01,success
EGFR__CHEMBL53690__state02,success
EGFR__CHEMBL53690__state03,success
EGFR__CHEMBL53898__state00,success
EGFR__CHEMBL53898__state01,success
EGFR__CHEMBL53898__state02,success
EGFR__CHEMBL53898__state03,success
EGFR__CHEMBL54088__state00,success
EGFR__CHEMBL54088__state01,success
EGFR__CHEMBL54088__state02,success
EGFR__CHEMBL54088__state03,success
EGFR__CHEMBL54091__state00,success
EGFR__CHEMBL54091__state01,success
EGFR__CHEMBL54091__state02,success
EGFR__CHEMBL54091__state03,success
EGFR__CHEMBL545315__state00,failed
EGFR__CHEMBL545315__state01,failed
EGFR__CHEMBL545315__state02,failed
EGFR__CHEMBL545315__state03,failed
EGFR__CHEMBL55360__state00,success
EGFR__CHEMBL55360__state01,success
EGFR__CHEMBL55360__state02,success
EGFR__CHEMBL55360__state03,success
EGFR__CHEMBL55748__state00,success
EGFR__CHEMBL55748__state01,success
EGFR__CHEMBL55748__state02,success
EGFR__CHEMBL55748__state03,success
EGFR__CHEMBL55979__state00,success
EGFR__CHEMBL55979__state01,success
EGFR__CHEMBL55979__state02,success
EGFR__CHEMBL55979__state03,success
EGFR__CHEMBL56201__state00,success
EGFR__CHEMBL56201__state01,success
EGFR__CHEMBL56219__state00,success
EGFR__CHEMBL56219__state01,success
EGFR__CHEMBL56219__state02,success
EGFR__CHEMBL56219__state03,success
EGFR__CHEMBL56319__state00,success
EGFR__CHEMBL56319__state01,success
EGFR__CHEMBL56319__state02,success
EGFR__CHEMBL56319__state03,success
EGFR__CHEMBL56542__state00,success
EGFR__CHEMBL56542__state01,success
EGFR__CHEMBL56542__state02,success
EGFR__CHEMBL56542__state03,success
EGFR__CHEMBL56543__state00,success
EGFR__CHEMBL56543__state01,success
EGFR__CHEMBL56543__state02,success
EGFR__CHEMBL56543__state03,success
EGFR__CHEMBL56731__state00,success
EGFR__CHEMBL56731__state01,success
EGFR__CHEMBL56731__state02,success
EGFR__CHEMBL56731__state03,success
EGFR__CHEMBL56964__state00,success
EGFR__CHEMBL56964__state01,success
EGFR__CHEMBL56964__state02,success
EGFR__CHEMBL56964__state03,success
EGFR__CHEMBL57251__state00,success
EGFR__CHEMBL57251__state01,success
EGFR__CHEMBL57251__state02,success
EGFR__CHEMBL57251__state03,success
EGFR__CHEMBL607707__state00,success
EGFR__CHEMBL607707__state01,success
EGFR__CHEMBL607707__state02,success
EGFR__CHEMBL607707__state03,success
EGFR__CHEMBL66570__state00,success
EGFR__CHEMBL66570__state01,success
EGFR__CHEMBL66570__state02,success
EGFR__CHEMBL66570__state03,success
EGFR__CHEMBL67003__state00,success
EGFR__CHEMBL67003__state01,success
EGFR__CHEMBL67003__state02,success
EGFR__CHEMBL67003__state03,success
EGFR__CHEMBL67057__state00,success
EGFR__CHEMBL67057__state01,success
EGFR__CHEMBL67057__state02,success
EGFR__CHEMBL67057__state03,success
EGFR__CHEMBL67535__state00,success
EGFR__CHEMBL67535__state01,success
EGFR__CHEMBL67535__state02,success
EGFR__CHEMBL67535__state03,success
EGFR__CHEMBL68920__state00,success
EGFR__CHEMBL68920__state01,success
EGFR__CHEMBL68920__state02,success
EGFR__CHEMBL68920__state03,success
EGFR__CHEMBL69071__state00,success
EGFR__CHEMBL69071__state01,success
EGFR__CHEMBL69071__state02,success
EGFR__CHEMBL69071__state03,success
EGFR__CHEMBL69358__state00,success
EGFR__CHEMBL69358__state01,success
EGFR__CHEMBL69358__state02,success
EGFR__CHEMBL69358__state03,success
EGFR__CHEMBL69629__state00,success
EGFR__CHEMBL69629__state01,success
EGFR__CHEMBL69629__state02,success
EGFR__CHEMBL69629__state03,success
EGFR__CHEMBL69960__state00,success
EGFR__CHEMBL69960__state01,success
EGFR__CHEMBL69960__state02,success
EGFR__CHEMBL69960__state03,success
EGFR__CHEMBL69964__state00,success
EGFR__CHEMBL69964__state01,success
EGFR__CHEMBL69964__state02,success
EGFR__CHEMBL69964__state03,success
EGFR__CHEMBL69966__state00,success
EGFR__CHEMBL69966__state01,success
EGFR__CHEMBL69966__state02,success
EGFR__CHEMBL69966__state03,success
EGFR__CHEMBL76557__state00,success
EGFR__CHEMBL76557__state01,success
EGFR__CHEMBL76557__state02,success
EGFR__CHEMBL76557__state03,success
EGFR__CHEMBL77243__state00,success
EGFR__CHEMBL77243__state01,success
EGFR__CHEMBL77243__state02,success
EGFR__CHEMBL77243__state03,success
EGFR__CHEMBL85021__state00,success
EGFR__CHEMBL85021__state01,success
EGFR__CHEMBL85021__state02,success
EGFR__CHEMBL85021__state03,success
EGFR__CHEMBL86326__state00,success
EGFR__CHEMBL86326__state01,success
EGFR__CHEMBL86326__state02,success
EGFR__CHEMBL86326__state03,success
EGFR__CHEMBL86531__state00,success
EGFR__CHEMBL86531__state01,success
EGFR__CHEMBL86531__state02,success
EGFR__CHEMBL86531__state03,success
EGFR__CHEMBL87746__state00,success
EGFR__CHEMBL87746__state01,success
EGFR__CHEMBL90595__state00,success
EGFR__CHEMBL90595__state01,success
EGFR__CHEMBL90595__state02,success
EGFR__CHEMBL90595__state03,success
EGFR__CHEMBL91009__state00,success
EGFR__CHEMBL91009__state01,success
EGFR__CHEMBL91009__state02,success
EGFR__CHEMBL91009__state03,success
EGFR__CHEMBL91748__state00,success
EGFR__CHEMBL91748__state01,success
EGFR__CHEMBL91748__state02,success
EGFR__CHEMBL91748__state03,success
EGFR__CHEMBL91811__state00,success
EGFR__CHEMBL91811__state01,success
EGFR__CHEMBL91811__state02,success
EGFR__CHEMBL91811__state03,success
EGFR__CHEMBL91867__state00,success
EGFR__CHEMBL91867__state01,success
EGFR__CHEMBL91867__state02,success
EGFR__CHEMBL91867__state03,success
EGFR__CHEMBL91925__state00,success
EGFR__CHEMBL91925__state01,success
EGFR__CHEMBL91925__state02,success
EGFR__CHEMBL91925__state03,success
EGFR__CHEMBL92086__state00,success
EGFR__CHEMBL92086__state01,success
EGFR__CHEMBL92086__state02,success
EGFR__CHEMBL92086__state03,success
EGFR__CHEMBL92356__state00,success
EGFR__CHEMBL92356__state01,success
EGFR__CHEMBL92356__state02,success
EGFR__CHEMBL92356__state03,success
EGFR__CHEMBL92731__state00,success
EGFR__CHEMBL92731__state01,success
EGFR__CHEMBL92731__state02,success
EGFR__CHEMBL92731__state03,success
EGFR__CHEMBL92902__state00,success
EGFR__CHEMBL92902__state01,success
EGFR__CHEMBL92902__state02,success
EGFR__CHEMBL92902__state03,success
EGFR__CHEMBL92961__state00,success
EGFR__CHEMBL92961__state01,success
EGFR__CHEMBL92961__state02,success
EGFR__CHEMBL92961__state03,success
EGFR__CHEMBL93049__state00,success
EGFR__CHEMBL93049__state01,success
EGFR__CHEMBL93049__state02,success
EGFR__CHEMBL93049__state03,success
EGFR__CHEMBL93386__state00,success
EGFR__CHEMBL93386__state01,success
EGFR__CHEMBL93386__state02,success
EGFR__CHEMBL93386__state03,success
EGFR__CHEMBL93464__state00,success
EGFR__CHEMBL93464__state01,success
EGFR__CHEMBL93464__state02,success
EGFR__CHEMBL93464__state03,success
EGFR__CHEMBL93537__state00,success
EGFR__CHEMBL93537__state01,success
EGFR__CHEMBL93537__state02,success
EGFR__CHEMBL93537__state03,success
EGFR__CHEMBL93783__state00,success
EGFR__CHEMBL93783__state01,success
EGFR__CHEMBL93783__state02,success
EGFR__CHEMBL93783__state03,success
EGFR__CHEMBL93784__state00,success
EGFR__CHEMBL93784__state01,success
EGFR__CHEMBL93784__state02,success
EGFR__CHEMBL93784__state03,success
EGFR__CHEMBL94061__state00,success
EGFR__CHEMBL94061__state01,success
EGFR__CHEMBL94061__state02,success
EGFR__CHEMBL94061__state03,success
EGFR__CHEMBL94062__state00,success
EGFR__CHEMBL94062__state01,success
EGFR__CHEMBL94062__state02,success
EGFR__CHEMBL94062__state03,success
EGFR__CHEMBL94066__state00,success
EGFR__CHEMBL94066__state01,success
EGFR__CHEMBL94066__state02,success
EGFR__CHEMBL94066__state03,success
EGFR__CHEMBL94068__state00,success
EGFR__CHEMBL94068__state01,success
EGFR__CHEMBL94068__state02,success
EGFR__CHEMBL94068__state03,success
EGFR__CHEMBL94109__state00,success
EGFR__CHEMBL94109__state01,success
EGFR__CHEMBL94109__state02,success
EGFR__CHEMBL94109__state03,success
EGFR__CHEMBL94123__state00,success
EGFR__CHEMBL94123__state01,success
EGFR__CHEMBL94123__state02,success
EGFR__CHEMBL94123__state03,success
EGFR__CHEMBL95774__state00,success
EGFR__CHEMBL95774__state01,success
EGFR__CHEMBL95774__state02,success
EGFR__CHEMBL95774__state03,success
ERBB2__CHEMBL109480__state00,success
ERBB2__CHEMBL109480__state01,success
ERBB2__CHEMBL109480__state02,success
ERBB2__CHEMBL109480__state03,success
ERBB2__CHEMBL113900__state00,success
ERBB2__CHEMBL113900__state01,success
ERBB2__CHEMBL113900__state02,success
ERBB2__CHEMBL113900__state03,success
ERBB2__CHEMBL113901__state00,success
ERBB2__CHEMBL113901__state01,success
ERBB2__CHEMBL113901__state02,success
ERBB2__CHEMBL113901__state03,success
ERBB2__CHEMBL113902__state00,success
ERBB2__CHEMBL113902__state01,success
ERBB2__CHEMBL113902__state02,success
ERBB2__CHEMBL113902__state03,success
ERBB2__CHEMBL113985__state00,success
ERBB2__CHEMBL113985__state01,success
ERBB2__CHEMBL113985__state02,success
ERBB2__CHEMBL113985__state03,success
ERBB2__CHEMBL113996__state00,success
ERBB2__CHEMBL113996__state01,success
ERBB2__CHEMBL113996__state02,success
ERBB2__CHEMBL113996__state03,success
ERBB2__CHEMBL114073__state00,success
ERBB2__CHEMBL114073__state01,success
ERBB2__CHEMBL114073__state02,success
ERBB2__CHEMBL114073__state03,success
ERBB2__CHEMBL114593__state00,success
ERBB2__CHEMBL114593__state01,success
ERBB2__CHEMBL114593__state02,success
ERBB2__CHEMBL114593__state03,success
ERBB2__CHEMBL115187__state00,success
ERBB2__CHEMBL115187__state01,success
ERBB2__CHEMBL115187__state02,success
ERBB2__CHEMBL115187__state03,success
ERBB2__CHEMBL115440__state00,success
ERBB2__CHEMBL115440__state01,success
ERBB2__CHEMBL115440__state02,success
ERBB2__CHEMBL115440__state03,success
ERBB2__CHEMBL115519__state00,success
ERBB2__CHEMBL115519__state01,success
ERBB2__CHEMBL115519__state02,success
ERBB2__CHEMBL115519__state03,success
ERBB2__CHEMBL116012__state00,success
ERBB2__CHEMBL116012__state01,success
ERBB2__CHEMBL116012__state02,success
ERBB2__CHEMBL116012__state03,success
ERBB2__CHEMBL1161234__state00,success
ERBB2__CHEMBL1161234__state01,success
ERBB2__CHEMBL1161234__state02,success
ERBB2__CHEMBL1161234__state03,success
ERBB2__CHEMBL1161235__state00,success
ERBB2__CHEMBL1161235__state01,success
ERBB2__CHEMBL1161235__state02,success
ERBB2__CHEMBL1161235__state03,success
ERBB2__CHEMBL116595__state00,success
ERBB2__CHEMBL116595__state01,success
ERBB2__CHEMBL116595__state02,success
ERBB2__CHEMBL116595__state03,success
ERBB2__CHEMBL116853__state00,success
ERBB2__CHEMBL116853__state01,success
ERBB2__CHEMBL116853__state02,success
ERBB2__CHEMBL116853__state03,success
ERBB2__CHEMBL1173655__state00,success
ERBB2__CHEMBL1173655__state01,success
ERBB2__CHEMBL1173655__state02,success
ERBB2__CHEMBL1173655__state03,success
ERBB2__CHEMBL118109__state00,success
ERBB2__CHEMBL118109__state01,success
ERBB2__CHEMBL118109__state02,success
ERBB2__CHEMBL118109__state03,success
ERBB2__CHEMBL119156__state00,success
ERBB2__CHEMBL119156__state01,success
ERBB2__CHEMBL119156__state02,success
ERBB2__CHEMBL119156__state03,success
ERBB2__CHEMBL119987__state00,success
ERBB2__CHEMBL119987__state01,success
ERBB2__CHEMBL119987__state02,success
ERBB2__CHEMBL119987__state03,success
ERBB2__CHEMBL136058__state00,success
ERBB2__CHEMBL136058__state01,success
ERBB2__CHEMBL136058__state02,success
ERBB2__CHEMBL136058__state03,success
ERBB2__CHEMBL138940__state00,success
ERBB2__CHEMBL138940__state01,success
ERBB2__CHEMBL138940__state02,success
ERBB2__CHEMBL138940__state03,success
ERBB2__CHEMBL140561__state00,success
ERBB2__CHEMBL140561__state01,success
ERBB2__CHEMBL140561__state02,success
ERBB2__CHEMBL140561__state03,success
ERBB2__CHEMBL141238__state00,success
ERBB2__CHEMBL141238__state01,success
ERBB2__CHEMBL141238__state02,success
ERBB2__CHEMBL141238__state03,success
ERBB2__CHEMBL153763__state00,success
ERBB2__CHEMBL153763__state01,success
ERBB2__CHEMBL153763__state02,success
ERBB2__CHEMBL153763__state03,success
ERBB2__CHEMBL1630107__state00,success
ERBB2__CHEMBL1630107__state01,success
ERBB2__CHEMBL1630107__state02,success
ERBB2__CHEMBL1630107__state03,success
ERBB2__CHEMBL1630108__state00,success
ERBB2__CHEMBL1630108__state01,success
ERBB2__CHEMBL1630108__state02,success
ERBB2__CHEMBL1630108__state03,success
ERBB2__CHEMBL1630109__state00,success
ERBB2__CHEMBL1630109__state01,success
ERBB2__CHEMBL1630109__state02,success
ERBB2__CHEMBL1630109__state03,success
ERBB2__CHEMBL1630110__state00,success
ERBB2__CHEMBL1630110__state01,success
ERBB2__CHEMBL1630110__state02,success
ERBB2__CHEMBL1630110__state03,success
ERBB2__CHEMBL1630113__state00,success
ERBB2__CHEMBL1630113__state01,success
ERBB2__CHEMBL1630113__state02,success
ERBB2__CHEMBL1630113__state03,success
ERBB2__CHEMBL1630114__state00,success
ERBB2__CHEMBL1630114__state01,success
ERBB2__CHEMBL1630114__state02,success
ERBB2__CHEMBL1630114__state03,success
ERBB2__CHEMBL1630115__state00,success
ERBB2__CHEMBL1630115__state01,success
ERBB2__CHEMBL1630115__state02,success
ERBB2__CHEMBL1630115__state03,success
ERBB2__CHEMBL1683963__state00,success
ERBB2__CHEMBL1683963__state01,success
ERBB2__CHEMBL1683963__state02,success
ERBB2__CHEMBL1683963__state03,success
ERBB2__CHEMBL1683965__state00,success
ERBB2__CHEMBL1683965__state01,success
ERBB2__CHEMBL1683965__state02,success
ERBB2__CHEMBL1683965__state03,success
ERBB2__CHEMBL1683966__state00,success
ERBB2__CHEMBL1683966__state01,success
ERBB2__CHEMBL1683966__state02,success
ERBB2__CHEMBL1683966__state03,success
ERBB2__CHEMBL1683967__state00,success
ERBB2__CHEMBL1683967__state01,success
ERBB2__CHEMBL1683967__state02,success
ERBB2__CHEMBL1683967__state03,success
ERBB2__CHEMBL1683968__state00,success
ERBB2__CHEMBL1683968__state01,success
ERBB2__CHEMBL1683968__state02,success
ERBB2__CHEMBL1683968__state03,success
ERBB2__CHEMBL1683969__state00,success
ERBB2__CHEMBL1683969__state01,success
ERBB2__CHEMBL1683969__state02,success
ERBB2__CHEMBL1683969__state03,success
ERBB2__CHEMBL175492__state00,success
ERBB2__CHEMBL175492__state01,success
ERBB2__CHEMBL175492__state02,success
ERBB2__CHEMBL175492__state03,success
ERBB2__CHEMBL175513__state00,success
ERBB2__CHEMBL175513__state01,success
ERBB2__CHEMBL175513__state02,success
ERBB2__CHEMBL175513__state03,success
ERBB2__CHEMBL175556__state00,success
ERBB2__CHEMBL175556__state01,success
ERBB2__CHEMBL175556__state02,success
ERBB2__CHEMBL175556__state03,success
ERBB2__CHEMBL175557__state00,success
ERBB2__CHEMBL175557__state01,success
ERBB2__CHEMBL175557__state02,success
ERBB2__CHEMBL175557__state03,success
ERBB2__CHEMBL175558__state00,success
ERBB2__CHEMBL175558__state01,success
ERBB2__CHEMBL175558__state02,success
ERBB2__CHEMBL175558__state03,success
ERBB2__CHEMBL175840__state00,success
ERBB2__CHEMBL175840__state01,success
ERBB2__CHEMBL175840__state02,success
ERBB2__CHEMBL175840__state03,success
ERBB2__CHEMBL175933__state00,success
ERBB2__CHEMBL175933__state01,success
ERBB2__CHEMBL175933__state02,success
ERBB2__CHEMBL175933__state03,success
ERBB2__CHEMBL176199__state00,success
ERBB2__CHEMBL176199__state01,success
ERBB2__CHEMBL176199__state02,success
ERBB2__CHEMBL176199__state03,success
ERBB2__CHEMBL178144__state00,success
ERBB2__CHEMBL178144__state01,success
ERBB2__CHEMBL178144__state02,success
ERBB2__CHEMBL178144__state03,success
ERBB2__CHEMBL178199__state00,success
ERBB2__CHEMBL178199__state01,success
ERBB2__CHEMBL178199__state02,success
ERBB2__CHEMBL178199__state03,success
ERBB2__CHEMBL178290__state00,success
ERBB2__CHEMBL178290__state01,success
ERBB2__CHEMBL178290__state02,success
ERBB2__CHEMBL178290__state03,success
ERBB2__CHEMBL178312__state00,success
ERBB2__CHEMBL178312__state01,success
ERBB2__CHEMBL178312__state02,success
ERBB2__CHEMBL178312__state03,success
ERBB2__CHEMBL178573__state00,success
ERBB2__CHEMBL178573__state01,success
ERBB2__CHEMBL178573__state02,success
ERBB2__CHEMBL178573__state03,success
ERBB2__CHEMBL178654__state00,success
ERBB2__CHEMBL178654__state01,success
ERBB2__CHEMBL178654__state02,success
ERBB2__CHEMBL178654__state03,success
ERBB2__CHEMBL178958__state00,success
ERBB2__CHEMBL178958__state01,success
ERBB2__CHEMBL178958__state02,success
ERBB2__CHEMBL178958__state03,success
ERBB2__CHEMBL179052__state00,success
ERBB2__CHEMBL179052__state01,success
ERBB2__CHEMBL179052__state02,success
ERBB2__CHEMBL179052__state03,success
ERBB2__CHEMBL179123__state00,success
ERBB2__CHEMBL179123__state01,success
ERBB2__CHEMBL179123__state02,success
ERBB2__CHEMBL179123__state03,success
ERBB2__CHEMBL179164__state00,success
ERBB2__CHEMBL179164__state01,success
ERBB2__CHEMBL179164__state02,success
ERBB2__CHEMBL179164__state03,success
ERBB2__CHEMBL179310__state00,success
ERBB2__CHEMBL179310__state01,success
ERBB2__CHEMBL179310__state02,success
ERBB2__CHEMBL179310__state03,success
ERBB2__CHEMBL179313__state00,success
ERBB2__CHEMBL179313__state01,success
ERBB2__CHEMBL179313__state02,success
ERBB2__CHEMBL179313__state03,success
ERBB2__CHEMBL179363__state00,success
ERBB2__CHEMBL179363__state01,success
ERBB2__CHEMBL179363__state02,success
ERBB2__CHEMBL179363__state03,success
ERBB2__CHEMBL179458__state00,success
ERBB2__CHEMBL179458__state01,success
ERBB2__CHEMBL179458__state02,success
ERBB2__CHEMBL179458__state03,success
ERBB2__CHEMBL179521__state00,success
ERBB2__CHEMBL179521__state01,success
ERBB2__CHEMBL179521__state02,success
ERBB2__CHEMBL179521__state03,success
ERBB2__CHEMBL179527__state00,success
ERBB2__CHEMBL179527__state01,success
ERBB2__CHEMBL179527__state02,success
ERBB2__CHEMBL179527__state03,success
ERBB2__CHEMBL179572__state00,success
ERBB2__CHEMBL179572__state01,success
ERBB2__CHEMBL179572__state02,success
ERBB2__CHEMBL179572__state03,success
ERBB2__CHEMBL179577__state00,success
ERBB2__CHEMBL179577__state01,success
ERBB2__CHEMBL179577__state02,success
ERBB2__CHEMBL179577__state03,success
ERBB2__CHEMBL179607__state00,success
ERBB2__CHEMBL179607__state01,success
ERBB2__CHEMBL179607__state02,success
ERBB2__CHEMBL179607__state03,success
ERBB2__CHEMBL179652__state00,success
ERBB2__CHEMBL179652__state01,success
ERBB2__CHEMBL179652__state02,success
ERBB2__CHEMBL179652__state03,success
ERBB2__CHEMBL179659__state00,success
ERBB2__CHEMBL179659__state01,success
ERBB2__CHEMBL179659__state02,success
ERBB2__CHEMBL179659__state03,success
ERBB2__CHEMBL179726__state00,success
ERBB2__CHEMBL179726__state01,success
ERBB2__CHEMBL179726__state02,success
ERBB2__CHEMBL179726__state03,success
ERBB2__CHEMBL179766__state00,success
ERBB2__CHEMBL179766__state01,success
ERBB2__CHEMBL179766__state02,success
ERBB2__CHEMBL179766__state03,success
ERBB2__CHEMBL179923__state00,success
ERBB2__CHEMBL179923__state01,success
ERBB2__CHEMBL179923__state02,success
ERBB2__CHEMBL179923__state03,success
ERBB2__CHEMBL179969__state00,success
ERBB2__CHEMBL179969__state01,success
ERBB2__CHEMBL180018__state00,success
ERBB2__CHEMBL180018__state01,success
ERBB2__CHEMBL180018__state02,success
ERBB2__CHEMBL180018__state03,success
ERBB2__CHEMBL180022__state00,success
ERBB2__CHEMBL180022__state01,success
ERBB2__CHEMBL180022__state02,success
ERBB2__CHEMBL180022__state03,success
ERBB2__CHEMBL180175__state00,success
ERBB2__CHEMBL180175__state01,success
ERBB2__CHEMBL180175__state02,success
ERBB2__CHEMBL180175__state03,success
ERBB2__CHEMBL180227__state00,success
ERBB2__CHEMBL180227__state01,success
ERBB2__CHEMBL180227__state02,success
ERBB2__CHEMBL180227__state03,success
ERBB2__CHEMBL180415__state00,success
ERBB2__CHEMBL180415__state01,success
ERBB2__CHEMBL180415__state02,success
ERBB2__CHEMBL180415__state03,success
ERBB2__CHEMBL180516__state00,success
ERBB2__CHEMBL180516__state01,success
ERBB2__CHEMBL180516__state02,success
ERBB2__CHEMBL180516__state03,success
ERBB2__CHEMBL190094__state00,success
ERBB2__CHEMBL190094__state01,success
ERBB2__CHEMBL190094__state02,success
ERBB2__CHEMBL190094__state03,success
ERBB2__CHEMBL201511__state00,success
ERBB2__CHEMBL201511__state01,success
ERBB2__CHEMBL201511__state02,success
ERBB2__CHEMBL201511__state03,success
ERBB2__CHEMBL202360__state00,success
ERBB2__CHEMBL202360__state01,success
ERBB2__CHEMBL202360__state02,success
ERBB2__CHEMBL202360__state03,success
ERBB2__CHEMBL202398__state00,success
ERBB2__CHEMBL202398__state01,success
ERBB2__CHEMBL202398__state02,success
ERBB2__CHEMBL202398__state03,success
ERBB2__CHEMBL202411__state00,success
ERBB2__CHEMBL202411__state01,success
ERBB2__CHEMBL202411__state02,success
ERBB2__CHEMBL202411__state03,success
ERBB2__CHEMBL202421__state00,success
ERBB2__CHEMBL202421__state01,success
ERBB2__CHEMBL202421__state02,success
ERBB2__CHEMBL202421__state03,success
ERBB2__CHEMBL202424__state00,success
ERBB2__CHEMBL202424__state01,success
ERBB2__CHEMBL202424__state02,success
ERBB2__CHEMBL202424__state03,success
ERBB2__CHEMBL202425__state00,success
ERBB2__CHEMBL202425__state01,success
ERBB2__CHEMBL202425__state02,success
ERBB2__CHEMBL202425__state03,success
ERBB2__CHEMBL202556__state00,success
ERBB2__CHEMBL202556__state01,success
ERBB2__CHEMBL202556__state02,success
ERBB2__CHEMBL202556__state03,success
ERBB2__CHEMBL202621__state00,success
ERBB2__CHEMBL202621__state01,success
ERBB2__CHEMBL202621__state02,success
ERBB2__CHEMBL202621__state03,success
ERBB2__CHEMBL203599__state00,success
ERBB2__CHEMBL203599__state01,success
ERBB2__CHEMBL203599__state02,success
ERBB2__CHEMBL203599__state03,success
ERBB2__CHEMBL203644__state00,success
ERBB2__CHEMBL203644__state01,success
ERBB2__CHEMBL203644__state02,success
ERBB2__CHEMBL203644__state03,success
ERBB2__CHEMBL203645__state00,success
ERBB2__CHEMBL203645__state01,success
ERBB2__CHEMBL203645__state02,success
ERBB2__CHEMBL203645__state03,success
ERBB2__CHEMBL203661__state00,success
ERBB2__CHEMBL203661__state01,success
ERBB2__CHEMBL203661__state02,success
ERBB2__CHEMBL203661__state03,success
ERBB2__CHEMBL204085__state00,success
ERBB2__CHEMBL204085__state01,success
ERBB2__CHEMBL204085__state02,success
ERBB2__CHEMBL204085__state03,success
ERBB2__CHEMBL204638__state00,success
ERBB2__CHEMBL204638__state01,success
ERBB2__CHEMBL204638__state02,success
ERBB2__CHEMBL204638__state03,success
ERBB2__CHEMBL205059__state00,success
ERBB2__CHEMBL205059__state01,success
ERBB2__CHEMBL205059__state02,success
ERBB2__CHEMBL205059__state03,success
ERBB2__CHEMBL2112990__state00,success
ERBB2__CHEMBL2112990__state01,success
ERBB2__CHEMBL2112990__state02,success
ERBB2__CHEMBL2112990__state03,success
ERBB2__CHEMBL264382__state00,success
ERBB2__CHEMBL264382__state01,success
ERBB2__CHEMBL264382__state02,success
ERBB2__CHEMBL264382__state03,success
ERBB2__CHEMBL275762__state00,success
ERBB2__CHEMBL275762__state01,success
ERBB2__CHEMBL275762__state02,success
ERBB2__CHEMBL275762__state03,success
ERBB2__CHEMBL27685__state00,success
ERBB2__CHEMBL27685__state01,success
ERBB2__CHEMBL27685__state02,success
ERBB2__CHEMBL27685__state03,success
ERBB2__CHEMBL280757__state00,success
ERBB2__CHEMBL280757__state01,success
ERBB2__CHEMBL280757__state02,success
ERBB2__CHEMBL280757__state03,success
ERBB2__CHEMBL28418__state00,success
ERBB2__CHEMBL28418__state01,success
ERBB2__CHEMBL28418__state02,success
ERBB2__CHEMBL28418__state03,success
ERBB2__CHEMBL284326__state00,success
ERBB2__CHEMBL284326__state01,success
ERBB2__CHEMBL284326__state02,success
ERBB2__CHEMBL284326__state03,success
ERBB2__CHEMBL285063__state00,success
ERBB2__CHEMBL285063__state01,success
ERBB2__CHEMBL285063__state02,success
ERBB2__CHEMBL285063__state03,success
ERBB2__CHEMBL291986__state00,success
ERBB2__CHEMBL291986__state01,success
ERBB2__CHEMBL291986__state02,success
ERBB2__CHEMBL291986__state03,success
ERBB2__CHEMBL293749__state00,success
ERBB2__CHEMBL293749__state01,success
ERBB2__CHEMBL293749__state02,success
ERBB2__CHEMBL293749__state03,success
ERBB2__CHEMBL305194__state00,success
ERBB2__CHEMBL305194__state01,success
ERBB2__CHEMBL305194__state02,success
ERBB2__CHEMBL305194__state03,success
ERBB2__CHEMBL305246__state00,success
ERBB2__CHEMBL305246__state01,success
ERBB2__CHEMBL305246__state02,success
ERBB2__CHEMBL305246__state03,success
ERBB2__CHEMBL31373__state00,success
ERBB2__CHEMBL31373__state01,success
ERBB2__CHEMBL31373__state02,success
ERBB2__CHEMBL31373__state03,success
ERBB2__CHEMBL314021__state00,success
ERBB2__CHEMBL31419__state00,success
ERBB2__CHEMBL31419__state01,success
ERBB2__CHEMBL31419__state02,success
ERBB2__CHEMBL31419__state03,success
ERBB2__CHEMBL315546__state00,success
ERBB2__CHEMBL315546__state01,success
ERBB2__CHEMBL315701__state00,success
ERBB2__CHEMBL315701__state01,success
ERBB2__CHEMBL31656__state00,success
ERBB2__CHEMBL31656__state01,success
ERBB2__CHEMBL31656__state02,success
ERBB2__CHEMBL31656__state03,success
ERBB2__CHEMBL31815__state00,success
ERBB2__CHEMBL31815__state01,success
ERBB2__CHEMBL31815__state02,success
ERBB2__CHEMBL31815__state03,success
ERBB2__CHEMBL31816__state00,success
ERBB2__CHEMBL31816__state01,success
ERBB2__CHEMBL31816__state02,success
ERBB2__CHEMBL31816__state03,success
ERBB2__CHEMBL31965__state00,success
ERBB2__CHEMBL31965__state01,success
ERBB2__CHEMBL31965__state02,success
ERBB2__CHEMBL31965__state03,success
ERBB2__CHEMBL326100__state00,success
ERBB2__CHEMBL326100__state01,success
ERBB2__CHEMBL326100__state02,success
ERBB2__CHEMBL326100__state03,success
ERBB2__CHEMBL326280__state00,success
ERBB2__CHEMBL326280__state01,success
ERBB2__CHEMBL326280__state02,success
ERBB2__CHEMBL326280__state03,success
ERBB2__CHEMBL327838__state00,success
ERBB2__CHEMBL327838__state01,success
ERBB2__CHEMBL327838__state02,success
ERBB2__CHEMBL327838__state03,success
ERBB2__CHEMBL328245__state00,success
ERBB2__CHEMBL328245__state01,success
ERBB2__CHEMBL328245__state02,success
ERBB2__CHEMBL328245__state03,success
ERBB2__CHEMBL328704__state00,success
ERBB2__CHEMBL328704__state01,success
ERBB2__CHEMBL328704__state02,success
ERBB2__CHEMBL328704__state03,success
ERBB2__CHEMBL328977__state00,success
ERBB2__CHEMBL328977__state01,success
ERBB2__CHEMBL328977__state02,success
ERBB2__CHEMBL328977__state03,success
ERBB2__CHEMBL329642__state00,success
ERBB2__CHEMBL329642__state01,success
ERBB2__CHEMBL329642__state02,success
ERBB2__CHEMBL329642__state03,success
ERBB2__CHEMBL329856__state00,success
ERBB2__CHEMBL329856__state01,success
ERBB2__CHEMBL329856__state02,success
ERBB2__CHEMBL329856__state03,success
ERBB2__CHEMBL332497__state00,success
ERBB2__CHEMBL332497__state01,success
ERBB2__CHEMBL332497__state02,success
ERBB2__CHEMBL332497__state03,success
ERBB2__CHEMBL334801__state00,success
ERBB2__CHEMBL334801__state01,success
ERBB2__CHEMBL334801__state02,success
ERBB2__CHEMBL334801__state03,success
ERBB2__CHEMBL342828__state00,success
ERBB2__CHEMBL342828__state01,success
ERBB2__CHEMBL342828__state02,success
ERBB2__CHEMBL342828__state03,success
ERBB2__CHEMBL345109__state00,success
ERBB2__CHEMBL345109__state01,success
ERBB2__CHEMBL345109__state02,success
ERBB2__CHEMBL345109__state03,success
ERBB2__CHEMBL359629__state00,success
ERBB2__CHEMBL359629__state01,success
ERBB2__CHEMBL359629__state02,success
ERBB2__CHEMBL359629__state03,success
ERBB2__CHEMBL359630__state00,success
ERBB2__CHEMBL359630__state01,success
ERBB2__CHEMBL359630__state02,success
ERBB2__CHEMBL359630__state03,success
ERBB2__CHEMBL359660__state00,success
ERBB2__CHEMBL359660__state01,success
ERBB2__CHEMBL359660__state02,success
ERBB2__CHEMBL359660__state03,success
ERBB2__CHEMBL360028__state00,success
ERBB2__CHEMBL360028__state01,success
ERBB2__CHEMBL360028__state02,success
ERBB2__CHEMBL360028__state03,success
ERBB2__CHEMBL360211__state00,success
ERBB2__CHEMBL360211__state01,success
ERBB2__CHEMBL360211__state02,success
ERBB2__CHEMBL360211__state03,success
ERBB2__CHEMBL360519__state00,success
ERBB2__CHEMBL360519__state01,success
ERBB2__CHEMBL360519__state02,success
ERBB2__CHEMBL360519__state03,success
ERBB2__CHEMBL360662__state00,success
ERBB2__CHEMBL360662__state01,success
ERBB2__CHEMBL360662__state02,success
ERBB2__CHEMBL360662__state03,success
ERBB2__CHEMBL360780__state00,success
ERBB2__CHEMBL360780__state01,success
ERBB2__CHEMBL360780__state02,success
ERBB2__CHEMBL360780__state03,success
ERBB2__CHEMBL360933__state00,success
ERBB2__CHEMBL360933__state01,success
ERBB2__CHEMBL360933__state02,success
ERBB2__CHEMBL360933__state03,success
ERBB2__CHEMBL360958__state00,success
ERBB2__CHEMBL360958__state01,success
ERBB2__CHEMBL360958__state02,success
ERBB2__CHEMBL360958__state03,success
ERBB2__CHEMBL360979__state00,success
ERBB2__CHEMBL360979__state01,success
ERBB2__CHEMBL360979__state02,success
ERBB2__CHEMBL360979__state03,success
ERBB2__CHEMBL361343__state00,success
ERBB2__CHEMBL361343__state01,success
ERBB2__CHEMBL361343__state02,success
ERBB2__CHEMBL361343__state03,success
ERBB2__CHEMBL362232__state00,success
ERBB2__CHEMBL362232__state01,success
ERBB2__CHEMBL362232__state02,success
ERBB2__CHEMBL362232__state03,success
ERBB2__CHEMBL362611__state00,success
ERBB2__CHEMBL362611__state01,success
ERBB2__CHEMBL362611__state02,success
ERBB2__CHEMBL362611__state03,success
ERBB2__CHEMBL362824__state00,success
ERBB2__CHEMBL362824__state01,success
ERBB2__CHEMBL362824__state02,success
ERBB2__CHEMBL362824__state03,success
ERBB2__CHEMBL367492__state00,success
ERBB2__CHEMBL367492__state01,success
ERBB2__CHEMBL367492__state02,success
ERBB2__CHEMBL367492__state03,success
ERBB2__CHEMBL368234__state00,success
ERBB2__CHEMBL368234__state01,success
ERBB2__CHEMBL368234__state02,success
ERBB2__CHEMBL368234__state03,success
ERBB2__CHEMBL368702__state00,success
ERBB2__CHEMBL368702__state01,success
ERBB2__CHEMBL368702__state02,success
ERBB2__CHEMBL368702__state03,success
ERBB2__CHEMBL369088__state00,success
ERBB2__CHEMBL369088__state01,success
ERBB2__CHEMBL369088__state02,success
ERBB2__CHEMBL369088__state03,success
ERBB2__CHEMBL369299__state00,success
ERBB2__CHEMBL369299__state01,success
ERBB2__CHEMBL369299__state02,success
ERBB2__CHEMBL369299__state03,success
ERBB2__CHEMBL373207__state00,success
ERBB2__CHEMBL373207__state01,success
ERBB2__CHEMBL373207__state02,success
ERBB2__CHEMBL373207__state03,success
ERBB2__CHEMBL378144__state00,success
ERBB2__CHEMBL378144__state01,success
ERBB2__CHEMBL378144__state02,success
ERBB2__CHEMBL378144__state03,success
ERBB2__CHEMBL380669__state00,success
ERBB2__CHEMBL380669__state01,success
ERBB2__CHEMBL380669__state02,success
ERBB2__CHEMBL380669__state03,success
ERBB2__CHEMBL382073__state00,success
ERBB2__CHEMBL382073__state01,success
ERBB2__CHEMBL382073__state02,success
ERBB2__CHEMBL382073__state03,success
ERBB2__CHEMBL383499__state00,success
ERBB2__CHEMBL383499__state01,success
ERBB2__CHEMBL383499__state02,success
ERBB2__CHEMBL383499__state03,success
ERBB2__CHEMBL414220__state00,success
ERBB2__CHEMBL414220__state01,success
ERBB2__CHEMBL414220__state02,success
ERBB2__CHEMBL414220__state03,success
ERBB2__CHEMBL414631__state00,success
ERBB2__CHEMBL414631__state01,success
ERBB2__CHEMBL414631__state02,success
ERBB2__CHEMBL414631__state03,success
ERBB2__CHEMBL417478__state00,success
ERBB2__CHEMBL417478__state01,success
ERBB2__CHEMBL417478__state02,success
ERBB2__CHEMBL417478__state03,success
ERBB2__CHEMBL417941__state00,success
ERBB2__CHEMBL417941__state01,success
ERBB2__CHEMBL417941__state02,success
ERBB2__CHEMBL417941__state03,success
ERBB2__CHEMBL419501__state00,success
ERBB2__CHEMBL419501__state01,success
ERBB2__CHEMBL419501__state02,success
ERBB2__CHEMBL419501__state03,success
ERBB2__CHEMBL424959__state00,success
ERBB2__CHEMBL424959__state01,success
ERBB2__CHEMBL424959__state02,success
ERBB2__CHEMBL424959__state03,success
ERBB2__CHEMBL426051__state00,success
ERBB2__CHEMBL426051__state01,success
ERBB2__CHEMBL426051__state02,success
ERBB2__CHEMBL426051__state03,success
ERBB2__CHEMBL427314__state00,success
ERBB2__CHEMBL427314__state01,success
ERBB2__CHEMBL427314__state02,success
ERBB2__CHEMBL427314__state03,success
ERBB2__CHEMBL427315__state00,success
ERBB2__CHEMBL427315__state01,success
ERBB2__CHEMBL427315__state02,success
ERBB2__CHEMBL427315__state03,success
ERBB2__CHEMBL430571__state00,success
ERBB2__CHEMBL430571__state01,success
ERBB2__CHEMBL430571__state02,success
ERBB2__CHEMBL430571__state03,success
ERBB2__CHEMBL434720__state00,success
ERBB2__CHEMBL434720__state01,success
ERBB2__CHEMBL434720__state02,success
ERBB2__CHEMBL434720__state03,success
ERBB2__CHEMBL434827__state00,success
ERBB2__CHEMBL434827__state01,success
ERBB2__CHEMBL434827__state02,success
ERBB2__CHEMBL434827__state03,success
ERBB2__CHEMBL437890__state00,success
ERBB2__CHEMBL437890__state01,success
ERBB2__CHEMBL437890__state02,success
ERBB2__CHEMBL437890__state03,success
ERBB2__CHEMBL440298__state00,success
ERBB2__CHEMBL440298__state01,success
ERBB2__CHEMBL440298__state02,success
ERBB2__CHEMBL440298__state03,success
ERBB2__CHEMBL442754__state00,success
ERBB2__CHEMBL442754__state01,success
ERBB2__CHEMBL442754__state02,success
ERBB2__CHEMBL442754__state03,success
ERBB2__CHEMBL443523__state00,success
ERBB2__CHEMBL443523__state01,success
ERBB2__CHEMBL443523__state02,success
ERBB2__CHEMBL443523__state03,success
ERBB2__CHEMBL453336__state00,success
ERBB2__CHEMBL453336__state01,success
ERBB2__CHEMBL483085__state00,success
ERBB2__CHEMBL483085__state01,success
ERBB2__CHEMBL483085__state02,success
ERBB2__CHEMBL483085__state03,success
ERBB2__CHEMBL48760__state00,success
ERBB2__CHEMBL48760__state01,success
ERBB2__CHEMBL488646__state00,success
ERBB2__CHEMBL488646__state01,success
ERBB2__CHEMBL488811__state00,success
ERBB2__CHEMBL488811__state01,success
ERBB2__CHEMBL51659__state00,success
ERBB2__CHEMBL51659__state01,success
ERBB2__CHEMBL51659__state02,success
ERBB2__CHEMBL51659__state03,success
ERBB2__CHEMBL53203__state00,success
ERBB2__CHEMBL53203__state01,success
ERBB2__CHEMBL53203__state02,success
ERBB2__CHEMBL53203__state03,success
ERBB2__CHEMBL53555__state00,success
ERBB2__CHEMBL53555__state01,success
ERBB2__CHEMBL53555__state02,success
ERBB2__CHEMBL53555__state03,success
ERBB2__CHEMBL53665__state00,success
ERBB2__CHEMBL53665__state01,success
ERBB2__CHEMBL53665__state02,success
ERBB2__CHEMBL53665__state03,success
ERBB2__CHEMBL53898__state00,success
ERBB2__CHEMBL53898__state01,success
ERBB2__CHEMBL53898__state02,success
ERBB2__CHEMBL53898__state03,success
ERBB2__CHEMBL54088__state00,success
ERBB2__CHEMBL54088__state01,success
ERBB2__CHEMBL54088__state02,success
ERBB2__CHEMBL54088__state03,success
ERBB2__CHEMBL54091__state00,success
ERBB2__CHEMBL54091__state01,success
ERBB2__CHEMBL54091__state02,success
ERBB2__CHEMBL54091__state03,success
ERBB2__CHEMBL545315__state00,failed
ERBB2__CHEMBL545315__state01,failed
ERBB2__CHEMBL545315__state02,failed
ERBB2__CHEMBL545315__state03,failed
ERBB2__CHEMBL55360__state00,success
ERBB2__CHEMBL55360__state01,success
ERBB2__CHEMBL55360__state02,success
ERBB2__CHEMBL55360__state03,success
ERBB2__CHEMBL55979__state00,success
ERBB2__CHEMBL55979__state01,success
ERBB2__CHEMBL55979__state02,success
ERBB2__CHEMBL55979__state03,success
ERBB2__CHEMBL56219__state00,success
ERBB2__CHEMBL56219__state01,success
ERBB2__CHEMBL56219__state02,success
ERBB2__CHEMBL56219__state03,success
ERBB2__CHEMBL56319__state00,success
ERBB2__CHEMBL56319__state01,success
ERBB2__CHEMBL56319__state02,success
ERBB2__CHEMBL56319__state03,success
ERBB2__CHEMBL56543__state00,success
ERBB2__CHEMBL56543__state01,success
ERBB2__CHEMBL56543__state02,success
ERBB2__CHEMBL56543__state03,success
ERBB2__CHEMBL56731__state00,success
ERBB2__CHEMBL56731__state01,success
ERBB2__CHEMBL56731__state02,success
ERBB2__CHEMBL56731__state03,success
ERBB2__CHEMBL569880__state00,success
ERBB2__CHEMBL569880__state01,success
ERBB2__CHEMBL569880__state02,success
ERBB2__CHEMBL569880__state03,success
ERBB2__CHEMBL571040__state00,success
ERBB2__CHEMBL571040__state01,success
ERBB2__CHEMBL571040__state02,success
ERBB2__CHEMBL571040__state03,success
ERBB2__CHEMBL57251__state00,success
ERBB2__CHEMBL57251__state01,success
ERBB2__CHEMBL57251__state02,success
ERBB2__CHEMBL57251__state03,success
ERBB2__CHEMBL597492__state00,success
ERBB2__CHEMBL597492__state01,success
ERBB2__CHEMBL597492__state02,success
ERBB2__CHEMBL597492__state03,success
ERBB2__CHEMBL605957__state00,success
ERBB2__CHEMBL605957__state01,success
ERBB2__CHEMBL605957__state02,success
ERBB2__CHEMBL605957__state03,success
ERBB2__CHEMBL66570__state00,success
ERBB2__CHEMBL66570__state01,success
ERBB2__CHEMBL66570__state02,success
ERBB2__CHEMBL66570__state03,success
ERBB2__CHEMBL67003__state00,success
ERBB2__CHEMBL67003__state01,success
ERBB2__CHEMBL67003__state02,success
ERBB2__CHEMBL67003__state03,success
ERBB2__CHEMBL67057__state00,success
ERBB2__CHEMBL67057__state01,success
ERBB2__CHEMBL67057__state02,success
ERBB2__CHEMBL67057__state03,success
ERBB2__CHEMBL68920__state00,success
ERBB2__CHEMBL68920__state01,success
ERBB2__CHEMBL68920__state02,success
ERBB2__CHEMBL68920__state03,success
ERBB2__CHEMBL69071__state00,success
ERBB2__CHEMBL69071__state01,success
ERBB2__CHEMBL69071__state02,success
ERBB2__CHEMBL69071__state03,success
ERBB2__CHEMBL69358__state00,success
ERBB2__CHEMBL69358__state01,success
ERBB2__CHEMBL69358__state02,success
ERBB2__CHEMBL69358__state03,success
ERBB2__CHEMBL69629__state00,success
ERBB2__CHEMBL69629__state01,success
ERBB2__CHEMBL69629__state02,success
ERBB2__CHEMBL69629__state03,success
ERBB2__CHEMBL69960__state00,success
ERBB2__CHEMBL69960__state01,success
ERBB2__CHEMBL69960__state02,success
ERBB2__CHEMBL69960__state03,success
ERBB2__CHEMBL69966__state00,success
ERBB2__CHEMBL69966__state01,success
ERBB2__CHEMBL69966__state02,success
ERBB2__CHEMBL69966__state03,success
ERBB2__CHEMBL86326__state00,success
ERBB2__CHEMBL86326__state01,success
ERBB2__CHEMBL86326__state02,success
ERBB2__CHEMBL86326__state03,success
ERBB2__CHEMBL86432__state00,success
ERBB2__CHEMBL86432__state01,success
ERBB2__CHEMBL86944__state00,success
ERBB2__CHEMBL86944__state01,success
ERBB2__CHEMBL86944__state02,success
ERBB2__CHEMBL86944__state03,success
ERBB2__CHEMBL86945__state00,success
ERBB2__CHEMBL86945__state01,success
ERBB2__CHEMBL87746__state00,success
ERBB2__CHEMBL87746__state01,success
ERBB2__CHEMBL89505__state00,success
ERBB2__CHEMBL89505__state01,success
ERBB2__CHEMBL89505__state02,success
ERBB2__CHEMBL89505__state03,success
ERBB2__CHEMBL90277__state00,success
ERBB2__CHEMBL90277__state01,success
ERBB2__CHEMBL90595__state00,success
ERBB2__CHEMBL90595__state01,success
ERBB2__CHEMBL90595__state02,success
ERBB2__CHEMBL90595__state03,success
ERBB2__CHEMBL91009__state00,success
ERBB2__CHEMBL91009__state01,success
ERBB2__CHEMBL91009__state02,success
ERBB2__CHEMBL91009__state03,success
ERBB2__CHEMBL91748__state00,success
ERBB2__CHEMBL91748__state01,success
ERBB2__CHEMBL91748__state02,success
ERBB2__CHEMBL91748__state03,success
ERBB2__CHEMBL91811__state00,success
ERBB2__CHEMBL91811__state01,success
ERBB2__CHEMBL91811__state02,success
ERBB2__CHEMBL91811__state03,success
ERBB2__CHEMBL91867__state00,success
ERBB2__CHEMBL91867__state01,success
ERBB2__CHEMBL91867__state02,success
ERBB2__CHEMBL91867__state03,success
ERBB2__CHEMBL92086__state00,success
ERBB2__CHEMBL92086__state01,success
ERBB2__CHEMBL92086__state02,success
ERBB2__CHEMBL92086__state03,success
ERBB2__CHEMBL92356__state00,success
ERBB2__CHEMBL92356__state01,success
ERBB2__CHEMBL92356__state02,success
ERBB2__CHEMBL92356__state03,success
ERBB2__CHEMBL92961__state00,success
ERBB2__CHEMBL92961__state01,success
ERBB2__CHEMBL92961__state02,success
ERBB2__CHEMBL92961__state03,success
ERBB2__CHEMBL93049__state00,success
ERBB2__CHEMBL93049__state01,success
ERBB2__CHEMBL93049__state02,success
ERBB2__CHEMBL93049__state03,success
ERBB2__CHEMBL93386__state00,success
ERBB2__CHEMBL93386__state01,success
ERBB2__CHEMBL93386__state02,success
ERBB2__CHEMBL93386__state03,success
ERBB2__CHEMBL93464__state00,success
ERBB2__CHEMBL93464__state01,success
ERBB2__CHEMBL93464__state02,success
ERBB2__CHEMBL93464__state03,success
ERBB2__CHEMBL93754__state00,success
ERBB2__CHEMBL93754__state01,success
ERBB2__CHEMBL93754__state02,success
ERBB2__CHEMBL93754__state03,success
ERBB2__CHEMBL93783__state00,success
ERBB2__CHEMBL93783__state01,success
ERBB2__CHEMBL93783__state02,success
ERBB2__CHEMBL93783__state03,success
ERBB2__CHEMBL93784__state00,success
ERBB2__CHEMBL93784__state01,success
ERBB2__CHEMBL93784__state02,success
ERBB2__CHEMBL93784__state03,success
ERBB2__CHEMBL94061__state00,success
ERBB2__CHEMBL94061__state01,success
ERBB2__CHEMBL94061__state02,success
ERBB2__CHEMBL94061__state03,success
ERBB2__CHEMBL94062__state00,success
ERBB2__CHEMBL94062__state01,success
ERBB2__CHEMBL94062__state02,success
ERBB2__CHEMBL94062__state03,success
ERBB2__CHEMBL94066__state00,success
ERBB2__CHEMBL94066__state01,success
ERBB2__CHEMBL94066__state02,success
ERBB2__CHEMBL94066__state03,success
