record_id,target_label,molecule_chembl_id,assay_chembl_id,document_chembl_id,assay_description,assay_type,assay_organism,assay_target_chembl_id,variant_or_mechanism_confirmed,evidence_location,review_status
EGFR__CHEMBL113900,EGFR,CHEMBL113900,CHEMBL680028,CHEMBL1145020,Inhibition of autophosphorylation of cytoplasmic domain of epidermal growth factor receptor,B,,CHEMBL203,,,pending
EGFR__CHEMBL113996,EGFR,CHEMBL113996,CHEMBL680028,CHEMBL1145020,Inhibition of autophosphorylation of cytoplasmic domain of epidermal growth factor receptor,B,,CHEMBL203,,,pending
EGFR__CHEMBL114073,EGFR,CHEMBL114073,CHEMBL680028,CHEMBL1145020,Inhibition of autophosphorylation of cytoplasmic domain of epidermal growth factor receptor,B,,CHEMBL203,,,pending
EGFR__CHEMBL114593,EGFR,CHEMBL114593,CHEMBL680028,CHEMBL1145020,Inhibition of autophosphorylation of cytoplasmic domain of epidermal growth factor receptor,B,,CHEMBL203,,,pending
EGFR__CHEMBL115187,EGFR,CHEMBL115187,CHEMBL680028,CHEMBL1145020,Inhibition of autophosphorylation of cytoplasmic domain of epidermal growth factor receptor,B,,CHEMBL203,,,pending
EGFR__CHEMBL115440,EGFR,CHEMBL115440,CHEMBL680028,CHEMBL1145020,Inhibition of autophosphorylation of cytoplasmic domain of epidermal growth factor receptor,B,,CHEMBL203,,,pending
EGFR__CHEMBL115519,EGFR,CHEMBL115519,CHEMBL676067,CHEMBL1136802,Inhibitory activity against epidermal growth factor receptor (EGFR),B,,CHEMBL203,,,pending
EGFR__CHEMBL115895,EGFR,CHEMBL115895,CHEMBL676067,CHEMBL1136802,Inhibitory activity against epidermal growth factor receptor (EGFR),B,,CHEMBL203,,,pending
EGFR__CHEMBL116012,EGFR,CHEMBL116012,CHEMBL680028,CHEMBL1145020,Inhibition of autophosphorylation of cytoplasmic domain of epidermal growth factor receptor,B,,CHEMBL203,,,pending
EGFR__CHEMBL1161234,EGFR,CHEMBL1161234,CHEMBL676067,CHEMBL1136802,Inhibitory activity against epidermal growth factor receptor (EGFR),B,,CHEMBL203,,,pending
EGFR__CHEMBL116525,EGFR,CHEMBL116525,CHEMBL680028,CHEMBL1145020,Inhibition of autophosphorylation of cytoplasmic domain of epidermal growth factor receptor,B,,CHEMBL203,,,pending
EGFR__CHEMBL116853,EGFR,CHEMBL116853,CHEMBL680028,CHEMBL1145020,Inhibition of autophosphorylation of cytoplasmic domain of epidermal growth factor receptor,B,,CHEMBL203,,,pending
EGFR__CHEMBL117324,EGFR,CHEMBL117324,CHEMBL680027,CHEMBL1147456,Concentration required to inhibit autophosphorylation of cytoplasmic domain of epidermal growth factor receptor (EGFR),F,,CHEMBL203,,,pending
EGFR__CHEMBL117326,EGFR,CHEMBL117326,CHEMBL680028,CHEMBL1145020,Inhibition of autophosphorylation of cytoplasmic domain of epidermal growth factor receptor,B,,CHEMBL203,,,pending
EGFR__CHEMBL118109,EGFR,CHEMBL118109,CHEMBL676067,CHEMBL1136802,Inhibitory activity against epidermal growth factor receptor (EGFR),B,,CHEMBL203,,,pending
EGFR__CHEMBL118205,EGFR,CHEMBL118205,CHEMBL677392,CHEMBL1126897,Inhibitory concentration against EGF receptor by polyGAT phosphorylation,B,,CHEMBL203,,,pending
EGFR__CHEMBL119156,EGFR,CHEMBL119156,CHEMBL689290,CHEMBL1126897,Inhibition of HER-14 (human EGFR overexpressing NIH3T3) cell proliferation,F,,CHEMBL203,,,pending
EGFR__CHEMBL119923,EGFR,CHEMBL119923,CHEMBL677393,CHEMBL1126897,Inhibitory concentration against EGF receptor by autophosphorylation,B,,CHEMBL203,,,pending
EGFR__CHEMBL134371,EGFR,CHEMBL134371,CHEMBL673925,CHEMBL1134843,Inhibition of phosphorylation of a polyglutamic acid/tyrosine random copolymer by EGFR enzyme (from human A431 carcinoma cell vesicles),B,,CHEMBL203,,,pending
EGFR__CHEMBL135142,EGFR,CHEMBL135142,CHEMBL673925,CHEMBL1134843,Inhibition of phosphorylation of a polyglutamic acid/tyrosine random copolymer by EGFR enzyme (from human A431 carcinoma cell vesicles),B,,CHEMBL203,,,pending
EGFR__CHEMBL136058,EGFR,CHEMBL136058,CHEMBL677216,CHEMBL1134843,Inhibition of autophosphorylation of EGFR in A431 cells,B,,CHEMBL203,,,pending
EGFR__CHEMBL136102,EGFR,CHEMBL136102,CHEMBL673925,CHEMBL1134843,Inhibition of phosphorylation of a polyglutamic acid/tyrosine random copolymer by EGFR enzyme (from human A431 carcinoma cell vesicles),B,,CHEMBL203,,,pending
EGFR__CHEMBL136178,EGFR,CHEMBL136178,CHEMBL673925,CHEMBL1134843,Inhibition of phosphorylation of a polyglutamic acid/tyrosine random copolymer by EGFR enzyme (from human A431 carcinoma cell vesicles),B,,CHEMBL203,,,pending
EGFR__CHEMBL136404,EGFR,CHEMBL136404,CHEMBL673925,CHEMBL1134843,Inhibition of phosphorylation of a polyglutamic acid/tyrosine random copolymer by EGFR enzyme (from human A431 carcinoma cell vesicles),B,,CHEMBL203,,,pending
EGFR__CHEMBL136511,EGFR,CHEMBL136511,CHEMBL673925,CHEMBL1134843,Inhibition of phosphorylation of a polyglutamic acid/tyrosine random copolymer by EGFR enzyme (from human A431 carcinoma cell vesicles),B,,CHEMBL203,,,pending
EGFR__CHEMBL137082,EGFR,CHEMBL137082,CHEMBL673925,CHEMBL1134843,Inhibition of phosphorylation of a polyglutamic acid/tyrosine random copolymer by EGFR enzyme (from human A431 carcinoma cell vesicles),B,,CHEMBL203,,,pending
EGFR__CHEMBL138363,EGFR,CHEMBL138363,CHEMBL673925,CHEMBL1134843,Inhibition of phosphorylation of a polyglutamic acid/tyrosine random copolymer by EGFR enzyme (from human A431 carcinoma cell vesicles),B,,CHEMBL203,,,pending
EGFR__CHEMBL138691,EGFR,CHEMBL138691,CHEMBL673925,CHEMBL1134843,Inhibition of phosphorylation of a polyglutamic acid/tyrosine random copolymer by EGFR enzyme (from human A431 carcinoma cell vesicles),B,,CHEMBL203,,,pending
EGFR__CHEMBL138940,EGFR,CHEMBL138940,CHEMBL677216,CHEMBL1134843,Inhibition of autophosphorylation of EGFR in A431 cells,B,,CHEMBL203,,,pending
EGFR__CHEMBL139044,EGFR,CHEMBL139044,CHEMBL673925,CHEMBL1134843,Inhibition of phosphorylation of a polyglutamic acid/tyrosine random copolymer by EGFR enzyme (from human A431 carcinoma cell vesicles),B,,CHEMBL203,,,pending
EGFR__CHEMBL139095,EGFR,CHEMBL139095,CHEMBL673925,CHEMBL1134843,Inhibition of phosphorylation of a polyglutamic acid/tyrosine random copolymer by EGFR enzyme (from human A431 carcinoma cell vesicles),B,,CHEMBL203,,,pending
EGFR__CHEMBL139307,EGFR,CHEMBL139307,CHEMBL673925,CHEMBL1134843,Inhibition of phosphorylation of a polyglutamic acid/tyrosine random copolymer by EGFR enzyme (from human A431 carcinoma cell vesicles),B,,CHEMBL203,,,pending
EGFR__CHEMBL140561,EGFR,CHEMBL140561,CHEMBL677216,CHEMBL1134843,Inhibition of autophosphorylation of EGFR in A431 cells,B,,CHEMBL203,,,pending
EGFR__CHEMBL141175,EGFR,CHEMBL141175,CHEMBL676067,CHEMBL1136802,Inhibitory activity against epidermal growth factor receptor (EGFR),B,,CHEMBL203,,,pending
EGFR__CHEMBL141238,EGFR,CHEMBL141238,CHEMBL676067,CHEMBL1136802,Inhibitory activity against epidermal growth factor receptor (EGFR),B,,CHEMBL203,,,pending
EGFR__CHEMBL144159,EGFR,CHEMBL144159,CHEMBL679672,CHEMBL1129590,Inhibitory activity of compound against Epidermal growth factor receptor autophosphorylation,B,,CHEMBL203,,,pending
EGFR__CHEMBL144589,EGFR,CHEMBL144589,CHEMBL677831,CHEMBL1129590,"Inhibition of epidermal growth factor receptor (EGFR) phosphorylation of the exogenous substrate poly(Glu6, Ala3,Tyr) (polyGAT)",B,,CHEMBL203,,,pending
EGFR__CHEMBL144632,EGFR,CHEMBL144632,CHEMBL689298,CHEMBL1129590,Antiproliferative activity determined by measuring the ability to block [3H]- thymidine uptake in HER-14 cells stimulated by EGF,F,,CHEMBL203,,,pending
EGFR__CHEMBL144770,EGFR,CHEMBL144770,CHEMBL677831,CHEMBL1129590,"Inhibition of epidermal growth factor receptor (EGFR) phosphorylation of the exogenous substrate poly(Glu6, Ala3,Tyr) (polyGAT)",B,,CHEMBL203,,,pending
EGFR__CHEMBL144778,EGFR,CHEMBL144778,CHEMBL679672,CHEMBL1129590,Inhibitory activity of compound against Epidermal growth factor receptor autophosphorylation,B,,CHEMBL203,,,pending
EGFR__CHEMBL145266,EGFR,CHEMBL145266,CHEMBL679672,CHEMBL1129590,Inhibitory activity of compound against Epidermal growth factor receptor autophosphorylation,B,,CHEMBL203,,,pending
EGFR__CHEMBL146694,EGFR,CHEMBL146694,CHEMBL880174,CHEMBL1132535,Inhibitory activity against ligand-dependent EGF cell proliferation,F,,CHEMBL203,,,pending
EGFR__CHEMBL147112,EGFR,CHEMBL147112,CHEMBL880174,CHEMBL1132535,Inhibitory activity against ligand-dependent EGF cell proliferation,F,,CHEMBL203,,,pending
EGFR__CHEMBL147761,EGFR,CHEMBL147761,CHEMBL880174,CHEMBL1132535,Inhibitory activity against ligand-dependent EGF cell proliferation,F,,CHEMBL203,,,pending
EGFR__CHEMBL147880,EGFR,CHEMBL147880,CHEMBL689298,CHEMBL1129590,Antiproliferative activity determined by measuring the ability to block [3H]- thymidine uptake in HER-14 cells stimulated by EGF,F,,CHEMBL203,,,pending
EGFR__CHEMBL148514,EGFR,CHEMBL148514,CHEMBL880174,CHEMBL1132535,Inhibitory activity against ligand-dependent EGF cell proliferation,F,,CHEMBL203,,,pending
EGFR__CHEMBL148984,EGFR,CHEMBL148984,CHEMBL880174,CHEMBL1132535,Inhibitory activity against ligand-dependent EGF cell proliferation,F,,CHEMBL203,,,pending
EGFR__CHEMBL149201,EGFR,CHEMBL149201,CHEMBL880174,CHEMBL1132535,Inhibitory activity against ligand-dependent EGF cell proliferation,F,,CHEMBL203,,,pending
EGFR__CHEMBL150177,EGFR,CHEMBL150177,CHEMBL677830,CHEMBL1132535,Inhibitory activity against Epidermal growth factor receptor,B,,CHEMBL203,,,pending
EGFR__CHEMBL157128,EGFR,CHEMBL157128,CHEMBL680028,CHEMBL1145020,Inhibition of autophosphorylation of cytoplasmic domain of epidermal growth factor receptor,B,,CHEMBL203,,,pending
EGFR__CHEMBL2112369,EGFR,CHEMBL2112369,CHEMBL680018,CHEMBL1134561,Inhibition of epidermal growth factor receptor using enzyme assay,B,,CHEMBL203,,,pending
EGFR__CHEMBL2112370,EGFR,CHEMBL2112370,CHEMBL680018,CHEMBL1134561,Inhibition of epidermal growth factor receptor using enzyme assay,B,,CHEMBL203,,,pending
EGFR__CHEMBL263788,EGFR,CHEMBL263788,CHEMBL680028,CHEMBL1145020,Inhibition of autophosphorylation of cytoplasmic domain of epidermal growth factor receptor,B,,CHEMBL203,,,pending
EGFR__CHEMBL264382,EGFR,CHEMBL264382,CHEMBL674637,CHEMBL1134862,Inhibitory activity towards tyrosine phosphorylation for the epidermal growth factor-receptor kinase,B,,CHEMBL203,,,pending
EGFR__CHEMBL27685,EGFR,CHEMBL27685,CHEMBL674020,CHEMBL1133162,Inhibition of phosphorylation of a polyglutamic acid/tyrosine random copolymer by EGFR enzyme prepared from human A431 carcinoma cell vesicles by immunoaffinity chromatography,B,,CHEMBL203,,,pending
EGFR__CHEMBL27688,EGFR,CHEMBL27688,CHEMBL674020,CHEMBL1133162,Inhibition of phosphorylation of a polyglutamic acid/tyrosine random copolymer by EGFR enzyme prepared from human A431 carcinoma cell vesicles by immunoaffinity chromatography,B,,CHEMBL203,,,pending
EGFR__CHEMBL279138,EGFR,CHEMBL279138,CHEMBL679672,CHEMBL1129590,Inhibitory activity of compound against Epidermal growth factor receptor autophosphorylation,B,,CHEMBL203,,,pending
EGFR__CHEMBL280757,EGFR,CHEMBL280757,CHEMBL674020,CHEMBL1133162,Inhibition of phosphorylation of a polyglutamic acid/tyrosine random copolymer by EGFR enzyme prepared from human A431 carcinoma cell vesicles by immunoaffinity chromatography,B,,CHEMBL203,,,pending
EGFR__CHEMBL281300,EGFR,CHEMBL281300,CHEMBL677384,CHEMBL1147619,Inhibition of epidermal growth factor receptor kinase autophosphorylation,B,Homo sapiens,CHEMBL203,,,pending
EGFR__CHEMBL281467,EGFR,CHEMBL281467,CHEMBL677385,CHEMBL1147619,Inhibition of peptide substrate phosphorylation by epidermal growth factor receptor,B,Homo sapiens,CHEMBL203,,,pending
EGFR__CHEMBL281543,EGFR,CHEMBL281543,CHEMBL674020,CHEMBL1133162,Inhibition of phosphorylation of a polyglutamic acid/tyrosine random copolymer by EGFR enzyme prepared from human A431 carcinoma cell vesicles by immunoaffinity chromatography,B,,CHEMBL203,,,pending
EGFR__CHEMBL283201,EGFR,CHEMBL283201,CHEMBL674020,CHEMBL1133162,Inhibition of phosphorylation of a polyglutamic acid/tyrosine random copolymer by EGFR enzyme prepared from human A431 carcinoma cell vesicles by immunoaffinity chromatography,B,,CHEMBL203,,,pending
EGFR__CHEMBL283682,EGFR,CHEMBL283682,CHEMBL680028,CHEMBL1145020,Inhibition of autophosphorylation of cytoplasmic domain of epidermal growth factor receptor,B,,CHEMBL203,,,pending
EGFR__CHEMBL28418,EGFR,CHEMBL28418,CHEMBL674020,CHEMBL1133162,Inhibition of phosphorylation of a polyglutamic acid/tyrosine random copolymer by EGFR enzyme prepared from human A431 carcinoma cell vesicles by immunoaffinity chromatography,B,,CHEMBL203,,,pending
EGFR__CHEMBL284326,EGFR,CHEMBL284326,CHEMBL674020,CHEMBL1133162,Inhibition of phosphorylation of a polyglutamic acid/tyrosine random copolymer by EGFR enzyme prepared from human A431 carcinoma cell vesicles by immunoaffinity chromatography,B,,CHEMBL203,,,pending
EGFR__CHEMBL285063,EGFR,CHEMBL285063,CHEMBL680028,CHEMBL1145020,Inhibition of autophosphorylation of cytoplasmic domain of epidermal growth factor receptor,B,,CHEMBL203,,,pending
EGFR__CHEMBL286343,EGFR,CHEMBL286343,CHEMBL674020,CHEMBL1133162,Inhibition of phosphorylation of a polyglutamic acid/tyrosine random copolymer by EGFR enzyme prepared from human A431 carcinoma cell vesicles by immunoaffinity chromatography,B,,CHEMBL203,,,pending
EGFR__CHEMBL290389,EGFR,CHEMBL290389,CHEMBL821544,CHEMBL1133720,Inhibition of c-erbB2 receptor,B,Homo sapiens,CHEMBL203,,,pending
EGFR__CHEMBL291313,EGFR,CHEMBL291313,CHEMBL701406,CHEMBL1125266,Inhibition of HER14 (human EGFR overexpressing) cell proliferation.,F,,CHEMBL203,,,pending
EGFR__CHEMBL291986,EGFR,CHEMBL291986,CHEMBL676152,CHEMBL1125266,In vitro inhibition of HER1 autophosphorylation.,B,,CHEMBL203,,,pending
EGFR__CHEMBL293749,EGFR,CHEMBL293749,CHEMBL676067,CHEMBL1136802,Inhibitory activity against epidermal growth factor receptor (EGFR),B,,CHEMBL203,,,pending
EGFR__CHEMBL296168,EGFR,CHEMBL296168,CHEMBL674018,CHEMBL1132213,Inhibition of phosphorylation of glutamic acid/tyrosine random copolymer by isolated epidermal growth factor receptor (EGFR),B,,CHEMBL203,,,pending
EGFR__CHEMBL296407,EGFR,CHEMBL296407,CHEMBL700784,CHEMBL1125266,Inhibition of HER14 (human EGFR overexpressing) cell proliferation.,F,Homo sapiens,CHEMBL203,,,pending
EGFR__CHEMBL297968,EGFR,CHEMBL297968,CHEMBL856168,CHEMBL1132213,Inhibition of phosphorylation of glutamic acid/tyrosine random copolymer by isolated epidermal growth factor receptor (EGFR),B,,CHEMBL203,,,pending
EGFR__CHEMBL302552,EGFR,CHEMBL302552,CHEMBL674637,CHEMBL1134862,Inhibitory activity towards tyrosine phosphorylation for the epidermal growth factor-receptor kinase,B,,CHEMBL203,,,pending
EGFR__CHEMBL304271,EGFR,CHEMBL304271,CHEMBL674637,CHEMBL1134862,Inhibitory activity towards tyrosine phosphorylation for the epidermal growth factor-receptor kinase,B,,CHEMBL203,,,pending
EGFR__CHEMBL304971,EGFR,CHEMBL304971,CHEMBL674637,CHEMBL1134862,Inhibitory activity towards tyrosine phosphorylation for the epidermal growth factor-receptor kinase,B,,CHEMBL203,,,pending
EGFR__CHEMBL305194,EGFR,CHEMBL305194,CHEMBL674637,CHEMBL1134862,Inhibitory activity towards tyrosine phosphorylation for the epidermal growth factor-receptor kinase,B,,CHEMBL203,,,pending
EGFR__CHEMBL305246,EGFR,CHEMBL305246,CHEMBL621151,CHEMBL1134862,Inhibition of autophosphorylation of human epidermal growth factor-receptor (EGF-R) expressed in A431 cells,F,Homo sapiens,CHEMBL203,,,pending
EGFR__CHEMBL305782,EGFR,CHEMBL305782,CHEMBL674637,CHEMBL1134862,Inhibitory activity towards tyrosine phosphorylation for the epidermal growth factor-receptor kinase,B,,CHEMBL203,,,pending
EGFR__CHEMBL308048,EGFR,CHEMBL308048,CHEMBL674643,CHEMBL1124610,Inhibitory concentration of EGF dependent autophosphorylation of epidermal growth factor receptor kinase,B,,CHEMBL203,,,pending
EGFR__CHEMBL308339,EGFR,CHEMBL308339,CHEMBL674643,CHEMBL1124610,Inhibitory concentration of EGF dependent autophosphorylation of epidermal growth factor receptor kinase,B,,CHEMBL203,,,pending
EGFR__CHEMBL308645,EGFR,CHEMBL308645,CHEMBL674637,CHEMBL1134862,Inhibitory activity towards tyrosine phosphorylation for the epidermal growth factor-receptor kinase,B,,CHEMBL203,,,pending
EGFR__CHEMBL308672,EGFR,CHEMBL308672,CHEMBL674637,CHEMBL1134862,Inhibitory activity towards tyrosine phosphorylation for the epidermal growth factor-receptor kinase,B,,CHEMBL203,,,pending
EGFR__CHEMBL30973,EGFR,CHEMBL30973,CHEMBL677384,CHEMBL1147619,Inhibition of epidermal growth factor receptor kinase autophosphorylation,B,Homo sapiens,CHEMBL203,,,pending
EGFR__CHEMBL31276,EGFR,CHEMBL31276,CHEMBL677385,CHEMBL1147619,Inhibition of peptide substrate phosphorylation by epidermal growth factor receptor,B,Homo sapiens,CHEMBL203,,,pending
EGFR__CHEMBL31326,EGFR,CHEMBL31326,CHEMBL674020,CHEMBL1133162,Inhibition of phosphorylation of a polyglutamic acid/tyrosine random copolymer by EGFR enzyme prepared from human A431 carcinoma cell vesicles by immunoaffinity chromatography,B,,CHEMBL203,,,pending
EGFR__CHEMBL31369,EGFR,CHEMBL31369,CHEMBL674020,CHEMBL1133162,Inhibition of phosphorylation of a polyglutamic acid/tyrosine random copolymer by EGFR enzyme prepared from human A431 carcinoma cell vesicles by immunoaffinity chromatography,B,,CHEMBL203,,,pending
EGFR__CHEMBL31373,EGFR,CHEMBL31373,CHEMBL674020,CHEMBL1133162,Inhibition of phosphorylation of a polyglutamic acid/tyrosine random copolymer by EGFR enzyme prepared from human A431 carcinoma cell vesicles by immunoaffinity chromatography,B,,CHEMBL203,,,pending
EGFR__CHEMBL314146,EGFR,CHEMBL314146,CHEMBL676159,CHEMBL1131018,Concentration required to achieve 50% inhibition of tyrosine phosphorylation on human Epidermal growth factor receptor (EGF RTK).,B,,CHEMBL203,,,pending
EGFR__CHEMBL31419,EGFR,CHEMBL31419,CHEMBL674020,CHEMBL1133162,Inhibition of phosphorylation of a polyglutamic acid/tyrosine random copolymer by EGFR enzyme prepared from human A431 carcinoma cell vesicles by immunoaffinity chromatography,B,,CHEMBL203,,,pending
EGFR__CHEMBL31570,EGFR,CHEMBL31570,CHEMBL674020,CHEMBL1133162,Inhibition of phosphorylation of a polyglutamic acid/tyrosine random copolymer by EGFR enzyme prepared from human A431 carcinoma cell vesicles by immunoaffinity chromatography,B,,CHEMBL203,,,pending
EGFR__CHEMBL31588,EGFR,CHEMBL31588,CHEMBL674020,CHEMBL1133162,Inhibition of phosphorylation of a polyglutamic acid/tyrosine random copolymer by EGFR enzyme prepared from human A431 carcinoma cell vesicles by immunoaffinity chromatography,B,,CHEMBL203,,,pending
EGFR__CHEMBL316127,EGFR,CHEMBL316127,CHEMBL680018,CHEMBL1134561,Inhibition of epidermal growth factor receptor using enzyme assay,B,,CHEMBL203,,,pending
EGFR__CHEMBL31622,EGFR,CHEMBL31622,CHEMBL674020,CHEMBL1133162,Inhibition of phosphorylation of a polyglutamic acid/tyrosine random copolymer by EGFR enzyme prepared from human A431 carcinoma cell vesicles by immunoaffinity chromatography,B,,CHEMBL203,,,pending
EGFR__CHEMBL31630,EGFR,CHEMBL31630,CHEMBL674020,CHEMBL1133162,Inhibition of phosphorylation of a polyglutamic acid/tyrosine random copolymer by EGFR enzyme prepared from human A431 carcinoma cell vesicles by immunoaffinity chromatography,B,,CHEMBL203,,,pending
EGFR__CHEMBL31656,EGFR,CHEMBL31656,CHEMBL674020,CHEMBL1133162,Inhibition of phosphorylation of a polyglutamic acid/tyrosine random copolymer by EGFR enzyme prepared from human A431 carcinoma cell vesicles by immunoaffinity chromatography,B,,CHEMBL203,,,pending
EGFR__CHEMBL31815,EGFR,CHEMBL31815,CHEMBL674020,CHEMBL1133162,Inhibition of phosphorylation of a polyglutamic acid/tyrosine random copolymer by EGFR enzyme prepared from human A431 carcinoma cell vesicles by immunoaffinity chromatography,B,,CHEMBL203,,,pending
EGFR__CHEMBL31816,EGFR,CHEMBL31816,CHEMBL674020,CHEMBL1133162,Inhibition of phosphorylation of a polyglutamic acid/tyrosine random copolymer by EGFR enzyme prepared from human A431 carcinoma cell vesicles by immunoaffinity chromatography,B,,CHEMBL203,,,pending
EGFR__CHEMBL31876,EGFR,CHEMBL31876,CHEMBL677385,CHEMBL1147619,Inhibition of peptide substrate phosphorylation by epidermal growth factor receptor,B,Homo sapiens,CHEMBL203,,,pending
EGFR__CHEMBL31965,EGFR,CHEMBL31965,CHEMBL674019,CHEMBL1133162,Inhibition of EGF-stimulated autophosphorylation of EGFR enzyme in A431 cells detected by immunoblotting,B,,CHEMBL203,,,pending
EGFR__CHEMBL32079,EGFR,CHEMBL32079,CHEMBL674020,CHEMBL1133162,Inhibition of phosphorylation of a polyglutamic acid/tyrosine random copolymer by EGFR enzyme prepared from human A431 carcinoma cell vesicles by immunoaffinity chromatography,B,,CHEMBL203,,,pending
EGFR__CHEMBL323630,EGFR,CHEMBL323630,CHEMBL680028,CHEMBL1145020,Inhibition of autophosphorylation of cytoplasmic domain of epidermal growth factor receptor,B,,CHEMBL203,,,pending
EGFR__CHEMBL324030,EGFR,CHEMBL324030,CHEMBL677392,CHEMBL1126897,Inhibitory concentration against EGF receptor by polyGAT phosphorylation,B,,CHEMBL203,,,pending
EGFR__CHEMBL324718,EGFR,CHEMBL324718,CHEMBL680028,CHEMBL1145020,Inhibition of autophosphorylation of cytoplasmic domain of epidermal growth factor receptor,B,,CHEMBL203,,,pending
EGFR__CHEMBL326044,EGFR,CHEMBL326044,CHEMBL677393,CHEMBL1126897,Inhibitory concentration against EGF receptor by autophosphorylation,B,,CHEMBL203,,,pending
EGFR__CHEMBL326100,EGFR,CHEMBL326100,CHEMBL676067,CHEMBL1136802,Inhibitory activity against epidermal growth factor receptor (EGFR),B,,CHEMBL203,,,pending
EGFR__CHEMBL326280,EGFR,CHEMBL326280,CHEMBL680028,CHEMBL1145020,Inhibition of autophosphorylation of cytoplasmic domain of epidermal growth factor receptor,B,,CHEMBL203,,,pending
EGFR__CHEMBL327023,EGFR,CHEMBL327023,CHEMBL680028,CHEMBL1145020,Inhibition of autophosphorylation of cytoplasmic domain of epidermal growth factor receptor,B,,CHEMBL203,,,pending
EGFR__CHEMBL327838,EGFR,CHEMBL327838,CHEMBL680018,CHEMBL1134561,Inhibition of epidermal growth factor receptor using enzyme assay,B,,CHEMBL203,,,pending
EGFR__CHEMBL328245,EGFR,CHEMBL328245,CHEMBL680018,CHEMBL1134561,Inhibition of epidermal growth factor receptor using enzyme assay,B,,CHEMBL203,,,pending
EGFR__CHEMBL32844,EGFR,CHEMBL32844,CHEMBL674020,CHEMBL1133162,Inhibition of phosphorylation of a polyglutamic acid/tyrosine random copolymer by EGFR enzyme prepared from human A431 carcinoma cell vesicles by immunoaffinity chromatography,B,,CHEMBL203,,,pending
EGFR__CHEMBL328704,EGFR,CHEMBL328704,CHEMBL680018,CHEMBL1134561,Inhibition of epidermal growth factor receptor using enzyme assay,B,,CHEMBL203,,,pending
EGFR__CHEMBL328977,EGFR,CHEMBL328977,CHEMBL680018,CHEMBL1134561,Inhibition of epidermal growth factor receptor using enzyme assay,B,,CHEMBL203,,,pending
EGFR__CHEMBL329642,EGFR,CHEMBL329642,CHEMBL680018,CHEMBL1134561,Inhibition of epidermal growth factor receptor using enzyme assay,B,,CHEMBL203,,,pending
EGFR__CHEMBL329856,EGFR,CHEMBL329856,CHEMBL680018,CHEMBL1134561,Inhibition of epidermal growth factor receptor using enzyme assay,B,,CHEMBL203,,,pending
EGFR__CHEMBL331026,EGFR,CHEMBL331026,CHEMBL676067,CHEMBL1136802,Inhibitory activity against epidermal growth factor receptor (EGFR),B,,CHEMBL203,,,pending
EGFR__CHEMBL333454,EGFR,CHEMBL333454,CHEMBL689290,CHEMBL1126897,Inhibition of HER-14 (human EGFR overexpressing NIH3T3) cell proliferation,F,,CHEMBL203,,,pending
EGFR__CHEMBL334697,EGFR,CHEMBL334697,CHEMBL673925,CHEMBL1134843,Inhibition of phosphorylation of a polyglutamic acid/tyrosine random copolymer by EGFR enzyme (from human A431 carcinoma cell vesicles),B,,CHEMBL203,,,pending
EGFR__CHEMBL334801,EGFR,CHEMBL334801,CHEMBL677216,CHEMBL1134843,Inhibition of autophosphorylation of EGFR in A431 cells,B,,CHEMBL203,,,pending
EGFR__CHEMBL342828,EGFR,CHEMBL342828,CHEMBL677216,CHEMBL1134843,Inhibition of autophosphorylation of EGFR in A431 cells,B,,CHEMBL203,,,pending
EGFR__CHEMBL343722,EGFR,CHEMBL343722,CHEMBL673925,CHEMBL1134843,Inhibition of phosphorylation of a polyglutamic acid/tyrosine random copolymer by EGFR enzyme (from human A431 carcinoma cell vesicles),B,,CHEMBL203,,,pending
EGFR__CHEMBL343875,EGFR,CHEMBL343875,CHEMBL673947,CHEMBL1136802,Inhibition of epidermal growth factor receptor (EGFR),B,,CHEMBL203,,,pending
EGFR__CHEMBL344177,EGFR,CHEMBL344177,CHEMBL673925,CHEMBL1134843,Inhibition of phosphorylation of a polyglutamic acid/tyrosine random copolymer by EGFR enzyme (from human A431 carcinoma cell vesicles),B,,CHEMBL203,,,pending
EGFR__CHEMBL344486,EGFR,CHEMBL344486,CHEMBL673925,CHEMBL1134843,Inhibition of phosphorylation of a polyglutamic acid/tyrosine random copolymer by EGFR enzyme (from human A431 carcinoma cell vesicles),B,,CHEMBL203,,,pending
EGFR__CHEMBL345109,EGFR,CHEMBL345109,CHEMBL677216,CHEMBL1134843,Inhibition of autophosphorylation of EGFR in A431 cells,B,,CHEMBL203,,,pending
EGFR__CHEMBL347074,EGFR,CHEMBL347074,CHEMBL880174,CHEMBL1132535,Inhibitory activity against ligand-dependent EGF cell proliferation,F,,CHEMBL203,,,pending
EGFR__CHEMBL357161,EGFR,CHEMBL357161,CHEMBL856172,CHEMBL1129590,Antiproliferative activity determined by measuring the ability to block [3H]- thymidine uptake in HER-14 cells stimulated by EGF,F,,CHEMBL203,,,pending
EGFR__CHEMBL357400,EGFR,CHEMBL357400,CHEMBL679672,CHEMBL1129590,Inhibitory activity of compound against Epidermal growth factor receptor autophosphorylation,B,,CHEMBL203,,,pending
EGFR__CHEMBL358494,EGFR,CHEMBL358494,CHEMBL679672,CHEMBL1129590,Inhibitory activity of compound against Epidermal growth factor receptor autophosphorylation,B,,CHEMBL203,,,pending
EGFR__CHEMBL358728,EGFR,CHEMBL358728,CHEMBL880174,CHEMBL1132535,Inhibitory activity against ligand-dependent EGF cell proliferation,F,,CHEMBL203,,,pending
EGFR__CHEMBL414220,EGFR,CHEMBL414220,CHEMBL680018,CHEMBL1134561,Inhibition of epidermal growth factor receptor using enzyme assay,B,,CHEMBL203,,,pending
EGFR__CHEMBL414631,EGFR,CHEMBL414631,CHEMBL680028,CHEMBL1145020,Inhibition of autophosphorylation of cytoplasmic domain of epidermal growth factor receptor,B,,CHEMBL203,,,pending
EGFR__CHEMBL417478,EGFR,CHEMBL417478,CHEMBL674020,CHEMBL1133162,Inhibition of phosphorylation of a polyglutamic acid/tyrosine random copolymer by EGFR enzyme prepared from human A431 carcinoma cell vesicles by immunoaffinity chromatography,B,,CHEMBL203,,,pending
EGFR__CHEMBL417941,EGFR,CHEMBL417941,CHEMBL700785,CHEMBL1125266,Inhibition of HER14 (human EGFR overexpressing) cell proliferation.,F,Homo sapiens,CHEMBL203,,,pending
EGFR__CHEMBL419501,EGFR,CHEMBL419501,CHEMBL680018,CHEMBL1134561,Inhibition of epidermal growth factor receptor using enzyme assay,B,,CHEMBL203,,,pending
EGFR__CHEMBL422292,EGFR,CHEMBL422292,CHEMBL673925,CHEMBL1134843,Inhibition of phosphorylation of a polyglutamic acid/tyrosine random copolymer by EGFR enzyme (from human A431 carcinoma cell vesicles),B,,CHEMBL203,,,pending
EGFR__CHEMBL424302,EGFR,CHEMBL424302,CHEMBL689298,CHEMBL1129590,Antiproliferative activity determined by measuring the ability to block [3H]- thymidine uptake in HER-14 cells stimulated by EGF,F,,CHEMBL203,,,pending
EGFR__CHEMBL424625,EGFR,CHEMBL424625,CHEMBL689289,CHEMBL1126897,Inhibition of polyGAT phosphorylation by EGF receptor,B,Homo sapiens,CHEMBL203,,,pending
EGFR__CHEMBL430571,EGFR,CHEMBL430571,CHEMBL856168,CHEMBL1132213,Inhibition of phosphorylation of glutamic acid/tyrosine random copolymer by isolated epidermal growth factor receptor (EGFR),B,,CHEMBL203,,,pending
EGFR__CHEMBL431996,EGFR,CHEMBL431996,CHEMBL679949,CHEMBL1133768,Evaluated for inhibitory activity towards tyrosine kinase Epidermal growth factor receptor,B,,CHEMBL203,,,pending
EGFR__CHEMBL432428,EGFR,CHEMBL432428,CHEMBL676067,CHEMBL1136802,Inhibitory activity against epidermal growth factor receptor (EGFR),B,,CHEMBL203,,,pending
EGFR__CHEMBL432903,EGFR,CHEMBL432903,CHEMBL674637,CHEMBL1134862,Inhibitory activity towards tyrosine phosphorylation for the epidermal growth factor-receptor kinase,B,,CHEMBL203,,,pending
EGFR__CHEMBL434827,EGFR,CHEMBL434827,CHEMBL677216,CHEMBL1134843,Inhibition of autophosphorylation of EGFR in A431 cells,B,,CHEMBL203,,,pending
EGFR__CHEMBL434828,EGFR,CHEMBL434828,CHEMBL673925,CHEMBL1134843,Inhibition of phosphorylation of a polyglutamic acid/tyrosine random copolymer by EGFR enzyme (from human A431 carcinoma cell vesicles),B,,CHEMBL203,,,pending
EGFR__CHEMBL441279,EGFR,CHEMBL441279,CHEMBL680027,CHEMBL1147456,Concentration required to inhibit autophosphorylation of cytoplasmic domain of epidermal growth factor receptor (EGFR),F,,CHEMBL203,,,pending
EGFR__CHEMBL442754,EGFR,CHEMBL442754,CHEMBL680018,CHEMBL1134561,Inhibition of epidermal growth factor receptor using enzyme assay,B,,CHEMBL203,,,pending
EGFR__CHEMBL443523,EGFR,CHEMBL443523,CHEMBL674018,CHEMBL1132213,Inhibition of phosphorylation of glutamic acid/tyrosine random copolymer by isolated epidermal growth factor receptor (EGFR),B,,CHEMBL203,,,pending
EGFR__CHEMBL450622,EGFR,CHEMBL450622,CHEMBL880174,CHEMBL1132535,Inhibitory activity against ligand-dependent EGF cell proliferation,F,,CHEMBL203,,,pending
EGFR__CHEMBL48760,EGFR,CHEMBL48760,CHEMBL676159,CHEMBL1131018,Concentration required to achieve 50% inhibition of tyrosine phosphorylation on human Epidermal growth factor receptor (EGF RTK).,B,,CHEMBL203,,,pending
EGFR__CHEMBL49986,EGFR,CHEMBL49986,CHEMBL674018,CHEMBL1132213,Inhibition of phosphorylation of glutamic acid/tyrosine random copolymer by isolated epidermal growth factor receptor (EGFR),B,,CHEMBL203,,,pending
EGFR__CHEMBL51659,EGFR,CHEMBL51659,CHEMBL673925,CHEMBL1134843,Inhibition of phosphorylation of a polyglutamic acid/tyrosine random copolymer by EGFR enzyme (from human A431 carcinoma cell vesicles),B,,CHEMBL203,,,pending
EGFR__CHEMBL51741,EGFR,CHEMBL51741,CHEMBL674018,CHEMBL1132213,Inhibition of phosphorylation of glutamic acid/tyrosine random copolymer by isolated epidermal growth factor receptor (EGFR),B,,CHEMBL203,,,pending
EGFR__CHEMBL52913,EGFR,CHEMBL52913,CHEMBL856168,CHEMBL1132213,Inhibition of phosphorylation of glutamic acid/tyrosine random copolymer by isolated epidermal growth factor receptor (EGFR),B,,CHEMBL203,,,pending
EGFR__CHEMBL53203,EGFR,CHEMBL53203,CHEMBL679550,CHEMBL1132213,Inhibition of EGF-stimulated autophosphorylation of Epidermal growth factor receptor in A431 cells,B,Homo sapiens,CHEMBL203,,,pending
EGFR__CHEMBL53555,EGFR,CHEMBL53555,CHEMBL674018,CHEMBL1132213,Inhibition of phosphorylation of glutamic acid/tyrosine random copolymer by isolated epidermal growth factor receptor (EGFR),B,,CHEMBL203,,,pending
EGFR__CHEMBL53637,EGFR,CHEMBL53637,CHEMBL856168,CHEMBL1132213,Inhibition of phosphorylation of glutamic acid/tyrosine random copolymer by isolated epidermal growth factor receptor (EGFR),B,,CHEMBL203,,,pending
EGFR__CHEMBL53665,EGFR,CHEMBL53665,CHEMBL674018,CHEMBL1132213,Inhibition of phosphorylation of glutamic acid/tyrosine random copolymer by isolated epidermal growth factor receptor (EGFR),B,,CHEMBL203,,,pending
EGFR__CHEMBL53690,EGFR,CHEMBL53690,CHEMBL856168,CHEMBL1132213,Inhibition of phosphorylation of glutamic acid/tyrosine random copolymer by isolated epidermal growth factor receptor (EGFR),B,,CHEMBL203,,,pending
EGFR__CHEMBL53898,EGFR,CHEMBL53898,CHEMBL674104,CHEMBL1132364,Inhibition of Epidermal growth factor receptor autophosphorylation,B,,CHEMBL203,,,pending
EGFR__CHEMBL54088,EGFR,CHEMBL54088,CHEMBL674018,CHEMBL1132213,Inhibition of phosphorylation of glutamic acid/tyrosine random copolymer by isolated epidermal growth factor receptor (EGFR),B,,CHEMBL203,,,pending
EGFR__CHEMBL54091,EGFR,CHEMBL54091,CHEMBL674018,CHEMBL1132213,Inhibition of phosphorylation of glutamic acid/tyrosine random copolymer by isolated epidermal growth factor receptor (EGFR),B,,CHEMBL203,,,pending
EGFR__CHEMBL545315,EGFR,CHEMBL545315,CHEMBL677216,CHEMBL1134843,Inhibition of autophosphorylation of EGFR in A431 cells,B,,CHEMBL203,,,pending
EGFR__CHEMBL55360,EGFR,CHEMBL55360,CHEMBL676067,CHEMBL1136802,Inhibitory activity against epidermal growth factor receptor (EGFR),B,,CHEMBL203,,,pending
EGFR__CHEMBL55748,EGFR,CHEMBL55748,CHEMBL763200,CHEMBL1125266,Inhibition of polyGAT phosphorylation,B,Homo sapiens,CHEMBL203,,,pending
EGFR__CHEMBL55979,EGFR,CHEMBL55979,CHEMBL763200,CHEMBL1125266,Inhibition of polyGAT phosphorylation,B,Homo sapiens,CHEMBL203,,,pending
EGFR__CHEMBL56201,EGFR,CHEMBL56201,CHEMBL763200,CHEMBL1125266,Inhibition of polyGAT phosphorylation,B,Homo sapiens,CHEMBL203,,,pending
EGFR__CHEMBL56219,EGFR,CHEMBL56219,CHEMBL701406,CHEMBL1125266,Inhibition of HER14 (human EGFR overexpressing) cell proliferation.,F,,CHEMBL203,,,pending
EGFR__CHEMBL56319,EGFR,CHEMBL56319,CHEMBL676067,CHEMBL1136802,Inhibitory activity against epidermal growth factor receptor (EGFR),B,,CHEMBL203,,,pending
EGFR__CHEMBL56542,EGFR,CHEMBL56542,CHEMBL676067,CHEMBL1136802,Inhibitory activity against epidermal growth factor receptor (EGFR),B,,CHEMBL203,,,pending
EGFR__CHEMBL56543,EGFR,CHEMBL56543,CHEMBL674104,CHEMBL1132364,Inhibition of Epidermal growth factor receptor autophosphorylation,B,,CHEMBL203,,,pending
EGFR__CHEMBL56731,EGFR,CHEMBL56731,CHEMBL763200,CHEMBL1125266,Inhibition of polyGAT phosphorylation,B,Homo sapiens,CHEMBL203,,,pending
EGFR__CHEMBL56964,EGFR,CHEMBL56964,CHEMBL763200,CHEMBL1125266,Inhibition of polyGAT phosphorylation,B,Homo sapiens,CHEMBL203,,,pending
EGFR__CHEMBL57251,EGFR,CHEMBL57251,CHEMBL676067,CHEMBL1136802,Inhibitory activity against epidermal growth factor receptor (EGFR),B,,CHEMBL203,,,pending
EGFR__CHEMBL607707,EGFR,CHEMBL607707,CHEMBL680028,CHEMBL1145020,Inhibition of autophosphorylation of cytoplasmic domain of epidermal growth factor receptor,B,,CHEMBL203,,,pending
EGFR__CHEMBL66570,EGFR,CHEMBL66570,CHEMBL674637,CHEMBL1134862,Inhibitory activity towards tyrosine phosphorylation for the epidermal growth factor-receptor kinase,B,,CHEMBL203,,,pending
EGFR__CHEMBL67003,EGFR,CHEMBL67003,CHEMBL674637,CHEMBL1134862,Inhibitory activity towards tyrosine phosphorylation for the epidermal growth factor-receptor kinase,B,,CHEMBL203,,,pending
EGFR__CHEMBL67057,EGFR,CHEMBL67057,CHEMBL674637,CHEMBL1134862,Inhibitory activity towards tyrosine phosphorylation for the epidermal growth factor-receptor kinase,B,,CHEMBL203,,,pending
EGFR__CHEMBL67535,EGFR,CHEMBL67535,CHEMBL677831,CHEMBL1129590,"Inhibition of epidermal growth factor receptor (EGFR) phosphorylation of the exogenous substrate poly(Glu6, Ala3,Tyr) (polyGAT)",B,,CHEMBL203,,,pending
EGFR__CHEMBL68920,EGFR,CHEMBL68920,CHEMBL674637,CHEMBL1134862,Inhibitory activity towards tyrosine phosphorylation for the epidermal growth factor-receptor kinase,B,,CHEMBL203,,,pending
EGFR__CHEMBL69071,EGFR,CHEMBL69071,CHEMBL674637,CHEMBL1134862,Inhibitory activity towards tyrosine phosphorylation for the epidermal growth factor-receptor kinase,B,,CHEMBL203,,,pending
EGFR__CHEMBL69358,EGFR,CHEMBL69358,CHEMBL674637,CHEMBL1134862,Inhibitory activity towards tyrosine phosphorylation for the epidermal growth factor-receptor kinase,B,,CHEMBL203,,,pending
EGFR__CHEMBL69629,EGFR,CHEMBL69629,CHEMBL674637,CHEMBL1134862,Inhibitory activity towards tyrosine phosphorylation for the epidermal growth factor-receptor kinase,B,,CHEMBL203,,,pending
EGFR__CHEMBL69960,EGFR,CHEMBL69960,CHEMBL674637,CHEMBL1134862,Inhibitory activity towards tyrosine phosphorylation for the epidermal growth factor-receptor kinase,B,,CHEMBL203,,,pending
EGFR__CHEMBL69964,EGFR,CHEMBL69964,CHEMBL674637,CHEMBL1134862,Inhibitory activity towards tyrosine phosphorylation for the epidermal growth factor-receptor kinase,B,,CHEMBL203,,,pending
EGFR__CHEMBL69966,EGFR,CHEMBL69966,CHEMBL621151,CHEMBL1134862,Inhibition of autophosphorylation of human epidermal growth factor-receptor (EGF-R) expressed in A431 cells,F,Homo sapiens,CHEMBL203,,,pending
EGFR__CHEMBL76557,EGFR,CHEMBL76557,CHEMBL674643,CHEMBL1124610,Inhibitory concentration of EGF dependent autophosphorylation of epidermal growth factor receptor kinase,B,,CHEMBL203,,,pending
EGFR__CHEMBL77243,EGFR,CHEMBL77243,CHEMBL674643,CHEMBL1124610,Inhibitory concentration of EGF dependent autophosphorylation of epidermal growth factor receptor kinase,B,,CHEMBL203,,,pending
EGFR__CHEMBL85021,EGFR,CHEMBL85021,CHEMBL676159,CHEMBL1131018,Concentration required to achieve 50% inhibition of tyrosine phosphorylation on human Epidermal growth factor receptor (EGF RTK).,B,,CHEMBL203,,,pending
EGFR__CHEMBL86326,EGFR,CHEMBL86326,CHEMBL676159,CHEMBL1131018,Concentration required to achieve 50% inhibition of tyrosine phosphorylation on human Epidermal growth factor receptor (EGF RTK).,B,,CHEMBL203,,,pending
EGFR__CHEMBL86531,EGFR,CHEMBL86531,CHEMBL679949,CHEMBL1133768,Evaluated for inhibitory activity towards tyrosine kinase Epidermal growth factor receptor,B,,CHEMBL203,,,pending
EGFR__CHEMBL87746,EGFR,CHEMBL87746,CHEMBL676159,CHEMBL1131018,Concentration required to achieve 50% inhibition of tyrosine phosphorylation on human Epidermal growth factor receptor (EGF RTK).,B,,CHEMBL203,,,pending
EGFR__CHEMBL90595,EGFR,CHEMBL90595,CHEMBL680018,CHEMBL1134561,Inhibition of epidermal growth factor receptor using enzyme assay,B,,CHEMBL203,,,pending
EGFR__CHEMBL91009,EGFR,CHEMBL91009,CHEMBL680018,CHEMBL1134561,Inhibition of epidermal growth factor receptor using enzyme assay,B,,CHEMBL203,,,pending
EGFR__CHEMBL91748,EGFR,CHEMBL91748,CHEMBL680018,CHEMBL1134561,Inhibition of epidermal growth factor receptor using enzyme assay,B,,CHEMBL203,,,pending
EGFR__CHEMBL91811,EGFR,CHEMBL91811,CHEMBL680018,CHEMBL1134561,Inhibition of epidermal growth factor receptor using enzyme assay,B,,CHEMBL203,,,pending
EGFR__CHEMBL91867,EGFR,CHEMBL91867,CHEMBL680018,CHEMBL1134561,Inhibition of epidermal growth factor receptor using enzyme assay,B,,CHEMBL203,,,pending
EGFR__CHEMBL91925,EGFR,CHEMBL91925,CHEMBL680018,CHEMBL1134561,Inhibition of epidermal growth factor receptor using enzyme assay,B,,CHEMBL203,,,pending
EGFR__CHEMBL92086,EGFR,CHEMBL92086,CHEMBL677216,CHEMBL1134843,Inhibition of autophosphorylation of EGFR in A431 cells,B,,CHEMBL203,,,pending
EGFR__CHEMBL92356,EGFR,CHEMBL92356,CHEMBL680018,CHEMBL1134561,Inhibition of epidermal growth factor receptor using enzyme assay,B,,CHEMBL203,,,pending
EGFR__CHEMBL92731,EGFR,CHEMBL92731,CHEMBL680018,CHEMBL1134561,Inhibition of epidermal growth factor receptor using enzyme assay,B,,CHEMBL203,,,pending
EGFR__CHEMBL92902,EGFR,CHEMBL92902,CHEMBL680018,CHEMBL1134561,Inhibition of epidermal growth factor receptor using enzyme assay,B,,CHEMBL203,,,pending
EGFR__CHEMBL92961,EGFR,CHEMBL92961,CHEMBL680018,CHEMBL1134561,Inhibition of epidermal growth factor receptor using enzyme assay,B,,CHEMBL203,,,pending
EGFR__CHEMBL93049,EGFR,CHEMBL93049,CHEMBL680018,CHEMBL1134561,Inhibition of epidermal growth factor receptor using enzyme assay,B,,CHEMBL203,,,pending
EGFR__CHEMBL93386,EGFR,CHEMBL93386,CHEMBL680018,CHEMBL1134561,Inhibition of epidermal growth factor receptor using enzyme assay,B,,CHEMBL203,,,pending
EGFR__CHEMBL93464,EGFR,CHEMBL93464,CHEMBL677216,CHEMBL1134843,Inhibition of autophosphorylation of EGFR in A431 cells,B,,CHEMBL203,,,pending
EGFR__CHEMBL93537,EGFR,CHEMBL93537,CHEMBL680018,CHEMBL1134561,Inhibition of epidermal growth factor receptor using enzyme assay,B,,CHEMBL203,,,pending
EGFR__CHEMBL93783,EGFR,CHEMBL93783,CHEMBL680018,CHEMBL1134561,Inhibition of epidermal growth factor receptor using enzyme assay,B,,CHEMBL203,,,pending
EGFR__CHEMBL93784,EGFR,CHEMBL93784,CHEMBL680018,CHEMBL1134561,Inhibition of epidermal growth factor receptor using enzyme assay,B,,CHEMBL203,,,pending
EGFR__CHEMBL94061,EGFR,CHEMBL94061,CHEMBL680028,CHEMBL1145020,Inhibition of autophosphorylation of cytoplasmic domain of epidermal growth factor receptor,B,,CHEMBL203,,,pending
EGFR__CHEMBL94062,EGFR,CHEMBL94062,CHEMBL680018,CHEMBL1134561,Inhibition of epidermal growth factor receptor using enzyme assay,B,,CHEMBL203,,,pending
EGFR__CHEMBL94066,EGFR,CHEMBL94066,CHEMBL680018,CHEMBL1134561,Inhibition of epidermal growth factor receptor using enzyme assay,B,,CHEMBL203,,,pending
EGFR__CHEMBL94068,EGFR,CHEMBL94068,CHEMBL680018,CHEMBL1134561,Inhibition of epidermal growth factor receptor using enzyme assay,B,,CHEMBL203,,,pending
EGFR__CHEMBL94109,EGFR,CHEMBL94109,CHEMBL680018,CHEMBL1134561,Inhibition of epidermal growth factor receptor using enzyme assay,B,,CHEMBL203,,,pending
EGFR__CHEMBL94123,EGFR,CHEMBL94123,CHEMBL680018,CHEMBL1134561,Inhibition of epidermal growth factor receptor using enzyme assay,B,,CHEMBL203,,,pending
EGFR__CHEMBL95774,EGFR,CHEMBL95774,CHEMBL683041,CHEMBL1135208,Inhibition of Epidermal Growth Factor Receptor (EGFR) autophosphorylation,B,Homo sapiens,CHEMBL203,,,pending
ERBB2__CHEMBL109480,ERBB2,CHEMBL109480,CHEMBL1020355,CHEMBL1154504,Inhibition of Her2 in human SKBR3 cells,B,Homo sapiens,CHEMBL1824,,,pending
ERBB2__CHEMBL113900,ERBB2,CHEMBL113900,CHEMBL769139,CHEMBL1145020,Concentration required to inhibit autophosphorylation of cytoplasmic domain of human epidermal growth factor receptor-2,B,,CHEMBL1824,,,pending
ERBB2__CHEMBL113901,ERBB2,CHEMBL113901,CHEMBL769139,CHEMBL1145020,Concentration required to inhibit autophosphorylation of cytoplasmic domain of human epidermal growth factor receptor-2,B,,CHEMBL1824,,,pending
ERBB2__CHEMBL113902,ERBB2,CHEMBL113902,CHEMBL769139,CHEMBL1145020,Concentration required to inhibit autophosphorylation of cytoplasmic domain of human epidermal growth factor receptor-2,B,,CHEMBL1824,,,pending
ERBB2__CHEMBL113985,ERBB2,CHEMBL113985,CHEMBL769139,CHEMBL1145020,Concentration required to inhibit autophosphorylation of cytoplasmic domain of human epidermal growth factor receptor-2,B,,CHEMBL1824,,,pending
ERBB2__CHEMBL113996,ERBB2,CHEMBL113996,CHEMBL769139,CHEMBL1145020,Concentration required to inhibit autophosphorylation of cytoplasmic domain of human epidermal growth factor receptor-2,B,,CHEMBL1824,,,pending
ERBB2__CHEMBL114073,ERBB2,CHEMBL114073,CHEMBL769139,CHEMBL1145020,Concentration required to inhibit autophosphorylation of cytoplasmic domain of human epidermal growth factor receptor-2,B,,CHEMBL1824,,,pending
ERBB2__CHEMBL114593,ERBB2,CHEMBL114593,CHEMBL769139,CHEMBL1145020,Concentration required to inhibit autophosphorylation of cytoplasmic domain of human epidermal growth factor receptor-2,B,,CHEMBL1824,,,pending
ERBB2__CHEMBL115187,ERBB2,CHEMBL115187,CHEMBL769139,CHEMBL1145020,Concentration required to inhibit autophosphorylation of cytoplasmic domain of human epidermal growth factor receptor-2,B,,CHEMBL1824,,,pending
ERBB2__CHEMBL115440,ERBB2,CHEMBL115440,CHEMBL769139,CHEMBL1145020,Concentration required to inhibit autophosphorylation of cytoplasmic domain of human epidermal growth factor receptor-2,B,,CHEMBL1824,,,pending
ERBB2__CHEMBL115519,ERBB2,CHEMBL115519,CHEMBL769140,CHEMBL1136802,Inhibitory activity tested against protein kinase HER-2,B,,CHEMBL1824,,,pending
ERBB2__CHEMBL116012,ERBB2,CHEMBL116012,CHEMBL769139,CHEMBL1145020,Concentration required to inhibit autophosphorylation of cytoplasmic domain of human epidermal growth factor receptor-2,B,,CHEMBL1824,,,pending
ERBB2__CHEMBL1161234,ERBB2,CHEMBL1161234,CHEMBL769140,CHEMBL1136802,Inhibitory activity tested against protein kinase HER-2,B,,CHEMBL1824,,,pending
ERBB2__CHEMBL1161235,ERBB2,CHEMBL1161235,CHEMBL769144,CHEMBL1136802,Inhibition of HER-2 ErbB2 receptor,B,,CHEMBL1824,,,pending
ERBB2__CHEMBL116595,ERBB2,CHEMBL116595,CHEMBL769140,CHEMBL1136802,Inhibitory activity tested against protein kinase HER-2,B,,CHEMBL1824,,,pending
ERBB2__CHEMBL116853,ERBB2,CHEMBL116853,CHEMBL769139,CHEMBL1145020,Concentration required to inhibit autophosphorylation of cytoplasmic domain of human epidermal growth factor receptor-2,B,,CHEMBL1824,,,pending
ERBB2__CHEMBL1173655,ERBB2,CHEMBL1173655,CHEMBL1009319,CHEMBL1139297,Inhibition of ERBb2 by HTRF assay,B,,CHEMBL1824,,,pending
ERBB2__CHEMBL118109,ERBB2,CHEMBL118109,CHEMBL769140,CHEMBL1136802,Inhibitory activity tested against protein kinase HER-2,B,,CHEMBL1824,,,pending
ERBB2__CHEMBL119156,ERBB2,CHEMBL119156,CHEMBL769140,CHEMBL1136802,Inhibitory activity tested against protein kinase HER-2,B,,CHEMBL1824,,,pending
ERBB2__CHEMBL119987,ERBB2,CHEMBL119987,CHEMBL769140,CHEMBL1136802,Inhibitory activity tested against protein kinase HER-2,B,,CHEMBL1824,,,pending
ERBB2__CHEMBL136058,ERBB2,CHEMBL136058,CHEMBL676069,CHEMBL1134843,Inhibition of heregulin-stimulated autophosphorylation of erbB2 in MDA-MB 453 cells,B,Homo sapiens,CHEMBL1824,,,pending
ERBB2__CHEMBL138940,ERBB2,CHEMBL138940,CHEMBL676069,CHEMBL1134843,Inhibition of heregulin-stimulated autophosphorylation of erbB2 in MDA-MB 453 cells,B,Homo sapiens,CHEMBL1824,,,pending
ERBB2__CHEMBL140561,ERBB2,CHEMBL140561,CHEMBL676068,CHEMBL1134843,Inhibition of heregulin-stimulated autophosphorylation of erbB2 in MDA-MB 453 cells,B,Homo sapiens,CHEMBL1824,,,pending
ERBB2__CHEMBL141238,ERBB2,CHEMBL141238,CHEMBL769140,CHEMBL1136802,Inhibitory activity tested against protein kinase HER-2,B,,CHEMBL1824,,,pending
ERBB2__CHEMBL153763,ERBB2,CHEMBL153763,CHEMBL874202,CHEMBL1142663,Inhibition of human epidermal growth factor receptor-2 (HER-2) autophosphorylation,F,Homo sapiens,CHEMBL1824,,,pending
ERBB2__CHEMBL1630107,ERBB2,CHEMBL1630107,CHEMBL1640695,CHEMBL1629443,Inhibition of HER2 by flash plate based radioactive enzyme assay,B,,CHEMBL1824,,,pending
ERBB2__CHEMBL1630108,ERBB2,CHEMBL1630108,CHEMBL1640695,CHEMBL1629443,Inhibition of HER2 by flash plate based radioactive enzyme assay,B,,CHEMBL1824,,,pending
ERBB2__CHEMBL1630109,ERBB2,CHEMBL1630109,CHEMBL1640695,CHEMBL1629443,Inhibition of HER2 by flash plate based radioactive enzyme assay,B,,CHEMBL1824,,,pending
ERBB2__CHEMBL1630110,ERBB2,CHEMBL1630110,CHEMBL1640695,CHEMBL1629443,Inhibition of HER2 by flash plate based radioactive enzyme assay,B,,CHEMBL1824,,,pending
ERBB2__CHEMBL1630113,ERBB2,CHEMBL1630113,CHEMBL1640695,CHEMBL1629443,Inhibition of HER2 by flash plate based radioactive enzyme assay,B,,CHEMBL1824,,,pending
ERBB2__CHEMBL1630114,ERBB2,CHEMBL1630114,CHEMBL1640695,CHEMBL1629443,Inhibition of HER2 by flash plate based radioactive enzyme assay,B,,CHEMBL1824,,,pending
ERBB2__CHEMBL1630115,ERBB2,CHEMBL1630115,CHEMBL1640695,CHEMBL1629443,Inhibition of HER2 by flash plate based radioactive enzyme assay,B,,CHEMBL1824,,,pending
ERBB2__CHEMBL1683963,ERBB2,CHEMBL1683963,CHEMBL1686142,CHEMBL1681756,Inhibition of HER2 by homogeneous time-resolved fluorescence assay,B,,CHEMBL1824,,,pending
ERBB2__CHEMBL1683965,ERBB2,CHEMBL1683965,CHEMBL1686142,CHEMBL1681756,Inhibition of HER2 by homogeneous time-resolved fluorescence assay,B,,CHEMBL1824,,,pending
ERBB2__CHEMBL1683966,ERBB2,CHEMBL1683966,CHEMBL1686142,CHEMBL1681756,Inhibition of HER2 by homogeneous time-resolved fluorescence assay,B,,CHEMBL1824,,,pending
ERBB2__CHEMBL1683967,ERBB2,CHEMBL1683967,CHEMBL1686142,CHEMBL1681756,Inhibition of HER2 by homogeneous time-resolved fluorescence assay,B,,CHEMBL1824,,,pending
ERBB2__CHEMBL1683968,ERBB2,CHEMBL1683968,CHEMBL1686142,CHEMBL1681756,Inhibition of HER2 by homogeneous time-resolved fluorescence assay,B,,CHEMBL1824,,,pending
ERBB2__CHEMBL1683969,ERBB2,CHEMBL1683969,CHEMBL1686142,CHEMBL1681756,Inhibition of HER2 by homogeneous time-resolved fluorescence assay,B,,CHEMBL1824,,,pending
ERBB2__CHEMBL175492,ERBB2,CHEMBL175492,CHEMBL874202,CHEMBL1142663,Inhibition of human epidermal growth factor receptor-2 (HER-2) autophosphorylation,F,Homo sapiens,CHEMBL1824,,,pending
ERBB2__CHEMBL175513,ERBB2,CHEMBL175513,CHEMBL874202,CHEMBL1142663,Inhibition of human epidermal growth factor receptor-2 (HER-2) autophosphorylation,F,Homo sapiens,CHEMBL1824,,,pending
ERBB2__CHEMBL175556,ERBB2,CHEMBL175556,CHEMBL874202,CHEMBL1142663,Inhibition of human epidermal growth factor receptor-2 (HER-2) autophosphorylation,F,Homo sapiens,CHEMBL1824,,,pending
ERBB2__CHEMBL175557,ERBB2,CHEMBL175557,CHEMBL874202,CHEMBL1142663,Inhibition of human epidermal growth factor receptor-2 (HER-2) autophosphorylation,F,Homo sapiens,CHEMBL1824,,,pending
ERBB2__CHEMBL175558,ERBB2,CHEMBL175558,CHEMBL874202,CHEMBL1142663,Inhibition of human epidermal growth factor receptor-2 (HER-2) autophosphorylation,F,Homo sapiens,CHEMBL1824,,,pending
ERBB2__CHEMBL175840,ERBB2,CHEMBL175840,CHEMBL874202,CHEMBL1142663,Inhibition of human epidermal growth factor receptor-2 (HER-2) autophosphorylation,F,Homo sapiens,CHEMBL1824,,,pending
ERBB2__CHEMBL175933,ERBB2,CHEMBL175933,CHEMBL874202,CHEMBL1142663,Inhibition of human epidermal growth factor receptor-2 (HER-2) autophosphorylation,F,Homo sapiens,CHEMBL1824,,,pending
ERBB2__CHEMBL176199,ERBB2,CHEMBL176199,CHEMBL874202,CHEMBL1142663,Inhibition of human epidermal growth factor receptor-2 (HER-2) autophosphorylation,F,Homo sapiens,CHEMBL1824,,,pending
ERBB2__CHEMBL178144,ERBB2,CHEMBL178144,CHEMBL874202,CHEMBL1142663,Inhibition of human epidermal growth factor receptor-2 (HER-2) autophosphorylation,F,Homo sapiens,CHEMBL1824,,,pending
ERBB2__CHEMBL178199,ERBB2,CHEMBL178199,CHEMBL874202,CHEMBL1142663,Inhibition of human epidermal growth factor receptor-2 (HER-2) autophosphorylation,F,Homo sapiens,CHEMBL1824,,,pending
ERBB2__CHEMBL178290,ERBB2,CHEMBL178290,CHEMBL874202,CHEMBL1142663,Inhibition of human epidermal growth factor receptor-2 (HER-2) autophosphorylation,F,Homo sapiens,CHEMBL1824,,,pending
ERBB2__CHEMBL178312,ERBB2,CHEMBL178312,CHEMBL874202,CHEMBL1142663,Inhibition of human epidermal growth factor receptor-2 (HER-2) autophosphorylation,F,Homo sapiens,CHEMBL1824,,,pending
ERBB2__CHEMBL178573,ERBB2,CHEMBL178573,CHEMBL874202,CHEMBL1142663,Inhibition of human epidermal growth factor receptor-2 (HER-2) autophosphorylation,F,Homo sapiens,CHEMBL1824,,,pending
ERBB2__CHEMBL178654,ERBB2,CHEMBL178654,CHEMBL874202,CHEMBL1142663,Inhibition of human epidermal growth factor receptor-2 (HER-2) autophosphorylation,F,Homo sapiens,CHEMBL1824,,,pending
ERBB2__CHEMBL178958,ERBB2,CHEMBL178958,CHEMBL874202,CHEMBL1142663,Inhibition of human epidermal growth factor receptor-2 (HER-2) autophosphorylation,F,Homo sapiens,CHEMBL1824,,,pending
ERBB2__CHEMBL179052,ERBB2,CHEMBL179052,CHEMBL874202,CHEMBL1142663,Inhibition of human epidermal growth factor receptor-2 (HER-2) autophosphorylation,F,Homo sapiens,CHEMBL1824,,,pending
ERBB2__CHEMBL179123,ERBB2,CHEMBL179123,CHEMBL874202,CHEMBL1142663,Inhibition of human epidermal growth factor receptor-2 (HER-2) autophosphorylation,F,Homo sapiens,CHEMBL1824,,,pending
ERBB2__CHEMBL179164,ERBB2,CHEMBL179164,CHEMBL874202,CHEMBL1142663,Inhibition of human epidermal growth factor receptor-2 (HER-2) autophosphorylation,F,Homo sapiens,CHEMBL1824,,,pending
ERBB2__CHEMBL179310,ERBB2,CHEMBL179310,CHEMBL874202,CHEMBL1142663,Inhibition of human epidermal growth factor receptor-2 (HER-2) autophosphorylation,F,Homo sapiens,CHEMBL1824,,,pending
ERBB2__CHEMBL179313,ERBB2,CHEMBL179313,CHEMBL874202,CHEMBL1142663,Inhibition of human epidermal growth factor receptor-2 (HER-2) autophosphorylation,F,Homo sapiens,CHEMBL1824,,,pending
ERBB2__CHEMBL179363,ERBB2,CHEMBL179363,CHEMBL874202,CHEMBL1142663,Inhibition of human epidermal growth factor receptor-2 (HER-2) autophosphorylation,F,Homo sapiens,CHEMBL1824,,,pending
ERBB2__CHEMBL179458,ERBB2,CHEMBL179458,CHEMBL874202,CHEMBL1142663,Inhibition of human epidermal growth factor receptor-2 (HER-2) autophosphorylation,F,Homo sapiens,CHEMBL1824,,,pending
ERBB2__CHEMBL179521,ERBB2,CHEMBL179521,CHEMBL874202,CHEMBL1142663,Inhibition of human epidermal growth factor receptor-2 (HER-2) autophosphorylation,F,Homo sapiens,CHEMBL1824,,,pending
ERBB2__CHEMBL179527,ERBB2,CHEMBL179527,CHEMBL874202,CHEMBL1142663,Inhibition of human epidermal growth factor receptor-2 (HER-2) autophosphorylation,F,Homo sapiens,CHEMBL1824,,,pending
ERBB2__CHEMBL179572,ERBB2,CHEMBL179572,CHEMBL874202,CHEMBL1142663,Inhibition of human epidermal growth factor receptor-2 (HER-2) autophosphorylation,F,Homo sapiens,CHEMBL1824,,,pending
ERBB2__CHEMBL179577,ERBB2,CHEMBL179577,CHEMBL874202,CHEMBL1142663,Inhibition of human epidermal growth factor receptor-2 (HER-2) autophosphorylation,F,Homo sapiens,CHEMBL1824,,,pending
ERBB2__CHEMBL179607,ERBB2,CHEMBL179607,CHEMBL874202,CHEMBL1142663,Inhibition of human epidermal growth factor receptor-2 (HER-2) autophosphorylation,F,Homo sapiens,CHEMBL1824,,,pending
ERBB2__CHEMBL179652,ERBB2,CHEMBL179652,CHEMBL874202,CHEMBL1142663,Inhibition of human epidermal growth factor receptor-2 (HER-2) autophosphorylation,F,Homo sapiens,CHEMBL1824,,,pending
ERBB2__CHEMBL179659,ERBB2,CHEMBL179659,CHEMBL874202,CHEMBL1142663,Inhibition of human epidermal growth factor receptor-2 (HER-2) autophosphorylation,F,Homo sapiens,CHEMBL1824,,,pending
ERBB2__CHEMBL179726,ERBB2,CHEMBL179726,CHEMBL874202,CHEMBL1142663,Inhibition of human epidermal growth factor receptor-2 (HER-2) autophosphorylation,F,Homo sapiens,CHEMBL1824,,,pending
ERBB2__CHEMBL179766,ERBB2,CHEMBL179766,CHEMBL874202,CHEMBL1142663,Inhibition of human epidermal growth factor receptor-2 (HER-2) autophosphorylation,F,Homo sapiens,CHEMBL1824,,,pending
ERBB2__CHEMBL179923,ERBB2,CHEMBL179923,CHEMBL874202,CHEMBL1142663,Inhibition of human epidermal growth factor receptor-2 (HER-2) autophosphorylation,F,Homo sapiens,CHEMBL1824,,,pending
ERBB2__CHEMBL179969,ERBB2,CHEMBL179969,CHEMBL874202,CHEMBL1142663,Inhibition of human epidermal growth factor receptor-2 (HER-2) autophosphorylation,F,Homo sapiens,CHEMBL1824,,,pending
ERBB2__CHEMBL180018,ERBB2,CHEMBL180018,CHEMBL874202,CHEMBL1142663,Inhibition of human epidermal growth factor receptor-2 (HER-2) autophosphorylation,F,Homo sapiens,CHEMBL1824,,,pending
ERBB2__CHEMBL180022,ERBB2,CHEMBL180022,CHEMBL874202,CHEMBL1142663,Inhibition of human epidermal growth factor receptor-2 (HER-2) autophosphorylation,F,Homo sapiens,CHEMBL1824,,,pending
ERBB2__CHEMBL180175,ERBB2,CHEMBL180175,CHEMBL874202,CHEMBL1142663,Inhibition of human epidermal growth factor receptor-2 (HER-2) autophosphorylation,F,Homo sapiens,CHEMBL1824,,,pending
ERBB2__CHEMBL180227,ERBB2,CHEMBL180227,CHEMBL874202,CHEMBL1142663,Inhibition of human epidermal growth factor receptor-2 (HER-2) autophosphorylation,F,Homo sapiens,CHEMBL1824,,,pending
ERBB2__CHEMBL180415,ERBB2,CHEMBL180415,CHEMBL874202,CHEMBL1142663,Inhibition of human epidermal growth factor receptor-2 (HER-2) autophosphorylation,F,Homo sapiens,CHEMBL1824,,,pending
ERBB2__CHEMBL180516,ERBB2,CHEMBL180516,CHEMBL874202,CHEMBL1142663,Inhibition of human epidermal growth factor receptor-2 (HER-2) autophosphorylation,F,Homo sapiens,CHEMBL1824,,,pending
ERBB2__CHEMBL190094,ERBB2,CHEMBL190094,CHEMBL874430,CHEMBL1141151,Inhibition of HER2 kinase in intact CSH12 cells; Range = 25-50 nM,B,Homo sapiens,CHEMBL1824,,,pending
ERBB2__CHEMBL201511,ERBB2,CHEMBL201511,CHEMBL957974,CHEMBL1157465,Inhibition of human recombinant ERBB2,B,Homo sapiens,CHEMBL1824,,,pending
ERBB2__CHEMBL202360,ERBB2,CHEMBL202360,CHEMBL862513,CHEMBL1138126,Inhibition of erbB2 fusion protein expressed in baculovirus by ELISA,B,Homo sapiens,CHEMBL1824,,,pending
ERBB2__CHEMBL202398,ERBB2,CHEMBL202398,CHEMBL862521,CHEMBL1138126,Inhibition of HER stimulated human erbB autophosphorylation in MDA-MB-453 cells,F,Homo sapiens,CHEMBL1824,,,pending
ERBB2__CHEMBL202411,ERBB2,CHEMBL202411,CHEMBL862513,CHEMBL1138126,Inhibition of erbB2 fusion protein expressed in baculovirus by ELISA,B,Homo sapiens,CHEMBL1824,,,pending
ERBB2__CHEMBL202421,ERBB2,CHEMBL202421,CHEMBL862513,CHEMBL1138126,Inhibition of erbB2 fusion protein expressed in baculovirus by ELISA,B,Homo sapiens,CHEMBL1824,,,pending
ERBB2__CHEMBL202424,ERBB2,CHEMBL202424,CHEMBL862513,CHEMBL1138126,Inhibition of erbB2 fusion protein expressed in baculovirus by ELISA,B,Homo sapiens,CHEMBL1824,,,pending
ERBB2__CHEMBL202425,ERBB2,CHEMBL202425,CHEMBL862521,CHEMBL1138126,Inhibition of HER stimulated human erbB autophosphorylation in MDA-MB-453 cells,F,Homo sapiens,CHEMBL1824,,,pending
ERBB2__CHEMBL202556,ERBB2,CHEMBL202556,CHEMBL862521,CHEMBL1138126,Inhibition of HER stimulated human erbB autophosphorylation in MDA-MB-453 cells,F,Homo sapiens,CHEMBL1824,,,pending
ERBB2__CHEMBL202621,ERBB2,CHEMBL202621,CHEMBL862521,CHEMBL1138126,Inhibition of HER stimulated human erbB autophosphorylation in MDA-MB-453 cells,F,Homo sapiens,CHEMBL1824,,,pending
ERBB2__CHEMBL203599,ERBB2,CHEMBL203599,CHEMBL862531,CHEMBL1138126,Inhibition of ligand stimulated erbB2 autophosphorylation in T24 NIH cells,F,Homo sapiens,CHEMBL1824,,,pending
ERBB2__CHEMBL203644,ERBB2,CHEMBL203644,CHEMBL862513,CHEMBL1138126,Inhibition of erbB2 fusion protein expressed in baculovirus by ELISA,B,Homo sapiens,CHEMBL1824,,,pending
ERBB2__CHEMBL203645,ERBB2,CHEMBL203645,CHEMBL862513,CHEMBL1138126,Inhibition of erbB2 fusion protein expressed in baculovirus by ELISA,B,Homo sapiens,CHEMBL1824,,,pending
ERBB2__CHEMBL203661,ERBB2,CHEMBL203661,CHEMBL862513,CHEMBL1138126,Inhibition of erbB2 fusion protein expressed in baculovirus by ELISA,B,Homo sapiens,CHEMBL1824,,,pending
ERBB2__CHEMBL204085,ERBB2,CHEMBL204085,CHEMBL862513,CHEMBL1138126,Inhibition of erbB2 fusion protein expressed in baculovirus by ELISA,B,Homo sapiens,CHEMBL1824,,,pending
ERBB2__CHEMBL204638,ERBB2,CHEMBL204638,CHEMBL862521,CHEMBL1138126,Inhibition of HER stimulated human erbB autophosphorylation in MDA-MB-453 cells,F,Homo sapiens,CHEMBL1824,,,pending
ERBB2__CHEMBL205059,ERBB2,CHEMBL205059,CHEMBL862521,CHEMBL1138126,Inhibition of HER stimulated human erbB autophosphorylation in MDA-MB-453 cells,F,Homo sapiens,CHEMBL1824,,,pending
ERBB2__CHEMBL2112990,ERBB2,CHEMBL2112990,CHEMBL874202,CHEMBL1142663,Inhibition of human epidermal growth factor receptor-2 (HER-2) autophosphorylation,F,Homo sapiens,CHEMBL1824,,,pending
ERBB2__CHEMBL264382,ERBB2,CHEMBL264382,CHEMBL683802,CHEMBL1134862,Inhibition of autophosphorylation of human Her (p185erbB) tyrosine kinase expressed in SKOV-3 cells,F,Homo sapiens,CHEMBL1824,,,pending
ERBB2__CHEMBL275762,ERBB2,CHEMBL275762,CHEMBL874430,CHEMBL1141151,Inhibition of HER2 kinase in intact CSH12 cells; Range = 25-50 nM,B,Homo sapiens,CHEMBL1824,,,pending
ERBB2__CHEMBL27685,ERBB2,CHEMBL27685,CHEMBL673951,CHEMBL1133162,Inhibition of autophosphorylation of ERBB2 receptor kinase in MDA-MB 453 cells,B,,CHEMBL1824,,,pending
ERBB2__CHEMBL280757,ERBB2,CHEMBL280757,CHEMBL673951,CHEMBL1133162,Inhibition of autophosphorylation of ERBB2 receptor kinase in MDA-MB 453 cells,B,,CHEMBL1824,,,pending
ERBB2__CHEMBL28418,ERBB2,CHEMBL28418,CHEMBL673951,CHEMBL1133162,Inhibition of autophosphorylation of ERBB2 receptor kinase in MDA-MB 453 cells,B,,CHEMBL1824,,,pending
ERBB2__CHEMBL284326,ERBB2,CHEMBL284326,CHEMBL673951,CHEMBL1133162,Inhibition of autophosphorylation of ERBB2 receptor kinase in MDA-MB 453 cells,B,,CHEMBL1824,,,pending
ERBB2__CHEMBL285063,ERBB2,CHEMBL285063,CHEMBL673951,CHEMBL1133162,Inhibition of autophosphorylation of ERBB2 receptor kinase in MDA-MB 453 cells,B,,CHEMBL1824,,,pending
ERBB2__CHEMBL291986,ERBB2,CHEMBL291986,CHEMBL673948,CHEMBL1125266,In vitro inhibition of ERBB2 receptor kinase autophosphorylation.,B,,CHEMBL1824,,,pending
ERBB2__CHEMBL293749,ERBB2,CHEMBL293749,CHEMBL769140,CHEMBL1136802,Inhibitory activity tested against protein kinase HER-2,B,,CHEMBL1824,,,pending
ERBB2__CHEMBL305194,ERBB2,CHEMBL305194,CHEMBL615491,CHEMBL1134862,Inhibition of ligand induced proliferation in human Her-2 (p185erbB) tyrosine kinase expressing 3T3 cells,F,Homo sapiens,CHEMBL1824,,,pending
ERBB2__CHEMBL305246,ERBB2,CHEMBL305246,CHEMBL683802,CHEMBL1134862,Inhibition of autophosphorylation of human Her (p185erbB) tyrosine kinase expressed in SKOV-3 cells,F,Homo sapiens,CHEMBL1824,,,pending
ERBB2__CHEMBL31373,ERBB2,CHEMBL31373,CHEMBL673951,CHEMBL1133162,Inhibition of autophosphorylation of ERBB2 receptor kinase in MDA-MB 453 cells,B,,CHEMBL1824,,,pending
ERBB2__CHEMBL314021,ERBB2,CHEMBL314021,CHEMBL686676,CHEMBL1131018,Concentration required to achieve 50% inhibition of tyrosine phosphorylation on human Her-2 receptor tyrosine kinase (HER-2 RTK),B,,CHEMBL1824,,,pending
ERBB2__CHEMBL31419,ERBB2,CHEMBL31419,CHEMBL673951,CHEMBL1133162,Inhibition of autophosphorylation of ERBB2 receptor kinase in MDA-MB 453 cells,B,,CHEMBL1824,,,pending
ERBB2__CHEMBL315546,ERBB2,CHEMBL315546,CHEMBL686676,CHEMBL1131018,Concentration required to achieve 50% inhibition of tyrosine phosphorylation on human Her-2 receptor tyrosine kinase (HER-2 RTK),B,,CHEMBL1824,,,pending
ERBB2__CHEMBL315701,ERBB2,CHEMBL315701,CHEMBL686676,CHEMBL1131018,Concentration required to achieve 50% inhibition of tyrosine phosphorylation on human Her-2 receptor tyrosine kinase (HER-2 RTK),B,,CHEMBL1824,,,pending
ERBB2__CHEMBL31656,ERBB2,CHEMBL31656,CHEMBL673951,CHEMBL1133162,Inhibition of autophosphorylation of ERBB2 receptor kinase in MDA-MB 453 cells,B,,CHEMBL1824,,,pending
ERBB2__CHEMBL31815,ERBB2,CHEMBL31815,CHEMBL673949,CHEMBL1132213,Inhibition of heregulin-stimulated autophosphorylation of ERBB2 receptor kinase in MDA-MB-453 cells.,B,Homo sapiens,CHEMBL1824,,,pending
ERBB2__CHEMBL31816,ERBB2,CHEMBL31816,CHEMBL673951,CHEMBL1133162,Inhibition of autophosphorylation of ERBB2 receptor kinase in MDA-MB 453 cells,B,,CHEMBL1824,,,pending
ERBB2__CHEMBL31965,ERBB2,CHEMBL31965,CHEMBL1026507,CHEMBL1154498,Inhibition of HER2,B,,CHEMBL1824,,,pending
ERBB2__CHEMBL326100,ERBB2,CHEMBL326100,CHEMBL769140,CHEMBL1136802,Inhibitory activity tested against protein kinase HER-2,B,,CHEMBL1824,,,pending
ERBB2__CHEMBL326280,ERBB2,CHEMBL326280,CHEMBL769139,CHEMBL1145020,Concentration required to inhibit autophosphorylation of cytoplasmic domain of human epidermal growth factor receptor-2,B,,CHEMBL1824,,,pending
ERBB2__CHEMBL327838,ERBB2,CHEMBL327838,CHEMBL676070,CHEMBL1134561,Inhibition of human epidermal growth factor receptor (HER-2) using enzyme assay,B,,CHEMBL1824,,,pending
ERBB2__CHEMBL328245,ERBB2,CHEMBL328245,CHEMBL676070,CHEMBL1134561,Inhibition of human epidermal growth factor receptor (HER-2) using enzyme assay,B,,CHEMBL1824,,,pending
ERBB2__CHEMBL328704,ERBB2,CHEMBL328704,CHEMBL676070,CHEMBL1134561,Inhibition of human epidermal growth factor receptor (HER-2) using enzyme assay,B,,CHEMBL1824,,,pending
ERBB2__CHEMBL328977,ERBB2,CHEMBL328977,CHEMBL676070,CHEMBL1134561,Inhibition of human epidermal growth factor receptor (HER-2) using enzyme assay,B,,CHEMBL1824,,,pending
ERBB2__CHEMBL329642,ERBB2,CHEMBL329642,CHEMBL676070,CHEMBL1134561,Inhibition of human epidermal growth factor receptor (HER-2) using enzyme assay,B,,CHEMBL1824,,,pending
ERBB2__CHEMBL329856,ERBB2,CHEMBL329856,CHEMBL676070,CHEMBL1134561,Inhibition of human epidermal growth factor receptor (HER-2) using enzyme assay,B,,CHEMBL1824,,,pending
ERBB2__CHEMBL332497,ERBB2,CHEMBL332497,CHEMBL769139,CHEMBL1145020,Concentration required to inhibit autophosphorylation of cytoplasmic domain of human epidermal growth factor receptor-2,B,,CHEMBL1824,,,pending
ERBB2__CHEMBL334801,ERBB2,CHEMBL334801,CHEMBL676068,CHEMBL1134843,Inhibition of heregulin-stimulated autophosphorylation of erbB2 in MDA-MB 453 cells,B,Homo sapiens,CHEMBL1824,,,pending
ERBB2__CHEMBL342828,ERBB2,CHEMBL342828,CHEMBL676069,CHEMBL1134843,Inhibition of heregulin-stimulated autophosphorylation of erbB2 in MDA-MB 453 cells,B,Homo sapiens,CHEMBL1824,,,pending
ERBB2__CHEMBL345109,ERBB2,CHEMBL345109,CHEMBL676068,CHEMBL1134843,Inhibition of heregulin-stimulated autophosphorylation of erbB2 in MDA-MB 453 cells,B,Homo sapiens,CHEMBL1824,,,pending
ERBB2__CHEMBL359629,ERBB2,CHEMBL359629,CHEMBL874202,CHEMBL1142663,Inhibition of human epidermal growth factor receptor-2 (HER-2) autophosphorylation,F,Homo sapiens,CHEMBL1824,,,pending
ERBB2__CHEMBL359630,ERBB2,CHEMBL359630,CHEMBL874202,CHEMBL1142663,Inhibition of human epidermal growth factor receptor-2 (HER-2) autophosphorylation,F,Homo sapiens,CHEMBL1824,,,pending
ERBB2__CHEMBL359660,ERBB2,CHEMBL359660,CHEMBL874202,CHEMBL1142663,Inhibition of human epidermal growth factor receptor-2 (HER-2) autophosphorylation,F,Homo sapiens,CHEMBL1824,,,pending
ERBB2__CHEMBL360028,ERBB2,CHEMBL360028,CHEMBL874202,CHEMBL1142663,Inhibition of human epidermal growth factor receptor-2 (HER-2) autophosphorylation,F,Homo sapiens,CHEMBL1824,,,pending
ERBB2__CHEMBL360211,ERBB2,CHEMBL360211,CHEMBL874202,CHEMBL1142663,Inhibition of human epidermal growth factor receptor-2 (HER-2) autophosphorylation,F,Homo sapiens,CHEMBL1824,,,pending
ERBB2__CHEMBL360519,ERBB2,CHEMBL360519,CHEMBL874202,CHEMBL1142663,Inhibition of human epidermal growth factor receptor-2 (HER-2) autophosphorylation,F,Homo sapiens,CHEMBL1824,,,pending
ERBB2__CHEMBL360662,ERBB2,CHEMBL360662,CHEMBL874202,CHEMBL1142663,Inhibition of human epidermal growth factor receptor-2 (HER-2) autophosphorylation,F,Homo sapiens,CHEMBL1824,,,pending
ERBB2__CHEMBL360780,ERBB2,CHEMBL360780,CHEMBL874202,CHEMBL1142663,Inhibition of human epidermal growth factor receptor-2 (HER-2) autophosphorylation,F,Homo sapiens,CHEMBL1824,,,pending
ERBB2__CHEMBL360933,ERBB2,CHEMBL360933,CHEMBL874202,CHEMBL1142663,Inhibition of human epidermal growth factor receptor-2 (HER-2) autophosphorylation,F,Homo sapiens,CHEMBL1824,,,pending
ERBB2__CHEMBL360958,ERBB2,CHEMBL360958,CHEMBL874202,CHEMBL1142663,Inhibition of human epidermal growth factor receptor-2 (HER-2) autophosphorylation,F,Homo sapiens,CHEMBL1824,,,pending
ERBB2__CHEMBL360979,ERBB2,CHEMBL360979,CHEMBL874202,CHEMBL1142663,Inhibition of human epidermal growth factor receptor-2 (HER-2) autophosphorylation,F,Homo sapiens,CHEMBL1824,,,pending
ERBB2__CHEMBL361343,ERBB2,CHEMBL361343,CHEMBL874202,CHEMBL1142663,Inhibition of human epidermal growth factor receptor-2 (HER-2) autophosphorylation,F,Homo sapiens,CHEMBL1824,,,pending
ERBB2__CHEMBL362232,ERBB2,CHEMBL362232,CHEMBL874202,CHEMBL1142663,Inhibition of human epidermal growth factor receptor-2 (HER-2) autophosphorylation,F,Homo sapiens,CHEMBL1824,,,pending
ERBB2__CHEMBL362611,ERBB2,CHEMBL362611,CHEMBL874202,CHEMBL1142663,Inhibition of human epidermal growth factor receptor-2 (HER-2) autophosphorylation,F,Homo sapiens,CHEMBL1824,,,pending
ERBB2__CHEMBL362824,ERBB2,CHEMBL362824,CHEMBL874202,CHEMBL1142663,Inhibition of human epidermal growth factor receptor-2 (HER-2) autophosphorylation,F,Homo sapiens,CHEMBL1824,,,pending
ERBB2__CHEMBL367492,ERBB2,CHEMBL367492,CHEMBL874202,CHEMBL1142663,Inhibition of human epidermal growth factor receptor-2 (HER-2) autophosphorylation,F,Homo sapiens,CHEMBL1824,,,pending
ERBB2__CHEMBL368234,ERBB2,CHEMBL368234,CHEMBL874202,CHEMBL1142663,Inhibition of human epidermal growth factor receptor-2 (HER-2) autophosphorylation,F,Homo sapiens,CHEMBL1824,,,pending
ERBB2__CHEMBL368702,ERBB2,CHEMBL368702,CHEMBL874202,CHEMBL1142663,Inhibition of human epidermal growth factor receptor-2 (HER-2) autophosphorylation,F,Homo sapiens,CHEMBL1824,,,pending
ERBB2__CHEMBL369088,ERBB2,CHEMBL369088,CHEMBL874202,CHEMBL1142663,Inhibition of human epidermal growth factor receptor-2 (HER-2) autophosphorylation,F,Homo sapiens,CHEMBL1824,,,pending
ERBB2__CHEMBL369299,ERBB2,CHEMBL369299,CHEMBL874202,CHEMBL1142663,Inhibition of human epidermal growth factor receptor-2 (HER-2) autophosphorylation,F,Homo sapiens,CHEMBL1824,,,pending
ERBB2__CHEMBL373207,ERBB2,CHEMBL373207,CHEMBL862521,CHEMBL1138126,Inhibition of HER stimulated human erbB autophosphorylation in MDA-MB-453 cells,F,Homo sapiens,CHEMBL1824,,,pending
ERBB2__CHEMBL378144,ERBB2,CHEMBL378144,CHEMBL862513,CHEMBL1138126,Inhibition of erbB2 fusion protein expressed in baculovirus by ELISA,B,Homo sapiens,CHEMBL1824,,,pending
ERBB2__CHEMBL380669,ERBB2,CHEMBL380669,CHEMBL862513,CHEMBL1138126,Inhibition of erbB2 fusion protein expressed in baculovirus by ELISA,B,Homo sapiens,CHEMBL1824,,,pending
ERBB2__CHEMBL382073,ERBB2,CHEMBL382073,CHEMBL862513,CHEMBL1138126,Inhibition of erbB2 fusion protein expressed in baculovirus by ELISA,B,Homo sapiens,CHEMBL1824,,,pending
ERBB2__CHEMBL383499,ERBB2,CHEMBL383499,CHEMBL862521,CHEMBL1138126,Inhibition of HER stimulated human erbB autophosphorylation in MDA-MB-453 cells,F,Homo sapiens,CHEMBL1824,,,pending
ERBB2__CHEMBL414220,ERBB2,CHEMBL414220,CHEMBL676070,CHEMBL1134561,Inhibition of human epidermal growth factor receptor (HER-2) using enzyme assay,B,,CHEMBL1824,,,pending
ERBB2__CHEMBL414631,ERBB2,CHEMBL414631,CHEMBL769139,CHEMBL1145020,Concentration required to inhibit autophosphorylation of cytoplasmic domain of human epidermal growth factor receptor-2,B,,CHEMBL1824,,,pending
ERBB2__CHEMBL417478,ERBB2,CHEMBL417478,CHEMBL673951,CHEMBL1133162,Inhibition of autophosphorylation of ERBB2 receptor kinase in MDA-MB 453 cells,B,,CHEMBL1824,,,pending
ERBB2__CHEMBL417941,ERBB2,CHEMBL417941,CHEMBL769140,CHEMBL1136802,Inhibitory activity tested against protein kinase HER-2,B,,CHEMBL1824,,,pending
ERBB2__CHEMBL419501,ERBB2,CHEMBL419501,CHEMBL676070,CHEMBL1134561,Inhibition of human epidermal growth factor receptor (HER-2) using enzyme assay,B,,CHEMBL1824,,,pending
ERBB2__CHEMBL424959,ERBB2,CHEMBL424959,CHEMBL874202,CHEMBL1142663,Inhibition of human epidermal growth factor receptor-2 (HER-2) autophosphorylation,F,Homo sapiens,CHEMBL1824,,,pending
ERBB2__CHEMBL426051,ERBB2,CHEMBL426051,CHEMBL874202,CHEMBL1142663,Inhibition of human epidermal growth factor receptor-2 (HER-2) autophosphorylation,F,Homo sapiens,CHEMBL1824,,,pending
ERBB2__CHEMBL427314,ERBB2,CHEMBL427314,CHEMBL874202,CHEMBL1142663,Inhibition of human epidermal growth factor receptor-2 (HER-2) autophosphorylation,F,Homo sapiens,CHEMBL1824,,,pending
ERBB2__CHEMBL427315,ERBB2,CHEMBL427315,CHEMBL874202,CHEMBL1142663,Inhibition of human epidermal growth factor receptor-2 (HER-2) autophosphorylation,F,Homo sapiens,CHEMBL1824,,,pending
ERBB2__CHEMBL430571,ERBB2,CHEMBL430571,CHEMBL673949,CHEMBL1132213,Inhibition of heregulin-stimulated autophosphorylation of ERBB2 receptor kinase in MDA-MB-453 cells.,B,Homo sapiens,CHEMBL1824,,,pending
ERBB2__CHEMBL434720,ERBB2,CHEMBL434720,CHEMBL874202,CHEMBL1142663,Inhibition of human epidermal growth factor receptor-2 (HER-2) autophosphorylation,F,Homo sapiens,CHEMBL1824,,,pending
ERBB2__CHEMBL434827,ERBB2,CHEMBL434827,CHEMBL676068,CHEMBL1134843,Inhibition of heregulin-stimulated autophosphorylation of erbB2 in MDA-MB 453 cells,B,Homo sapiens,CHEMBL1824,,,pending
ERBB2__CHEMBL437890,ERBB2,CHEMBL437890,CHEMBL862513,CHEMBL1138126,Inhibition of erbB2 fusion protein expressed in baculovirus by ELISA,B,Homo sapiens,CHEMBL1824,,,pending
ERBB2__CHEMBL440298,ERBB2,CHEMBL440298,CHEMBL769140,CHEMBL1136802,Inhibitory activity tested against protein kinase HER-2,B,,CHEMBL1824,,,pending
ERBB2__CHEMBL442754,ERBB2,CHEMBL442754,CHEMBL676070,CHEMBL1134561,Inhibition of human epidermal growth factor receptor (HER-2) using enzyme assay,B,,CHEMBL1824,,,pending
ERBB2__CHEMBL443523,ERBB2,CHEMBL443523,CHEMBL673949,CHEMBL1132213,Inhibition of heregulin-stimulated autophosphorylation of ERBB2 receptor kinase in MDA-MB-453 cells.,B,Homo sapiens,CHEMBL1824,,,pending
ERBB2__CHEMBL453336,ERBB2,CHEMBL453336,CHEMBL957974,CHEMBL1157465,Inhibition of human recombinant ERBB2,B,Homo sapiens,CHEMBL1824,,,pending
ERBB2__CHEMBL483085,ERBB2,CHEMBL483085,CHEMBL953992,CHEMBL1150417,Inhibition of HER2,B,,CHEMBL1824,,,pending
ERBB2__CHEMBL48760,ERBB2,CHEMBL48760,CHEMBL686676,CHEMBL1131018,Concentration required to achieve 50% inhibition of tyrosine phosphorylation on human Her-2 receptor tyrosine kinase (HER-2 RTK),B,,CHEMBL1824,,,pending
ERBB2__CHEMBL488646,ERBB2,CHEMBL488646,CHEMBL957974,CHEMBL1157465,Inhibition of human recombinant ERBB2,B,Homo sapiens,CHEMBL1824,,,pending
ERBB2__CHEMBL488811,ERBB2,CHEMBL488811,CHEMBL957974,CHEMBL1157465,Inhibition of human recombinant ERBB2,B,Homo sapiens,CHEMBL1824,,,pending
ERBB2__CHEMBL51659,ERBB2,CHEMBL51659,CHEMBL673949,CHEMBL1132213,Inhibition of heregulin-stimulated autophosphorylation of ERBB2 receptor kinase in MDA-MB-453 cells.,B,Homo sapiens,CHEMBL1824,,,pending
ERBB2__CHEMBL53203,ERBB2,CHEMBL53203,CHEMBL673949,CHEMBL1132213,Inhibition of heregulin-stimulated autophosphorylation of ERBB2 receptor kinase in MDA-MB-453 cells.,B,Homo sapiens,CHEMBL1824,,,pending
ERBB2__CHEMBL53555,ERBB2,CHEMBL53555,CHEMBL673949,CHEMBL1132213,Inhibition of heregulin-stimulated autophosphorylation of ERBB2 receptor kinase in MDA-MB-453 cells.,B,Homo sapiens,CHEMBL1824,,,pending
ERBB2__CHEMBL53665,ERBB2,CHEMBL53665,CHEMBL673949,CHEMBL1132213,Inhibition of heregulin-stimulated autophosphorylation of ERBB2 receptor kinase in MDA-MB-453 cells.,B,Homo sapiens,CHEMBL1824,,,pending
ERBB2__CHEMBL53898,ERBB2,CHEMBL53898,CHEMBL769140,CHEMBL1136802,Inhibitory activity tested against protein kinase HER-2,B,,CHEMBL1824,,,pending
ERBB2__CHEMBL54088,ERBB2,CHEMBL54088,CHEMBL673950,CHEMBL1132213,Inhibition of heregulin-stimulated autophosphorylation of erbB2 in MDA-MB-453 cells.,B,Homo sapiens,CHEMBL1824,,,pending
ERBB2__CHEMBL54091,ERBB2,CHEMBL54091,CHEMBL673949,CHEMBL1132213,Inhibition of heregulin-stimulated autophosphorylation of ERBB2 receptor kinase in MDA-MB-453 cells.,B,Homo sapiens,CHEMBL1824,,,pending
ERBB2__CHEMBL545315,ERBB2,CHEMBL545315,CHEMBL676069,CHEMBL1134843,Inhibition of heregulin-stimulated autophosphorylation of erbB2 in MDA-MB 453 cells,B,Homo sapiens,CHEMBL1824,,,pending
ERBB2__CHEMBL55360,ERBB2,CHEMBL55360,CHEMBL769140,CHEMBL1136802,Inhibitory activity tested against protein kinase HER-2,B,,CHEMBL1824,,,pending
ERBB2__CHEMBL55979,ERBB2,CHEMBL55979,CHEMBL769140,CHEMBL1136802,Inhibitory activity tested against protein kinase HER-2,B,,CHEMBL1824,,,pending
ERBB2__CHEMBL56219,ERBB2,CHEMBL56219,CHEMBL769140,CHEMBL1136802,Inhibitory activity tested against protein kinase HER-2,B,,CHEMBL1824,,,pending
ERBB2__CHEMBL56319,ERBB2,CHEMBL56319,CHEMBL769140,CHEMBL1136802,Inhibitory activity tested against protein kinase HER-2,B,,CHEMBL1824,,,pending
ERBB2__CHEMBL56543,ERBB2,CHEMBL56543,CHEMBL769140,CHEMBL1136802,Inhibitory activity tested against protein kinase HER-2,B,,CHEMBL1824,,,pending
ERBB2__CHEMBL56731,ERBB2,CHEMBL56731,CHEMBL769140,CHEMBL1136802,Inhibitory activity tested against protein kinase HER-2,B,,CHEMBL1824,,,pending
ERBB2__CHEMBL569880,ERBB2,CHEMBL569880,CHEMBL1044056,CHEMBL1154692,Inhibition of Her2 by fluorescence polarization assay,B,,CHEMBL1824,,,pending
ERBB2__CHEMBL571040,ERBB2,CHEMBL571040,CHEMBL1044056,CHEMBL1154692,Inhibition of Her2 by fluorescence polarization assay,B,,CHEMBL1824,,,pending
ERBB2__CHEMBL57251,ERBB2,CHEMBL57251,CHEMBL769140,CHEMBL1136802,Inhibitory activity tested against protein kinase HER-2,B,,CHEMBL1824,,,pending
ERBB2__CHEMBL597492,ERBB2,CHEMBL597492,CHEMBL1070747,CHEMBL1158526,Inhibition of ERBB2 after 80 mins by radiometric protein kinase assay,B,,CHEMBL1824,,,pending
ERBB2__CHEMBL605957,ERBB2,CHEMBL605957,CHEMBL1070747,CHEMBL1158526,Inhibition of ERBB2 after 80 mins by radiometric protein kinase assay,B,,CHEMBL1824,,,pending
ERBB2__CHEMBL66570,ERBB2,CHEMBL66570,CHEMBL683802,CHEMBL1134862,Inhibition of autophosphorylation of human Her (p185erbB) tyrosine kinase expressed in SKOV-3 cells,F,Homo sapiens,CHEMBL1824,,,pending
ERBB2__CHEMBL67003,ERBB2,CHEMBL67003,CHEMBL683802,CHEMBL1134862,Inhibition of autophosphorylation of human Her (p185erbB) tyrosine kinase expressed in SKOV-3 cells,F,Homo sapiens,CHEMBL1824,,,pending
ERBB2__CHEMBL67057,ERBB2,CHEMBL67057,CHEMBL683802,CHEMBL1134862,Inhibition of autophosphorylation of human Her (p185erbB) tyrosine kinase expressed in SKOV-3 cells,F,Homo sapiens,CHEMBL1824,,,pending
ERBB2__CHEMBL68920,ERBB2,CHEMBL68920,CHEMBL845865,CHEMBL1134862,Inhibition of autophosphorylation of human Her (p185erbB) tyrosine kinase expressed in SKOV-3 cells,F,Homo sapiens,CHEMBL1824,,,pending
ERBB2__CHEMBL69071,ERBB2,CHEMBL69071,CHEMBL686682,CHEMBL1134862,Inhibition of autophosphorylation of human Her (p185erbB) tyrosine kinase expressed in SKOV-3 cells,F,Homo sapiens,CHEMBL1824,,,pending
ERBB2__CHEMBL69358,ERBB2,CHEMBL69358,CHEMBL683802,CHEMBL1134862,Inhibition of autophosphorylation of human Her (p185erbB) tyrosine kinase expressed in SKOV-3 cells,F,Homo sapiens,CHEMBL1824,,,pending
ERBB2__CHEMBL69629,ERBB2,CHEMBL69629,CHEMBL683802,CHEMBL1134862,Inhibition of autophosphorylation of human Her (p185erbB) tyrosine kinase expressed in SKOV-3 cells,F,Homo sapiens,CHEMBL1824,,,pending
ERBB2__CHEMBL69960,ERBB2,CHEMBL69960,CHEMBL683802,CHEMBL1134862,Inhibition of autophosphorylation of human Her (p185erbB) tyrosine kinase expressed in SKOV-3 cells,F,Homo sapiens,CHEMBL1824,,,pending
ERBB2__CHEMBL69966,ERBB2,CHEMBL69966,CHEMBL683802,CHEMBL1134862,Inhibition of autophosphorylation of human Her (p185erbB) tyrosine kinase expressed in SKOV-3 cells,F,Homo sapiens,CHEMBL1824,,,pending
ERBB2__CHEMBL86326,ERBB2,CHEMBL86326,CHEMBL686676,CHEMBL1131018,Concentration required to achieve 50% inhibition of tyrosine phosphorylation on human Her-2 receptor tyrosine kinase (HER-2 RTK),B,,CHEMBL1824,,,pending
ERBB2__CHEMBL86432,ERBB2,CHEMBL86432,CHEMBL686676,CHEMBL1131018,Concentration required to achieve 50% inhibition of tyrosine phosphorylation on human Her-2 receptor tyrosine kinase (HER-2 RTK),B,,CHEMBL1824,,,pending
ERBB2__CHEMBL86944,ERBB2,CHEMBL86944,CHEMBL686676,CHEMBL1131018,Concentration required to achieve 50% inhibition of tyrosine phosphorylation on human Her-2 receptor tyrosine kinase (HER-2 RTK),B,,CHEMBL1824,,,pending
ERBB2__CHEMBL86945,ERBB2,CHEMBL86945,CHEMBL686676,CHEMBL1131018,Concentration required to achieve 50% inhibition of tyrosine phosphorylation on human Her-2 receptor tyrosine kinase (HER-2 RTK),B,,CHEMBL1824,,,pending
ERBB2__CHEMBL87746,ERBB2,CHEMBL87746,CHEMBL686676,CHEMBL1131018,Concentration required to achieve 50% inhibition of tyrosine phosphorylation on human Her-2 receptor tyrosine kinase (HER-2 RTK),B,,CHEMBL1824,,,pending
ERBB2__CHEMBL89505,ERBB2,CHEMBL89505,CHEMBL686676,CHEMBL1131018,Concentration required to achieve 50% inhibition of tyrosine phosphorylation on human Her-2 receptor tyrosine kinase (HER-2 RTK),B,,CHEMBL1824,,,pending
ERBB2__CHEMBL90277,ERBB2,CHEMBL90277,CHEMBL686676,CHEMBL1131018,Concentration required to achieve 50% inhibition of tyrosine phosphorylation on human Her-2 receptor tyrosine kinase (HER-2 RTK),B,,CHEMBL1824,,,pending
ERBB2__CHEMBL90595,ERBB2,CHEMBL90595,CHEMBL676070,CHEMBL1134561,Inhibition of human epidermal growth factor receptor (HER-2) using enzyme assay,B,,CHEMBL1824,,,pending
ERBB2__CHEMBL91009,ERBB2,CHEMBL91009,CHEMBL676070,CHEMBL1134561,Inhibition of human epidermal growth factor receptor (HER-2) using enzyme assay,B,,CHEMBL1824,,,pending
ERBB2__CHEMBL91748,ERBB2,CHEMBL91748,CHEMBL676070,CHEMBL1134561,Inhibition of human epidermal growth factor receptor (HER-2) using enzyme assay,B,,CHEMBL1824,,,pending
ERBB2__CHEMBL91811,ERBB2,CHEMBL91811,CHEMBL676070,CHEMBL1134561,Inhibition of human epidermal growth factor receptor (HER-2) using enzyme assay,B,,CHEMBL1824,,,pending
ERBB2__CHEMBL91867,ERBB2,CHEMBL91867,CHEMBL862513,CHEMBL1138126,Inhibition of erbB2 fusion protein expressed in baculovirus by ELISA,B,Homo sapiens,CHEMBL1824,,,pending
ERBB2__CHEMBL92086,ERBB2,CHEMBL92086,CHEMBL676070,CHEMBL1134561,Inhibition of human epidermal growth factor receptor (HER-2) using enzyme assay,B,,CHEMBL1824,,,pending
ERBB2__CHEMBL92356,ERBB2,CHEMBL92356,CHEMBL676070,CHEMBL1134561,Inhibition of human epidermal growth factor receptor (HER-2) using enzyme assay,B,,CHEMBL1824,,,pending
ERBB2__CHEMBL92961,ERBB2,CHEMBL92961,CHEMBL676070,CHEMBL1134561,Inhibition of human epidermal growth factor receptor (HER-2) using enzyme assay,B,,CHEMBL1824,,,pending
ERBB2__CHEMBL93049,ERBB2,CHEMBL93049,CHEMBL953992,CHEMBL1150417,Inhibition of HER2,B,,CHEMBL1824,,,pending
ERBB2__CHEMBL93386,ERBB2,CHEMBL93386,CHEMBL676070,CHEMBL1134561,Inhibition of human epidermal growth factor receptor (HER-2) using enzyme assay,B,,CHEMBL1824,,,pending
ERBB2__CHEMBL93464,ERBB2,CHEMBL93464,CHEMBL676070,CHEMBL1134561,Inhibition of human epidermal growth factor receptor (HER-2) using enzyme assay,B,,CHEMBL1824,,,pending
ERBB2__CHEMBL93754,ERBB2,CHEMBL93754,CHEMBL676070,CHEMBL1134561,Inhibition of human epidermal growth factor receptor (HER-2) using enzyme assay,B,,CHEMBL1824,,,pending
ERBB2__CHEMBL93783,ERBB2,CHEMBL93783,CHEMBL676070,CHEMBL1134561,Inhibition of human epidermal growth factor receptor (HER-2) using enzyme assay,B,,CHEMBL1824,,,pending
ERBB2__CHEMBL93784,ERBB2,CHEMBL93784,CHEMBL676070,CHEMBL1134561,Inhibition of human epidermal growth factor receptor (HER-2) using enzyme assay,B,,CHEMBL1824,,,pending
ERBB2__CHEMBL94061,ERBB2,CHEMBL94061,CHEMBL676070,CHEMBL1134561,Inhibition of human epidermal growth factor receptor (HER-2) using enzyme assay,B,,CHEMBL1824,,,pending
ERBB2__CHEMBL94062,ERBB2,CHEMBL94062,CHEMBL676070,CHEMBL1134561,Inhibition of human epidermal growth factor receptor (HER-2) using enzyme assay,B,,CHEMBL1824,,,pending
ERBB2__CHEMBL94066,ERBB2,CHEMBL94066,CHEMBL676070,CHEMBL1134561,Inhibition of human epidermal growth factor receptor (HER-2) using enzyme assay,B,,CHEMBL1824,,,pending
