target_label,molecule_chembl_id,resolution,n_records,activity_classes,documents
BTK,CHEMBL1873475,median_potency_representative,9,active,CHEMBL1914368;CHEMBL2216750;CHEMBL3286193;CHEMBL3603780;CHEMBL3611978;CHEMBL3639278;CHEMBL3808322
BTK,CHEMBL1916712,median_potency_representative,1,active,CHEMBL1914368
BTK,CHEMBL1916713,median_potency_representative,1,active,CHEMBL1914368
BTK,CHEMBL1916714,median_potency_representative,1,active,CHEMBL1914368
BTK,CHEMBL1916715,median_potency_representative,1,active,CHEMBL1914368
BTK,CHEMBL1916716,median_potency_representative,1,active,CHEMBL1914368
BTK,CHEMBL1916717,median_potency_representative,1,active,CHEMBL1914368
BTK,CHEMBL1916718,median_potency_representative,1,active,CHEMBL1914368
BTK,CHEMBL1916879,median_potency_representative,1,active,CHEMBL1914368
BTK,CHEMBL1916880,median_potency_representative,1,active,CHEMBL1914368
BTK,CHEMBL1916881,median_potency_representative,1,active,CHEMBL1914368
BTK,CHEMBL1916882,median_potency_representative,1,active,CHEMBL1914368
BTK,CHEMBL1916883,median_potency_representative,1,active,CHEMBL1914368
BTK,CHEMBL1916884,median_potency_representative,1,active,CHEMBL1914368
BTK,CHEMBL1916885,median_potency_representative,1,active,CHEMBL1914368
BTK,CHEMBL1916886,median_potency_representative,1,active,CHEMBL1914368
BTK,CHEMBL1916887,median_potency_representative,1,active,CHEMBL1914368
BTK,CHEMBL1916888,median_potency_representative,1,active,CHEMBL1914368
BTK,CHEMBL1916889,median_potency_representative,1,active,CHEMBL1914368
BTK,CHEMBL1916890,median_potency_representative,1,active,CHEMBL1914368
BTK,CHEMBL1916891,median_potency_representative,5,active,CHEMBL1914368;CHEMBL2057130
BTK,CHEMBL1916892,median_potency_representative,1,active,CHEMBL1914368
BTK,CHEMBL1916893,median_potency_representative,1,active,CHEMBL1914368
BTK,CHEMBL1916894,median_potency_representative,1,active,CHEMBL1914368
BTK,CHEMBL1916895,median_potency_representative,1,active,CHEMBL1914368
BTK,CHEMBL1916896,median_potency_representative,1,active,CHEMBL1914368
BTK,CHEMBL1916897,median_potency_representative,2,active,CHEMBL1914368
BTK,CHEMBL1916898,median_potency_representative,1,active,CHEMBL1914368
BTK,CHEMBL1916899,median_potency_representative,1,active,CHEMBL1914368
BTK,CHEMBL1916900,median_potency_representative,1,active,CHEMBL1914368
BTK,CHEMBL1916901,median_potency_representative,1,active,CHEMBL1914368
BTK,CHEMBL1916902,median_potency_representative,1,active,CHEMBL1914368
BTK,CHEMBL1916903,median_potency_representative,1,active,CHEMBL1914368
BTK,CHEMBL2057913,median_potency_representative,1,active,CHEMBL2057130
BTK,CHEMBL2179790,median_potency_representative,1,active,CHEMBL2177048
BTK,CHEMBL2179804,median_potency_representative,1,active,CHEMBL2177048
BTK,CHEMBL2179805,median_potency_representative,1,active,CHEMBL2177048
BTK,CHEMBL2179806,median_potency_representative,1,active,CHEMBL2177048
BTK,CHEMBL2216827,median_potency_representative,1,active,CHEMBL2216750
BTK,CHEMBL2216828,median_potency_representative,1,active,CHEMBL2216750
BTK,CHEMBL228043,median_potency_representative,1,inactive,CHEMBL1145498
BTK,CHEMBL31965,median_potency_representative,1,active,CHEMBL1154498
BTK,CHEMBL3286434,median_potency_representative,1,active,CHEMBL3286193
BTK,CHEMBL3290140,median_potency_representative,1,active,CHEMBL3286193
BTK,CHEMBL3290142,median_potency_representative,3,active,CHEMBL3286193
BTK,CHEMBL3290143,median_potency_representative,1,active,CHEMBL3286193
BTK,CHEMBL3290144,median_potency_representative,1,active,CHEMBL3286193
BTK,CHEMBL3290145,median_potency_representative,1,active,CHEMBL3286193
BTK,CHEMBL3290147,median_potency_representative,1,active,CHEMBL3286193
BTK,CHEMBL3290148,median_potency_representative,2,active,CHEMBL3286193
BTK,CHEMBL3290149,median_potency_representative,1,active,CHEMBL3286193
BTK,CHEMBL3290150,median_potency_representative,1,active,CHEMBL3286193
BTK,CHEMBL3290151,median_potency_representative,1,active,CHEMBL3286193
BTK,CHEMBL3301625,median_potency_representative,1,active,CHEMBL3784966
BTK,CHEMBL3355052,median_potency_representative,1,active,CHEMBL3351331
BTK,CHEMBL3601223,median_potency_representative,1,active,CHEMBL3600288
BTK,CHEMBL3612847,median_potency_representative,1,active,CHEMBL3611978
BTK,CHEMBL3612990,median_potency_representative,1,active,CHEMBL3611978
BTK,CHEMBL3612994,median_potency_representative,1,active,CHEMBL3611978
BTK,CHEMBL3647964,median_potency_representative,1,active,CHEMBL3639278
BTK,CHEMBL3647965,median_potency_representative,1,active,CHEMBL3639278
BTK,CHEMBL3647966,median_potency_representative,1,active,CHEMBL3639278
BTK,CHEMBL3647967,median_potency_representative,1,active,CHEMBL3639278
BTK,CHEMBL3647968,median_potency_representative,1,active,CHEMBL3639278
BTK,CHEMBL3647969,median_potency_representative,1,active,CHEMBL3639278
BTK,CHEMBL3647970,median_potency_representative,1,active,CHEMBL3639278
BTK,CHEMBL3647971,median_potency_representative,1,active,CHEMBL3639278
BTK,CHEMBL3647972,median_potency_representative,1,active,CHEMBL3639278
BTK,CHEMBL3647973,median_potency_representative,1,active,CHEMBL3639278
BTK,CHEMBL3707348,median_potency_representative,1,active,CHEMBL3808322
BTK,CHEMBL3785165,median_potency_representative,1,active,CHEMBL3784966
BTK,CHEMBL3785329,median_potency_representative,1,active,CHEMBL3784966
BTK,CHEMBL3785991,median_potency_representative,1,active,CHEMBL3784966
BTK,CHEMBL3786343,median_potency_representative,1,active,CHEMBL3808322
BTK,CHEMBL3786656,median_potency_representative,1,active,CHEMBL3784966
BTK,CHEMBL3786922,median_potency_representative,1,active,CHEMBL3784966
BTK,CHEMBL3786931,median_potency_representative,1,active,CHEMBL3784966
BTK,CHEMBL3787055,median_potency_representative,1,active,CHEMBL3784966
BTK,CHEMBL3787191,median_potency_representative,1,active,CHEMBL3784966
BTK,CHEMBL3787217,median_potency_representative,1,active,CHEMBL3784966
BTK,CHEMBL3787293,median_potency_representative,1,active,CHEMBL3784966
BTK,CHEMBL3787531,median_potency_representative,1,active,CHEMBL3784966
BTK,CHEMBL3787615,median_potency_representative,1,active,CHEMBL3784966
BTK,CHEMBL3787652,median_potency_representative,1,active,CHEMBL3784966
BTK,CHEMBL3787671,median_potency_representative,1,active,CHEMBL3784966
BTK,CHEMBL3808547,median_potency_representative,1,active,CHEMBL3808322
BTK,CHEMBL3809874,median_potency_representative,1,active,CHEMBL3808322
BTK,CHEMBL3810269,median_potency_representative,1,active,CHEMBL3808322
EGFR,CHEMBL113900,median_potency_representative,2,active,CHEMBL1145020;CHEMBL1147456
EGFR,CHEMBL113996,median_potency_representative,2,inactive,CHEMBL1145020;CHEMBL1147456
EGFR,CHEMBL114073,median_potency_representative,2,inactive,CHEMBL1145020;CHEMBL1147456
EGFR,CHEMBL114593,median_potency_representative,2,active,CHEMBL1145020;CHEMBL1147456
EGFR,CHEMBL115187,median_potency_representative,2,active,CHEMBL1145020;CHEMBL1147456
EGFR,CHEMBL115440,median_potency_representative,2,active,CHEMBL1145020;CHEMBL1147456
EGFR,CHEMBL115519,median_potency_representative,1,inactive,CHEMBL1136802
EGFR,CHEMBL115895,median_potency_representative,2,inactive,CHEMBL1126897;CHEMBL1136802
EGFR,CHEMBL116012,median_potency_representative,2,inactive,CHEMBL1145020;CHEMBL1147456
EGFR,CHEMBL1161234,median_potency_representative,1,inactive,CHEMBL1136802
EGFR,CHEMBL116525,median_potency_representative,2,active,CHEMBL1145020;CHEMBL1147456
EGFR,CHEMBL116595,excluded_conflicting_labels,3,active;inactive,CHEMBL1126897;CHEMBL1136802
EGFR,CHEMBL116853,median_potency_representative,2,active,CHEMBL1145020;CHEMBL1147456
EGFR,CHEMBL117324,median_potency_representative,1,active,CHEMBL1147456
EGFR,CHEMBL117326,median_potency_representative,2,active,CHEMBL1145020;CHEMBL1147456
EGFR,CHEMBL118109,median_potency_representative,4,inactive,CHEMBL1126897;CHEMBL1136802
EGFR,CHEMBL118205,median_potency_representative,1,inactive,CHEMBL1126897
EGFR,CHEMBL119156,median_potency_representative,2,inactive,CHEMBL1126897
EGFR,CHEMBL119923,median_potency_representative,3,inactive,CHEMBL1126897
EGFR,CHEMBL119987,excluded_conflicting_labels,3,active;inactive,CHEMBL1126897;CHEMBL1136802
EGFR,CHEMBL134371,median_potency_representative,1,active,CHEMBL1134843
EGFR,CHEMBL135142,median_potency_representative,2,active,CHEMBL1134843
EGFR,CHEMBL136058,median_potency_representative,3,active,CHEMBL1134843
EGFR,CHEMBL136102,median_potency_representative,2,active,CHEMBL1134843
EGFR,CHEMBL136178,median_potency_representative,1,active,CHEMBL1134843
EGFR,CHEMBL136404,median_potency_representative,2,active,CHEMBL1134843
EGFR,CHEMBL136511,median_potency_representative,2,active,CHEMBL1134843
EGFR,CHEMBL137082,median_potency_representative,2,active,CHEMBL1134843
EGFR,CHEMBL138363,median_potency_representative,2,active,CHEMBL1134843
EGFR,CHEMBL138691,median_potency_representative,1,active,CHEMBL1134843
EGFR,CHEMBL138940,median_potency_representative,3,active,CHEMBL1134843
EGFR,CHEMBL139044,median_potency_representative,2,active,CHEMBL1134843
EGFR,CHEMBL139095,median_potency_representative,2,active,CHEMBL1134843
EGFR,CHEMBL139307,median_potency_representative,2,active,CHEMBL1134843
EGFR,CHEMBL140561,median_potency_representative,3,active,CHEMBL1134843
EGFR,CHEMBL141175,median_potency_representative,1,inactive,CHEMBL1136802
EGFR,CHEMBL141238,median_potency_representative,1,inactive,CHEMBL1136802
EGFR,CHEMBL144159,median_potency_representative,1,inactive,CHEMBL1129590
EGFR,CHEMBL144589,median_potency_representative,1,active,CHEMBL1129590
EGFR,CHEMBL144632,median_potency_representative,1,inactive,CHEMBL1129590
EGFR,CHEMBL144760,excluded_conflicting_labels,2,active;inactive,CHEMBL1129590
EGFR,CHEMBL144770,median_potency_representative,1,active,CHEMBL1129590
EGFR,CHEMBL144778,median_potency_representative,1,inactive,CHEMBL1129590
EGFR,CHEMBL144842,excluded_conflicting_labels,2,active;inactive,CHEMBL1129590
EGFR,CHEMBL144908,excluded_conflicting_labels,2,active;inactive,CHEMBL1129590
EGFR,CHEMBL145266,median_potency_representative,2,inactive,CHEMBL1129590
EGFR,CHEMBL146694,median_potency_representative,1,inactive,CHEMBL1132535
EGFR,CHEMBL147112,median_potency_representative,1,inactive,CHEMBL1132535
EGFR,CHEMBL147761,median_potency_representative,1,inactive,CHEMBL1132535
EGFR,CHEMBL147880,median_potency_representative,1,inactive,CHEMBL1129590
EGFR,CHEMBL148514,median_potency_representative,1,inactive,CHEMBL1132535
EGFR,CHEMBL148984,median_potency_representative,1,inactive,CHEMBL1132535
EGFR,CHEMBL149201,median_potency_representative,1,inactive,CHEMBL1132535
EGFR,CHEMBL150177,median_potency_representative,1,inactive,CHEMBL1132535
EGFR,CHEMBL157128,median_potency_representative,1,active,CHEMBL1145020
EGFR,CHEMBL2112369,median_potency_representative,1,active,CHEMBL1134561
EGFR,CHEMBL2112370,median_potency_representative,1,active,CHEMBL1134561
EGFR,CHEMBL263788,median_potency_representative,2,active,CHEMBL1145020;CHEMBL1147456
EGFR,CHEMBL264382,median_potency_representative,2,active,CHEMBL1134862
EGFR,CHEMBL27685,median_potency_representative,2,active,CHEMBL1133162
EGFR,CHEMBL27688,median_potency_representative,2,active,CHEMBL1133162
EGFR,CHEMBL279138,median_potency_representative,2,inactive,CHEMBL1129590
EGFR,CHEMBL280757,median_potency_representative,4,active,CHEMBL1132213;CHEMBL1133162
EGFR,CHEMBL281300,median_potency_representative,4,active,CHEMBL1145020;CHEMBL1147456;CHEMBL1147619
EGFR,CHEMBL281467,median_potency_representative,2,active,CHEMBL1147619
EGFR,CHEMBL281543,median_potency_representative,1,active,CHEMBL1133162
EGFR,CHEMBL283201,median_potency_representative,2,active,CHEMBL1133162
EGFR,CHEMBL283682,median_potency_representative,3,active,CHEMBL1145020;CHEMBL1147456;CHEMBL1147619
EGFR,CHEMBL28418,median_potency_representative,4,active,CHEMBL1132213;CHEMBL1133162
EGFR,CHEMBL284326,median_potency_representative,2,active,CHEMBL1133162
EGFR,CHEMBL285063,median_potency_representative,8,active,CHEMBL1132213;CHEMBL1133162;CHEMBL1134561;CHEMBL1134843;CHEMBL1145020
EGFR,CHEMBL286343,median_potency_representative,2,active,CHEMBL1133162
EGFR,CHEMBL290389,median_potency_representative,1,active,CHEMBL1133720
EGFR,CHEMBL291313,median_potency_representative,2,inactive,CHEMBL1125266
EGFR,CHEMBL291986,median_potency_representative,1,inactive,CHEMBL1125266
EGFR,CHEMBL293749,median_potency_representative,2,active,CHEMBL1125266;CHEMBL1136802
EGFR,CHEMBL296168,median_potency_representative,2,active,CHEMBL1132213
EGFR,CHEMBL296407,median_potency_representative,2,inactive,CHEMBL1125266;CHEMBL1126211
EGFR,CHEMBL297968,median_potency_representative,2,active,CHEMBL1132213
EGFR,CHEMBL302552,median_potency_representative,1,active,CHEMBL1134862
EGFR,CHEMBL304271,median_potency_representative,1,active,CHEMBL1134862
EGFR,CHEMBL304971,median_potency_representative,1,active,CHEMBL1134862
EGFR,CHEMBL305194,median_potency_representative,1,active,CHEMBL1134862
EGFR,CHEMBL305246,median_potency_representative,3,active,CHEMBL1134862
EGFR,CHEMBL305782,median_potency_representative,1,active,CHEMBL1134862
EGFR,CHEMBL308048,median_potency_representative,1,inactive,CHEMBL1124610
EGFR,CHEMBL308339,median_potency_representative,1,inactive,CHEMBL1124610
EGFR,CHEMBL308645,median_potency_representative,1,active,CHEMBL1134862
EGFR,CHEMBL308672,median_potency_representative,2,active,CHEMBL1134862
EGFR,CHEMBL30973,median_potency_representative,4,active,CHEMBL1145020;CHEMBL1147456;CHEMBL1147619
EGFR,CHEMBL31276,median_potency_representative,2,active,CHEMBL1147619
EGFR,CHEMBL31326,median_potency_representative,2,active,CHEMBL1133162
EGFR,CHEMBL31369,median_potency_representative,1,active,CHEMBL1133162
EGFR,CHEMBL31373,median_potency_representative,4,active,CHEMBL1132213;CHEMBL1133162
EGFR,CHEMBL314146,median_potency_representative,1,inactive,CHEMBL1131018
EGFR,CHEMBL31419,median_potency_representative,2,active,CHEMBL1133162
EGFR,CHEMBL31570,median_potency_representative,2,active,CHEMBL1133162
EGFR,CHEMBL31588,median_potency_representative,2,active,CHEMBL1133162
EGFR,CHEMBL316127,median_potency_representative,1,active,CHEMBL1134561
EGFR,CHEMBL31622,median_potency_representative,2,active,CHEMBL1133162
EGFR,CHEMBL31630,median_potency_representative,2,active,CHEMBL1133162
EGFR,CHEMBL31656,median_potency_representative,2,active,CHEMBL1133162
EGFR,CHEMBL31815,median_potency_representative,4,active,CHEMBL1132213;CHEMBL1133162
EGFR,CHEMBL31816,median_potency_representative,2,active,CHEMBL1133162
EGFR,CHEMBL31876,median_potency_representative,1,active,CHEMBL1147619
EGFR,CHEMBL31965,median_potency_representative,3,active,CHEMBL1133162;CHEMBL1135208
EGFR,CHEMBL32079,median_potency_representative,1,active,CHEMBL1133162
EGFR,CHEMBL323630,median_potency_representative,2,active,CHEMBL1145020;CHEMBL1147456
EGFR,CHEMBL324030,median_potency_representative,1,inactive,CHEMBL1126897
EGFR,CHEMBL324718,median_potency_representative,2,active,CHEMBL1145020;CHEMBL1147456
EGFR,CHEMBL326044,median_potency_representative,2,inactive,CHEMBL1126897
EGFR,CHEMBL326100,median_potency_representative,2,active,CHEMBL1126897;CHEMBL1136802
EGFR,CHEMBL326280,median_potency_representative,2,active,CHEMBL1145020;CHEMBL1147456
EGFR,CHEMBL326318,excluded_conflicting_labels,3,active;inactive,CHEMBL1126897;CHEMBL1136802
EGFR,CHEMBL327023,median_potency_representative,2,active,CHEMBL1145020;CHEMBL1147456
EGFR,CHEMBL327838,median_potency_representative,1,active,CHEMBL1134561
EGFR,CHEMBL328245,median_potency_representative,1,active,CHEMBL1134561
EGFR,CHEMBL32844,median_potency_representative,2,active,CHEMBL1133162
EGFR,CHEMBL328704,median_potency_representative,1,active,CHEMBL1134561
EGFR,CHEMBL328977,median_potency_representative,1,active,CHEMBL1134561
EGFR,CHEMBL329642,median_potency_representative,1,active,CHEMBL1134561
EGFR,CHEMBL329856,median_potency_representative,1,active,CHEMBL1134561
EGFR,CHEMBL331026,median_potency_representative,4,inactive,CHEMBL1126897;CHEMBL1136802
EGFR,CHEMBL333454,median_potency_representative,1,inactive,CHEMBL1126897
EGFR,CHEMBL334697,median_potency_representative,2,active,CHEMBL1134843
EGFR,CHEMBL334801,median_potency_representative,3,active,CHEMBL1134843
EGFR,CHEMBL342828,median_potency_representative,3,active,CHEMBL1134843
EGFR,CHEMBL343722,median_potency_representative,2,active,CHEMBL1134843
EGFR,CHEMBL343875,median_potency_representative,1,inactive,CHEMBL1136802
EGFR,CHEMBL344177,median_potency_representative,2,active,CHEMBL1134843
EGFR,CHEMBL344486,median_potency_representative,2,active,CHEMBL1134843
EGFR,CHEMBL345109,median_potency_representative,3,active,CHEMBL1134843
EGFR,CHEMBL347074,median_potency_representative,1,inactive,CHEMBL1132535
EGFR,CHEMBL357161,median_potency_representative,1,inactive,CHEMBL1129590
EGFR,CHEMBL357400,median_potency_representative,1,inactive,CHEMBL1129590
EGFR,CHEMBL358494,median_potency_representative,1,inactive,CHEMBL1129590
EGFR,CHEMBL358728,median_potency_representative,1,inactive,CHEMBL1132535
EGFR,CHEMBL358746,excluded_conflicting_labels,2,active;inactive,CHEMBL1129590
EGFR,CHEMBL414220,median_potency_representative,1,active,CHEMBL1134561
EGFR,CHEMBL414631,median_potency_representative,1,active,CHEMBL1145020
EGFR,CHEMBL417478,median_potency_representative,2,active,CHEMBL1133162
EGFR,CHEMBL417941,median_potency_representative,1,inactive,CHEMBL1125266
EGFR,CHEMBL419501,median_potency_representative,1,active,CHEMBL1134561
EGFR,CHEMBL422292,median_potency_representative,2,active,CHEMBL1134843
EGFR,CHEMBL424302,median_potency_representative,1,inactive,CHEMBL1129590
EGFR,CHEMBL424625,median_potency_representative,1,inactive,CHEMBL1126897
EGFR,CHEMBL430571,median_potency_representative,2,active,CHEMBL1132213
EGFR,CHEMBL431996,median_potency_representative,1,inactive,CHEMBL1133768
EGFR,CHEMBL432428,median_potency_representative,3,active,CHEMBL1126897;CHEMBL1136802
EGFR,CHEMBL432903,median_potency_representative,1,active,CHEMBL1134862
EGFR,CHEMBL434827,median_potency_representative,3,active,CHEMBL1134843
EGFR,CHEMBL434828,median_potency_representative,2,active,CHEMBL1134843
EGFR,CHEMBL441279,median_potency_representative,1,active,CHEMBL1147456
EGFR,CHEMBL442754,median_potency_representative,1,active,CHEMBL1134561
EGFR,CHEMBL443523,median_potency_representative,2,active,CHEMBL1132213
EGFR,CHEMBL450622,median_potency_representative,1,inactive,CHEMBL1132535
EGFR,CHEMBL48760,median_potency_representative,1,inactive,CHEMBL1131018
EGFR,CHEMBL49986,median_potency_representative,2,active,CHEMBL1132213
EGFR,CHEMBL51659,median_potency_representative,4,active,CHEMBL1132213;CHEMBL1134843
EGFR,CHEMBL51741,median_potency_representative,2,active,CHEMBL1132213
EGFR,CHEMBL52913,median_potency_representative,2,active,CHEMBL1132213
EGFR,CHEMBL53203,median_potency_representative,2,active,CHEMBL1132213
EGFR,CHEMBL53555,median_potency_representative,2,active,CHEMBL1132213
EGFR,CHEMBL53637,median_potency_representative,2,active,CHEMBL1132213
EGFR,CHEMBL53665,median_potency_representative,2,active,CHEMBL1132213
EGFR,CHEMBL53690,median_potency_representative,2,active,CHEMBL1132213
EGFR,CHEMBL53898,median_potency_representative,4,active,CHEMBL1125266;CHEMBL1132364;CHEMBL1136802
EGFR,CHEMBL54088,median_potency_representative,2,active,CHEMBL1132213
EGFR,CHEMBL54091,median_potency_representative,2,active,CHEMBL1132213
EGFR,CHEMBL545315,median_potency_representative,3,active,CHEMBL1134843
EGFR,CHEMBL55360,median_potency_representative,2,inactive,CHEMBL1125266;CHEMBL1136802
EGFR,CHEMBL55748,median_potency_representative,1,inactive,CHEMBL1125266
EGFR,CHEMBL55979,median_potency_representative,2,active,CHEMBL1125266
EGFR,CHEMBL56201,median_potency_representative,1,inactive,CHEMBL1125266
EGFR,CHEMBL56219,median_potency_representative,1,inactive,CHEMBL1125266
EGFR,CHEMBL56319,median_potency_representative,2,inactive,CHEMBL1125266;CHEMBL1136802
EGFR,CHEMBL56542,median_potency_representative,3,inactive,CHEMBL1125266;CHEMBL1136802
EGFR,CHEMBL56543,median_potency_representative,3,active,CHEMBL1125266;CHEMBL1132364;CHEMBL1136802
EGFR,CHEMBL56731,median_potency_representative,1,active,CHEMBL1125266
EGFR,CHEMBL56964,median_potency_representative,1,inactive,CHEMBL1125266
EGFR,CHEMBL57251,median_potency_representative,1,inactive,CHEMBL1136802
EGFR,CHEMBL607707,median_potency_representative,5,active,CHEMBL1135208;CHEMBL1145020;CHEMBL1147456;CHEMBL1147619
EGFR,CHEMBL66570,median_potency_representative,2,active,CHEMBL1134862
EGFR,CHEMBL67003,median_potency_representative,2,active,CHEMBL1134862
EGFR,CHEMBL67057,median_potency_representative,2,active,CHEMBL1134862
EGFR,CHEMBL67535,median_potency_representative,1,active,CHEMBL1129590
EGFR,CHEMBL68920,median_potency_representative,2,active,CHEMBL1134862
EGFR,CHEMBL69071,median_potency_representative,1,active,CHEMBL1134862
EGFR,CHEMBL69358,median_potency_representative,2,active,CHEMBL1134862
EGFR,CHEMBL69629,median_potency_representative,2,active,CHEMBL1134862
EGFR,CHEMBL69960,median_potency_representative,3,active,CHEMBL1134862
EGFR,CHEMBL69964,median_potency_representative,1,active,CHEMBL1134862
EGFR,CHEMBL69966,median_potency_representative,3,active,CHEMBL1134862
EGFR,CHEMBL76557,median_potency_representative,1,inactive,CHEMBL1124610
EGFR,CHEMBL77243,median_potency_representative,1,inactive,CHEMBL1124610
EGFR,CHEMBL85021,median_potency_representative,1,inactive,CHEMBL1131018
EGFR,CHEMBL86326,median_potency_representative,1,inactive,CHEMBL1131018
EGFR,CHEMBL86531,median_potency_representative,1,inactive,CHEMBL1133768
EGFR,CHEMBL87746,median_potency_representative,1,inactive,CHEMBL1131018
EGFR,CHEMBL90595,median_potency_representative,1,active,CHEMBL1134561
EGFR,CHEMBL91009,median_potency_representative,1,active,CHEMBL1134561
EGFR,CHEMBL91748,median_potency_representative,1,active,CHEMBL1134561
EGFR,CHEMBL91811,median_potency_representative,1,active,CHEMBL1134561
EGFR,CHEMBL91867,median_potency_representative,1,active,CHEMBL1134561
EGFR,CHEMBL91925,median_potency_representative,1,active,CHEMBL1134561
EGFR,CHEMBL92086,median_potency_representative,3,active,CHEMBL1134561;CHEMBL1134843
EGFR,CHEMBL92356,median_potency_representative,1,active,CHEMBL1134561
EGFR,CHEMBL92731,median_potency_representative,1,active,CHEMBL1134561
EGFR,CHEMBL92902,median_potency_representative,1,active,CHEMBL1134561
EGFR,CHEMBL92961,median_potency_representative,1,active,CHEMBL1134561
EGFR,CHEMBL93049,median_potency_representative,1,active,CHEMBL1134561
EGFR,CHEMBL93386,median_potency_representative,1,active,CHEMBL1134561
EGFR,CHEMBL93464,median_potency_representative,3,active,CHEMBL1134561;CHEMBL1134843
EGFR,CHEMBL93537,median_potency_representative,1,active,CHEMBL1134561
EGFR,CHEMBL93783,median_potency_representative,1,active,CHEMBL1134561
EGFR,CHEMBL93784,median_potency_representative,1,active,CHEMBL1134561
EGFR,CHEMBL94061,median_potency_representative,2,active,CHEMBL1134561;CHEMBL1145020
EGFR,CHEMBL94062,median_potency_representative,1,active,CHEMBL1134561
EGFR,CHEMBL94066,median_potency_representative,1,active,CHEMBL1134561
EGFR,CHEMBL94068,median_potency_representative,1,active,CHEMBL1134561
EGFR,CHEMBL94109,median_potency_representative,1,active,CHEMBL1134561
EGFR,CHEMBL94123,median_potency_representative,1,active,CHEMBL1134561
EGFR,CHEMBL95774,median_potency_representative,1,active,CHEMBL1135208
ERBB2,CHEMBL109480,median_potency_representative,1,active,CHEMBL1154504
ERBB2,CHEMBL113900,median_potency_representative,1,active,CHEMBL1145020
ERBB2,CHEMBL113901,median_potency_representative,1,inactive,CHEMBL1145020
ERBB2,CHEMBL113902,median_potency_representative,1,inactive,CHEMBL1145020
ERBB2,CHEMBL113985,median_potency_representative,1,inactive,CHEMBL1145020
ERBB2,CHEMBL113996,median_potency_representative,1,inactive,CHEMBL1145020
ERBB2,CHEMBL114073,median_potency_representative,1,inactive,CHEMBL1145020
ERBB2,CHEMBL114593,median_potency_representative,1,active,CHEMBL1145020
ERBB2,CHEMBL115187,median_potency_representative,1,active,CHEMBL1145020
ERBB2,CHEMBL115440,median_potency_representative,1,active,CHEMBL1145020
ERBB2,CHEMBL115519,median_potency_representative,1,inactive,CHEMBL1136802
ERBB2,CHEMBL116012,median_potency_representative,1,inactive,CHEMBL1145020
ERBB2,CHEMBL1161234,median_potency_representative,1,inactive,CHEMBL1136802
ERBB2,CHEMBL1161235,median_potency_representative,1,inactive,CHEMBL1136802
ERBB2,CHEMBL116595,median_potency_representative,1,active,CHEMBL1136802
ERBB2,CHEMBL116853,median_potency_representative,1,active,CHEMBL1145020
ERBB2,CHEMBL1173655,median_potency_representative,1,active,CHEMBL1139297
ERBB2,CHEMBL118109,median_potency_representative,1,active,CHEMBL1136802
ERBB2,CHEMBL119156,median_potency_representative,1,active,CHEMBL1136802
ERBB2,CHEMBL119987,median_potency_representative,1,active,CHEMBL1136802
ERBB2,CHEMBL136058,median_potency_representative,1,active,CHEMBL1134843
ERBB2,CHEMBL138940,median_potency_representative,1,active,CHEMBL1134843
ERBB2,CHEMBL140561,median_potency_representative,1,active,CHEMBL1134843
ERBB2,CHEMBL141238,median_potency_representative,1,inactive,CHEMBL1136802
ERBB2,CHEMBL153763,median_potency_representative,1,active,CHEMBL1142663
ERBB2,CHEMBL1630107,median_potency_representative,1,active,CHEMBL1629443
ERBB2,CHEMBL1630108,median_potency_representative,1,active,CHEMBL1629443
ERBB2,CHEMBL1630109,median_potency_representative,1,active,CHEMBL1629443
ERBB2,CHEMBL1630110,median_potency_representative,1,active,CHEMBL1629443
ERBB2,CHEMBL1630113,median_potency_representative,1,active,CHEMBL1629443
ERBB2,CHEMBL1630114,median_potency_representative,1,active,CHEMBL1629443
ERBB2,CHEMBL1630115,median_potency_representative,1,active,CHEMBL1629443
ERBB2,CHEMBL1683963,median_potency_representative,1,active,CHEMBL1681756
ERBB2,CHEMBL1683965,median_potency_representative,1,active,CHEMBL1681756
ERBB2,CHEMBL1683966,median_potency_representative,1,active,CHEMBL1681756
ERBB2,CHEMBL1683967,median_potency_representative,1,active,CHEMBL1681756
ERBB2,CHEMBL1683968,median_potency_representative,1,active,CHEMBL1681756
ERBB2,CHEMBL1683969,median_potency_representative,1,active,CHEMBL1681756
ERBB2,CHEMBL175492,median_potency_representative,1,active,CHEMBL1142663
ERBB2,CHEMBL175513,median_potency_representative,1,active,CHEMBL1142663
ERBB2,CHEMBL175556,median_potency_representative,1,active,CHEMBL1142663
ERBB2,CHEMBL175557,median_potency_representative,1,active,CHEMBL1142663
ERBB2,CHEMBL175558,median_potency_representative,2,active,CHEMBL1142663;CHEMBL1150417
ERBB2,CHEMBL175840,median_potency_representative,1,active,CHEMBL1142663
ERBB2,CHEMBL175933,median_potency_representative,1,active,CHEMBL1142663
ERBB2,CHEMBL176199,median_potency_representative,1,active,CHEMBL1142663
ERBB2,CHEMBL178144,median_potency_representative,1,active,CHEMBL1142663
ERBB2,CHEMBL178199,median_potency_representative,1,active,CHEMBL1142663
ERBB2,CHEMBL178290,median_potency_representative,1,active,CHEMBL1142663
ERBB2,CHEMBL178312,median_potency_representative,1,active,CHEMBL1142663
ERBB2,CHEMBL178573,median_potency_representative,1,active,CHEMBL1142663
ERBB2,CHEMBL178654,median_potency_representative,1,active,CHEMBL1142663
ERBB2,CHEMBL178958,median_potency_representative,1,active,CHEMBL1142663
ERBB2,CHEMBL179052,median_potency_representative,1,active,CHEMBL1142663
ERBB2,CHEMBL179123,median_potency_representative,1,active,CHEMBL1142663
ERBB2,CHEMBL179164,median_potency_representative,1,active,CHEMBL1142663
ERBB2,CHEMBL179310,median_potency_representative,1,active,CHEMBL1142663
ERBB2,CHEMBL179313,median_potency_representative,1,active,CHEMBL1142663
ERBB2,CHEMBL179363,median_potency_representative,2,active,CHEMBL1142663;CHEMBL1150417
ERBB2,CHEMBL179458,median_potency_representative,1,active,CHEMBL1142663
ERBB2,CHEMBL179521,median_potency_representative,1,inactive,CHEMBL1142663
ERBB2,CHEMBL179527,median_potency_representative,1,active,CHEMBL1142663
ERBB2,CHEMBL179572,median_potency_representative,1,active,CHEMBL1142663
ERBB2,CHEMBL179577,median_potency_representative,1,active,CHEMBL1142663
ERBB2,CHEMBL179607,median_potency_representative,1,active,CHEMBL1142663
ERBB2,CHEMBL179652,median_potency_representative,1,active,CHEMBL1142663
ERBB2,CHEMBL179659,median_potency_representative,1,active,CHEMBL1142663
ERBB2,CHEMBL179726,median_potency_representative,1,active,CHEMBL1142663
ERBB2,CHEMBL179766,median_potency_representative,1,active,CHEMBL1142663
ERBB2,CHEMBL179923,median_potency_representative,1,active,CHEMBL1142663
ERBB2,CHEMBL179969,median_potency_representative,1,active,CHEMBL1142663
ERBB2,CHEMBL180018,median_potency_representative,1,active,CHEMBL1142663
ERBB2,CHEMBL180022,median_potency_representative,3,active,CHEMBL1139297;CHEMBL1142663;CHEMBL1149823
ERBB2,CHEMBL180175,median_potency_representative,1,active,CHEMBL1142663
ERBB2,CHEMBL180227,median_potency_representative,1,active,CHEMBL1142663
ERBB2,CHEMBL180415,median_potency_representative,1,active,CHEMBL1142663
ERBB2,CHEMBL180516,median_potency_representative,1,active,CHEMBL1142663
ERBB2,CHEMBL190094,median_potency_representative,1,active,CHEMBL1141151
ERBB2,CHEMBL201511,median_potency_representative,3,inactive,CHEMBL1137241;CHEMBL1157465;CHEMBL1158526
ERBB2,CHEMBL202360,median_potency_representative,1,active,CHEMBL1138126
ERBB2,CHEMBL202398,median_potency_representative,2,active,CHEMBL1138126
ERBB2,CHEMBL202411,median_potency_representative,2,active,CHEMBL1138126
ERBB2,CHEMBL202421,median_potency_representative,2,active,CHEMBL1138126
ERBB2,CHEMBL202424,median_potency_representative,2,active,CHEMBL1138126
ERBB2,CHEMBL202425,median_potency_representative,2,active,CHEMBL1138126
ERBB2,CHEMBL202556,median_potency_representative,2,active,CHEMBL1138126
ERBB2,CHEMBL202621,median_potency_representative,2,active,CHEMBL1138126
ERBB2,CHEMBL203599,median_potency_representative,3,active,CHEMBL1138126
ERBB2,CHEMBL203644,median_potency_representative,2,active,CHEMBL1138126
ERBB2,CHEMBL203645,median_potency_representative,2,active,CHEMBL1138126
ERBB2,CHEMBL203661,median_potency_representative,2,active,CHEMBL1138126
ERBB2,CHEMBL204085,median_potency_representative,2,active,CHEMBL1138126
ERBB2,CHEMBL204638,median_potency_representative,2,active,CHEMBL1138126
ERBB2,CHEMBL205059,median_potency_representative,2,active,CHEMBL1138126
ERBB2,CHEMBL2112990,median_potency_representative,1,active,CHEMBL1142663
ERBB2,CHEMBL264382,median_potency_representative,1,active,CHEMBL1134862
ERBB2,CHEMBL275762,median_potency_representative,1,active,CHEMBL1141151
ERBB2,CHEMBL27685,median_potency_representative,1,active,CHEMBL1133162
ERBB2,CHEMBL280757,median_potency_representative,2,active,CHEMBL1132213;CHEMBL1133162
ERBB2,CHEMBL28418,median_potency_representative,2,active,CHEMBL1132213;CHEMBL1133162
ERBB2,CHEMBL284326,median_potency_representative,1,active,CHEMBL1133162
ERBB2,CHEMBL285063,median_potency_representative,4,active,CHEMBL1132213;CHEMBL1133162;CHEMBL1134561;CHEMBL1154498
ERBB2,CHEMBL291986,median_potency_representative,1,inactive,CHEMBL1125266
ERBB2,CHEMBL293749,median_potency_representative,3,inactive,CHEMBL1125266;CHEMBL1132364;CHEMBL1136802
ERBB2,CHEMBL305194,median_potency_representative,1,inactive,CHEMBL1134862
ERBB2,CHEMBL305246,median_potency_representative,2,active,CHEMBL1134862
ERBB2,CHEMBL31373,median_potency_representative,2,active,CHEMBL1132213;CHEMBL1133162
ERBB2,CHEMBL314021,median_potency_representative,1,inactive,CHEMBL1131018
ERBB2,CHEMBL31419,median_potency_representative,1,active,CHEMBL1133162
ERBB2,CHEMBL315546,median_potency_representative,1,inactive,CHEMBL1131018
ERBB2,CHEMBL315701,median_potency_representative,1,inactive,CHEMBL1131018
ERBB2,CHEMBL31656,median_potency_representative,1,active,CHEMBL1133162
ERBB2,CHEMBL31815,median_potency_representative,2,active,CHEMBL1132213;CHEMBL1133162
ERBB2,CHEMBL31816,median_potency_representative,1,active,CHEMBL1133162
ERBB2,CHEMBL31965,median_potency_representative,4,active,CHEMBL1133162;CHEMBL1135208;CHEMBL1139297;CHEMBL1154498
ERBB2,CHEMBL326100,median_potency_representative,1,active,CHEMBL1136802
ERBB2,CHEMBL326280,median_potency_representative,1,active,CHEMBL1145020
ERBB2,CHEMBL327838,median_potency_representative,1,active,CHEMBL1134561
ERBB2,CHEMBL328245,median_potency_representative,1,active,CHEMBL1134561
ERBB2,CHEMBL328704,median_potency_representative,1,active,CHEMBL1134561
ERBB2,CHEMBL328977,median_potency_representative,1,active,CHEMBL1134561
ERBB2,CHEMBL329642,median_potency_representative,1,inactive,CHEMBL1134561
ERBB2,CHEMBL329856,median_potency_representative,1,active,CHEMBL1134561
ERBB2,CHEMBL332497,median_potency_representative,1,inactive,CHEMBL1145020
ERBB2,CHEMBL334801,median_potency_representative,1,active,CHEMBL1134843
ERBB2,CHEMBL342828,median_potency_representative,1,active,CHEMBL1134843
ERBB2,CHEMBL345109,median_potency_representative,1,active,CHEMBL1134843
ERBB2,CHEMBL359629,median_potency_representative,1,active,CHEMBL1142663
ERBB2,CHEMBL359630,median_potency_representative,1,active,CHEMBL1142663
ERBB2,CHEMBL359660,median_potency_representative,1,active,CHEMBL1142663
ERBB2,CHEMBL360028,median_potency_representative,1,active,CHEMBL1142663
ERBB2,CHEMBL360211,median_potency_representative,1,active,CHEMBL1142663
ERBB2,CHEMBL360519,median_potency_representative,1,active,CHEMBL1142663
ERBB2,CHEMBL360662,median_potency_representative,1,active,CHEMBL1142663
ERBB2,CHEMBL360780,median_potency_representative,1,active,CHEMBL1142663
ERBB2,CHEMBL360933,median_potency_representative,1,active,CHEMBL1142663
ERBB2,CHEMBL360958,median_potency_representative,1,active,CHEMBL1142663
ERBB2,CHEMBL360979,median_potency_representative,1,active,CHEMBL1142663
ERBB2,CHEMBL361343,median_potency_representative,1,active,CHEMBL1142663
ERBB2,CHEMBL362232,median_potency_representative,1,active,CHEMBL1142663
ERBB2,CHEMBL362611,median_potency_representative,1,active,CHEMBL1142663
ERBB2,CHEMBL362824,median_potency_representative,1,active,CHEMBL1142663
ERBB2,CHEMBL367492,median_potency_representative,2,active,CHEMBL1142663;CHEMBL1150417
ERBB2,CHEMBL368234,median_potency_representative,1,active,CHEMBL1142663
ERBB2,CHEMBL368702,median_potency_representative,1,active,CHEMBL1142663
ERBB2,CHEMBL369088,median_potency_representative,1,active,CHEMBL1142663
ERBB2,CHEMBL369299,median_potency_representative,1,active,CHEMBL1142663
ERBB2,CHEMBL373207,median_potency_representative,2,active,CHEMBL1138126
ERBB2,CHEMBL378144,median_potency_representative,1,active,CHEMBL1138126
ERBB2,CHEMBL380669,median_potency_representative,2,active,CHEMBL1138126
ERBB2,CHEMBL382073,median_potency_representative,2,active,CHEMBL1138126
ERBB2,CHEMBL383499,median_potency_representative,1,active,CHEMBL1138126
ERBB2,CHEMBL414220,median_potency_representative,1,active,CHEMBL1134561
ERBB2,CHEMBL414631,median_potency_representative,1,active,CHEMBL1145020
ERBB2,CHEMBL417478,median_potency_representative,1,active,CHEMBL1133162
ERBB2,CHEMBL417941,median_potency_representative,2,inactive,CHEMBL1125266;CHEMBL1136802
ERBB2,CHEMBL419501,median_potency_representative,1,active,CHEMBL1134561
ERBB2,CHEMBL424959,median_potency_representative,1,active,CHEMBL1142663
ERBB2,CHEMBL426051,median_potency_representative,1,active,CHEMBL1142663
ERBB2,CHEMBL427314,median_potency_representative,1,inactive,CHEMBL1142663
ERBB2,CHEMBL427315,median_potency_representative,1,inactive,CHEMBL1142663
ERBB2,CHEMBL430571,median_potency_representative,1,active,CHEMBL1132213
ERBB2,CHEMBL434720,median_potency_representative,1,active,CHEMBL1142663
ERBB2,CHEMBL434827,median_potency_representative,1,active,CHEMBL1134843
ERBB2,CHEMBL437890,median_potency_representative,2,active,CHEMBL1138126
ERBB2,CHEMBL440298,median_potency_representative,1,inactive,CHEMBL1136802
ERBB2,CHEMBL442754,median_potency_representative,1,active,CHEMBL1134561
ERBB2,CHEMBL443523,median_potency_representative,1,active,CHEMBL1132213
ERBB2,CHEMBL453336,median_potency_representative,1,inactive,CHEMBL1157465
ERBB2,CHEMBL483085,median_potency_representative,1,inactive,CHEMBL1150417
ERBB2,CHEMBL48760,median_potency_representative,1,inactive,CHEMBL1131018
ERBB2,CHEMBL488646,median_potency_representative,1,inactive,CHEMBL1157465
ERBB2,CHEMBL488811,median_potency_representative,1,inactive,CHEMBL1157465
ERBB2,CHEMBL51659,median_potency_representative,1,active,CHEMBL1132213
ERBB2,CHEMBL53203,median_potency_representative,1,active,CHEMBL1132213
ERBB2,CHEMBL53555,median_potency_representative,1,active,CHEMBL1132213
ERBB2,CHEMBL53665,median_potency_representative,1,active,CHEMBL1132213
ERBB2,CHEMBL53898,median_potency_representative,3,inactive,CHEMBL1125266;CHEMBL1132364;CHEMBL1136802
ERBB2,CHEMBL54088,median_potency_representative,1,active,CHEMBL1132213
ERBB2,CHEMBL54091,median_potency_representative,1,active,CHEMBL1132213
ERBB2,CHEMBL545315,median_potency_representative,4,active,CHEMBL1134843;CHEMBL1138126
ERBB2,CHEMBL55360,median_potency_representative,2,inactive,CHEMBL1125266;CHEMBL1136802
ERBB2,CHEMBL55979,median_potency_representative,2,inactive,CHEMBL1125266;CHEMBL1136802
ERBB2,CHEMBL56219,median_potency_representative,2,inactive,CHEMBL1125266;CHEMBL1136802
ERBB2,CHEMBL56319,median_potency_representative,1,inactive,CHEMBL1136802
ERBB2,CHEMBL56543,median_potency_representative,3,inactive,CHEMBL1125266;CHEMBL1132364;CHEMBL1136802
ERBB2,CHEMBL56731,median_potency_representative,3,inactive,CHEMBL1125266;CHEMBL1132364;CHEMBL1136802
ERBB2,CHEMBL569880,median_potency_representative,1,active,CHEMBL1154692
ERBB2,CHEMBL571040,median_potency_representative,1,active,CHEMBL1154692
ERBB2,CHEMBL57251,median_potency_representative,1,inactive,CHEMBL1136802
ERBB2,CHEMBL597492,median_potency_representative,1,inactive,CHEMBL1158526
ERBB2,CHEMBL605957,median_potency_representative,1,inactive,CHEMBL1158526
ERBB2,CHEMBL66570,median_potency_representative,2,active,CHEMBL1134862
ERBB2,CHEMBL67003,median_potency_representative,1,active,CHEMBL1134862
ERBB2,CHEMBL67057,median_potency_representative,1,active,CHEMBL1134862
ERBB2,CHEMBL68920,median_potency_representative,1,active,CHEMBL1134862
ERBB2,CHEMBL69071,median_potency_representative,2,active,CHEMBL1134862
ERBB2,CHEMBL69358,median_potency_representative,2,active,CHEMBL1134862
ERBB2,CHEMBL69629,median_potency_representative,1,active,CHEMBL1134862
ERBB2,CHEMBL69960,median_potency_representative,1,active,CHEMBL1134862
ERBB2,CHEMBL69966,median_potency_representative,2,active,CHEMBL1134862
ERBB2,CHEMBL86326,median_potency_representative,1,inactive,CHEMBL1131018
ERBB2,CHEMBL86432,median_potency_representative,1,inactive,CHEMBL1131018
ERBB2,CHEMBL86944,median_potency_representative,1,inactive,CHEMBL1131018
ERBB2,CHEMBL86945,median_potency_representative,1,inactive,CHEMBL1131018
ERBB2,CHEMBL87746,median_potency_representative,1,inactive,CHEMBL1131018
ERBB2,CHEMBL89505,median_potency_representative,2,inactive,CHEMBL1131018;CHEMBL1150417
ERBB2,CHEMBL90277,median_potency_representative,1,inactive,CHEMBL1131018
ERBB2,CHEMBL90595,median_potency_representative,1,active,CHEMBL1134561
ERBB2,CHEMBL91009,median_potency_representative,1,active,CHEMBL1134561
ERBB2,CHEMBL91748,median_potency_representative,1,inactive,CHEMBL1134561
ERBB2,CHEMBL91811,median_potency_representative,1,active,CHEMBL1134561
ERBB2,CHEMBL91867,median_potency_representative,2,active,CHEMBL1134561;CHEMBL1138126
ERBB2,CHEMBL92086,median_potency_representative,1,inactive,CHEMBL1134561
ERBB2,CHEMBL92356,median_potency_representative,1,active,CHEMBL1134561
ERBB2,CHEMBL92961,median_potency_representative,1,active,CHEMBL1134561
ERBB2,CHEMBL93049,median_potency_representative,2,active,CHEMBL1134561;CHEMBL1150417
ERBB2,CHEMBL93386,median_potency_representative,1,active,CHEMBL1134561
ERBB2,CHEMBL93464,median_potency_representative,1,inactive,CHEMBL1134561
ERBB2,CHEMBL93754,median_potency_representative,1,inactive,CHEMBL1134561
ERBB2,CHEMBL93783,median_potency_representative,1,active,CHEMBL1134561
ERBB2,CHEMBL93784,median_potency_representative,1,active,CHEMBL1134561
ERBB2,CHEMBL94061,median_potency_representative,1,active,CHEMBL1134561
ERBB2,CHEMBL94062,median_potency_representative,1,active,CHEMBL1134561
ERBB2,CHEMBL94066,median_potency_representative,1,active,CHEMBL1134561
FGFR4,CHEMBL2216830,median_potency_representative,3,active,CHEMBL2216750;CHEMBL3997853;CHEMBL4043093
FGFR4,CHEMBL3039504,median_potency_representative,1,active,CHEMBL3407402
FGFR4,CHEMBL348107,median_potency_representative,1,active,CHEMBL3997770
FGFR4,CHEMBL3701238,median_potency_representative,1,active,CHEMBL3638928
FGFR4,CHEMBL3701239,median_potency_representative,1,active,CHEMBL3638928
FGFR4,CHEMBL3701241,median_potency_representative,1,active,CHEMBL3638928
FGFR4,CHEMBL3701262,median_potency_representative,1,active,CHEMBL3638928
FGFR4,CHEMBL3701266,median_potency_representative,1,active,CHEMBL3638928
FGFR4,CHEMBL3701267,median_potency_representative,1,active,CHEMBL3638928
FGFR4,CHEMBL3701274,median_potency_representative,1,active,CHEMBL3638928
FGFR4,CHEMBL3891261,median_potency_representative,1,active,CHEMBL3886956
FGFR4,CHEMBL3900101,median_potency_representative,1,active,CHEMBL3886956
FGFR4,CHEMBL3900168,median_potency_representative,1,active,CHEMBL3886956
FGFR4,CHEMBL3911943,median_potency_representative,1,active,CHEMBL3886956
FGFR4,CHEMBL3914013,median_potency_representative,1,active,CHEMBL3886956
FGFR4,CHEMBL3927229,median_potency_representative,1,active,CHEMBL3886956
FGFR4,CHEMBL3932175,median_potency_representative,1,active,CHEMBL3886956
FGFR4,CHEMBL3937266,median_potency_representative,1,active,CHEMBL3886956
FGFR4,CHEMBL3941999,median_potency_representative,2,active,CHEMBL3886956
FGFR4,CHEMBL3944659,median_potency_representative,1,active,CHEMBL3886956
FGFR4,CHEMBL3948664,median_potency_representative,1,active,CHEMBL3886956
FGFR4,CHEMBL3948944,median_potency_representative,1,active,CHEMBL3886956
FGFR4,CHEMBL3951868,median_potency_representative,1,active,CHEMBL3886956
FGFR4,CHEMBL3952638,median_potency_representative,1,active,CHEMBL3886956
FGFR4,CHEMBL3953386,median_potency_representative,1,active,CHEMBL3886956
FGFR4,CHEMBL3957557,median_potency_representative,1,active,CHEMBL3886956
FGFR4,CHEMBL3967316,median_potency_representative,1,active,CHEMBL3886956
FGFR4,CHEMBL3968830,median_potency_representative,1,active,CHEMBL3886956
FGFR4,CHEMBL3976424,median_potency_representative,1,active,CHEMBL3886956
FGFR4,CHEMBL3982659,median_potency_representative,1,active,CHEMBL3886956
FGFR4,CHEMBL4060079,median_potency_representative,1,active,CHEMBL4043093
FGFR4,CHEMBL4060226,median_potency_representative,1,active,CHEMBL3997853
FGFR4,CHEMBL4060935,median_potency_representative,1,active,CHEMBL3997853
FGFR4,CHEMBL4061083,median_potency_representative,3,active,CHEMBL3997853;CHEMBL4017480;CHEMBL4706732
FGFR4,CHEMBL4061383,median_potency_representative,1,active,CHEMBL3997853
FGFR4,CHEMBL4065231,median_potency_representative,1,active,CHEMBL3997853
FGFR4,CHEMBL4065323,median_potency_representative,1,active,CHEMBL3997770
FGFR4,CHEMBL4067483,median_potency_representative,1,active,CHEMBL3997853
FGFR4,CHEMBL4068509,median_potency_representative,1,active,CHEMBL4011651
FGFR4,CHEMBL4068733,median_potency_representative,1,active,CHEMBL4043093
FGFR4,CHEMBL4068896,median_potency_representative,10,active,CHEMBL3997853;CHEMBL4017480;CHEMBL4251697;CHEMBL4261540;CHEMBL4400505;CHEMBL4673307;CHEMBL4699555;CHEMBL4715854
FGFR4,CHEMBL4069509,median_potency_representative,1,active,CHEMBL4043093
FGFR4,CHEMBL4070060,median_potency_representative,1,active,CHEMBL3997853
FGFR4,CHEMBL4070631,median_potency_representative,1,active,CHEMBL4017480
FGFR4,CHEMBL4070782,median_potency_representative,1,active,CHEMBL4017480
FGFR4,CHEMBL4071593,median_potency_representative,1,active,CHEMBL3997853
FGFR4,CHEMBL4073517,median_potency_representative,1,active,CHEMBL4017480
FGFR4,CHEMBL4073826,median_potency_representative,1,active,CHEMBL3997853
FGFR4,CHEMBL4077029,median_potency_representative,1,active,CHEMBL4043093
FGFR4,CHEMBL4077138,median_potency_representative,1,active,CHEMBL3997853
FGFR4,CHEMBL4077859,median_potency_representative,1,active,CHEMBL4017480
FGFR4,CHEMBL4079538,median_potency_representative,1,active,CHEMBL4043093
FGFR4,CHEMBL4079677,median_potency_representative,1,active,CHEMBL3997853
FGFR4,CHEMBL4081380,median_potency_representative,1,active,CHEMBL4017480
FGFR4,CHEMBL4082121,median_potency_representative,1,active,CHEMBL3997853
FGFR4,CHEMBL4082818,median_potency_representative,1,active,CHEMBL3997853
FGFR4,CHEMBL4084175,median_potency_representative,1,active,CHEMBL3997853
FGFR4,CHEMBL4086040,median_potency_representative,1,active,CHEMBL3997853
FGFR4,CHEMBL4086669,median_potency_representative,1,active,CHEMBL3997853
FGFR4,CHEMBL4088313,median_potency_representative,1,active,CHEMBL4043093
FGFR4,CHEMBL4089245,median_potency_representative,1,active,CHEMBL4017480
FGFR4,CHEMBL4089981,median_potency_representative,1,active,CHEMBL3997853
FGFR4,CHEMBL4090527,median_potency_representative,1,active,CHEMBL3997770
FGFR4,CHEMBL4091031,median_potency_representative,1,active,CHEMBL3997853
FGFR4,CHEMBL4092354,median_potency_representative,1,active,CHEMBL4043093
FGFR4,CHEMBL4092508,median_potency_representative,1,active,CHEMBL4043093
FGFR4,CHEMBL4092990,median_potency_representative,1,active,CHEMBL3997770
FGFR4,CHEMBL4094408,median_potency_representative,1,active,CHEMBL3997853
FGFR4,CHEMBL4096041,median_potency_representative,1,active,CHEMBL4043093
FGFR4,CHEMBL4096738,median_potency_representative,1,active,CHEMBL4043093
FGFR4,CHEMBL4096950,median_potency_representative,1,active,CHEMBL4017480
FGFR4,CHEMBL4097713,median_potency_representative,1,active,CHEMBL3997853
FGFR4,CHEMBL4098624,median_potency_representative,1,active,CHEMBL3997853
FGFR4,CHEMBL4099268,median_potency_representative,1,active,CHEMBL3997853
FGFR4,CHEMBL4099401,median_potency_representative,1,active,CHEMBL4017480
FGFR4,CHEMBL4100258,median_potency_representative,1,active,CHEMBL4043093
FGFR4,CHEMBL4102146,median_potency_representative,1,active,CHEMBL3997853
FGFR4,CHEMBL4103091,median_potency_representative,1,active,CHEMBL3997853
FGFR4,CHEMBL4103536,median_potency_representative,1,active,CHEMBL4011651
FGFR4,CHEMBL4103795,median_potency_representative,1,active,CHEMBL4043093
FGFR4,CHEMBL4284069,median_potency_representative,5,active,CHEMBL4261540;CHEMBL4715854
FGFR4,CHEMBL4437175,median_potency_representative,1,active,CHEMBL4382193
FGFR4,CHEMBL4437731,median_potency_representative,1,active,CHEMBL4382193
FGFR4,CHEMBL4438578,median_potency_representative,1,active,CHEMBL4382193
FGFR4,CHEMBL4440512,median_potency_representative,1,active,CHEMBL4382193
FGFR4,CHEMBL4441696,median_potency_representative,1,active,CHEMBL4382193
FGFR4,CHEMBL4443506,median_potency_representative,1,active,CHEMBL4382193
FGFR4,CHEMBL4444412,median_potency_representative,1,active,CHEMBL4382193
FGFR4,CHEMBL4446835,median_potency_representative,1,active,CHEMBL4311952
FGFR4,CHEMBL4461734,median_potency_representative,1,active,CHEMBL4382193
FGFR4,CHEMBL4469557,median_potency_representative,1,active,CHEMBL4382193
FGFR4,CHEMBL4471530,median_potency_representative,1,active,CHEMBL4382193
FGFR4,CHEMBL4472968,median_potency_representative,1,active,CHEMBL4382193
FGFR4,CHEMBL4475243,median_potency_representative,1,active,CHEMBL4382193
FGFR4,CHEMBL4521898,median_potency_representative,1,active,CHEMBL4382193
FGFR4,CHEMBL4543663,median_potency_representative,1,active,CHEMBL4382193
FGFR4,CHEMBL4554319,median_potency_representative,1,active,CHEMBL4382193
FGFR4,CHEMBL4554916,median_potency_representative,1,active,CHEMBL4382193
FGFR4,CHEMBL4557987,median_potency_representative,1,active,CHEMBL4382193
FGFR4,CHEMBL4558466,median_potency_representative,1,active,CHEMBL4382193
FGFR4,CHEMBL4559175,median_potency_representative,1,active,CHEMBL4382193
FGFR4,CHEMBL4560984,median_potency_representative,1,active,CHEMBL4382193
FGFR4,CHEMBL4564948,median_potency_representative,1,active,CHEMBL4382193
FGFR4,CHEMBL4567572,median_potency_representative,1,active,CHEMBL4382193
FGFR4,CHEMBL4575973,median_potency_representative,1,active,CHEMBL4382193
FGFR4,CHEMBL4576360,median_potency_representative,1,active,CHEMBL4382193
FGFR4,CHEMBL4580623,median_potency_representative,1,active,CHEMBL4382193
FGFR4,CHEMBL4591002,median_potency_representative,1,active,CHEMBL4382193
FGFR4,CHEMBL4743257,median_potency_representative,1,active,CHEMBL4732234
FGFR4,CHEMBL4744134,median_potency_representative,1,active,CHEMBL4732234
FGFR4,CHEMBL4744686,median_potency_representative,1,active,CHEMBL4699555
FGFR4,CHEMBL4749296,median_potency_representative,1,active,CHEMBL4673307
FGFR4,CHEMBL4750525,median_potency_representative,1,active,CHEMBL4673307
FGFR4,CHEMBL4751708,median_potency_representative,1,active,CHEMBL4732234
FGFR4,CHEMBL4751903,median_potency_representative,1,active,CHEMBL4732234
FGFR4,CHEMBL4752717,median_potency_representative,2,active,CHEMBL4725434
FGFR4,CHEMBL4753393,median_potency_representative,2,active,CHEMBL4725434
FGFR4,CHEMBL4754648,median_potency_representative,1,active,CHEMBL4732234
FGFR4,CHEMBL4755247,median_potency_representative,1,active,CHEMBL4732234
FGFR4,CHEMBL4756600,median_potency_representative,1,active,CHEMBL4673307
FGFR4,CHEMBL4757810,median_potency_representative,1,active,CHEMBL4706732
FGFR4,CHEMBL4759172,median_potency_representative,2,active,CHEMBL4725434
FGFR4,CHEMBL4760869,median_potency_representative,1,active,CHEMBL4732234
FGFR4,CHEMBL4761494,median_potency_representative,1,active,CHEMBL4732234
FGFR4,CHEMBL4761518,median_potency_representative,2,active,CHEMBL4725434
FGFR4,CHEMBL4765104,median_potency_representative,1,active,CHEMBL4732234
FGFR4,CHEMBL4785949,median_potency_representative,1,active,CHEMBL4706732
FGFR4,CHEMBL4788132,median_potency_representative,1,active,CHEMBL4673307
FGFR4,CHEMBL4788621,median_potency_representative,2,active,CHEMBL4725434
FGFR4,CHEMBL4789550,median_potency_representative,1,active,CHEMBL4673307
FGFR4,CHEMBL4790124,median_potency_representative,2,active,CHEMBL4725434
FGFR4,CHEMBL4791462,median_potency_representative,1,active,CHEMBL4732234
FGFR4,CHEMBL4793510,median_potency_representative,2,active,CHEMBL4725434
FGFR4,CHEMBL4793545,median_potency_representative,2,active,CHEMBL4725434
FGFR4,CHEMBL4795133,median_potency_representative,1,active,CHEMBL4732234
FGFR4,CHEMBL4796363,median_potency_representative,1,active,CHEMBL4732234
FGFR4,CHEMBL4797004,median_potency_representative,1,active,CHEMBL4673307
FGFR4,CHEMBL4797818,median_potency_representative,1,active,CHEMBL4673307
FGFR4,CHEMBL502835,median_potency_representative,1,active,CHEMBL1240338
JAK3,CHEMBL104062,median_potency_representative,1,active,CHEMBL1136217
JAK3,CHEMBL104409,median_potency_representative,1,active,CHEMBL1136217
JAK3,CHEMBL104963,median_potency_representative,1,active,CHEMBL1136217
JAK3,CHEMBL105255,median_potency_representative,1,active,CHEMBL1136217
JAK3,CHEMBL106571,median_potency_representative,1,active,CHEMBL1136217
JAK3,CHEMBL106944,median_potency_representative,1,active,CHEMBL1136217
JAK3,CHEMBL106961,median_potency_representative,1,active,CHEMBL1136217
JAK3,CHEMBL107166,median_potency_representative,1,active,CHEMBL1136217
JAK3,CHEMBL107225,median_potency_representative,1,active,CHEMBL1136217
JAK3,CHEMBL1235315,median_potency_representative,1,active,CHEMBL1649080
JAK3,CHEMBL1650951,median_potency_representative,2,active,CHEMBL1649080
JAK3,CHEMBL1650953,median_potency_representative,1,active,CHEMBL1649080
JAK3,CHEMBL1650954,median_potency_representative,1,active,CHEMBL1649080
JAK3,CHEMBL1650955,median_potency_representative,1,active,CHEMBL1649080
JAK3,CHEMBL1650956,median_potency_representative,1,active,CHEMBL1649080
JAK3,CHEMBL233856,median_potency_representative,1,active,CHEMBL1146279
JAK3,CHEMBL318390,median_potency_representative,1,active,CHEMBL1136217
JAK3,CHEMBL320646,median_potency_representative,1,active,CHEMBL1136217
JAK3,CHEMBL323994,median_potency_representative,2,active,CHEMBL1136217;CHEMBL1139695
JAK3,CHEMBL421213,median_potency_representative,1,active,CHEMBL1136217
JAK3,CHEMBL56543,median_potency_representative,1,inactive,CHEMBL1133428
JAK3,CHEMBL86755,median_potency_representative,1,active,CHEMBL1136217
JAK3,CHEMBL87325,median_potency_representative,1,active,CHEMBL1136217
KRAS_G12C,CHEMBL4214264,median_potency_representative,6,active,CHEMBL4354832;CHEMBL4673313;CHEMBL5149962;CHEMBL5241099;CHEMBL5385858
KRAS_G12C,CHEMBL4293433,median_potency_representative,1,inactive,CHEMBL5241099
KRAS_G12C,CHEMBL4434842,median_potency_representative,2,active,CHEMBL4354832
KRAS_G12C,CHEMBL4435858,median_potency_representative,1,inactive,CHEMBL4364340
KRAS_G12C,CHEMBL4438343,median_potency_representative,1,active,CHEMBL4354832
KRAS_G12C,CHEMBL4439782,median_potency_representative,1,active,CHEMBL4354832
KRAS_G12C,CHEMBL4441771,median_potency_representative,1,active,CHEMBL4354832
KRAS_G12C,CHEMBL4443236,median_potency_representative,2,active,CHEMBL4382280
KRAS_G12C,CHEMBL4444447,excluded_conflicting_labels,4,active;inactive,CHEMBL4364340;CHEMBL5728690
KRAS_G12C,CHEMBL4449810,median_potency_representative,1,active,CHEMBL4354832
KRAS_G12C,CHEMBL4450041,median_potency_representative,1,active,CHEMBL4354832
KRAS_G12C,CHEMBL4450519,median_potency_representative,1,active,CHEMBL4354832
KRAS_G12C,CHEMBL4450657,median_potency_representative,2,active,CHEMBL4354832
KRAS_G12C,CHEMBL4450793,median_potency_representative,1,active,CHEMBL4382280
KRAS_G12C,CHEMBL4452137,median_potency_representative,2,active,CHEMBL4354832
KRAS_G12C,CHEMBL4452622,median_potency_representative,1,active,CHEMBL4354832
KRAS_G12C,CHEMBL4452819,median_potency_representative,2,active,CHEMBL4382280;CHEMBL5154891
KRAS_G12C,CHEMBL4452974,median_potency_representative,1,active,CHEMBL4402559
KRAS_G12C,CHEMBL4453777,median_potency_representative,2,active,CHEMBL4402559;CHEMBL4732037
KRAS_G12C,CHEMBL4454588,median_potency_representative,1,active,CHEMBL4402559
KRAS_G12C,CHEMBL4454645,median_potency_representative,1,active,CHEMBL4354832
KRAS_G12C,CHEMBL4455191,median_potency_representative,1,active,CHEMBL4402559
KRAS_G12C,CHEMBL4455193,median_potency_representative,1,inactive,CHEMBL4364340
KRAS_G12C,CHEMBL4455938,median_potency_representative,1,active,CHEMBL4382280
KRAS_G12C,CHEMBL4456127,median_potency_representative,1,inactive,CHEMBL4364340
KRAS_G12C,CHEMBL4456368,median_potency_representative,1,active,CHEMBL4402559
KRAS_G12C,CHEMBL4456598,median_potency_representative,3,active,CHEMBL4325929;CHEMBL4610106
KRAS_G12C,CHEMBL4456801,median_potency_representative,1,active,CHEMBL4354832
KRAS_G12C,CHEMBL4457550,excluded_conflicting_labels,4,active;inactive,CHEMBL4364340;CHEMBL5728690
KRAS_G12C,CHEMBL4457820,median_potency_representative,2,active,CHEMBL4364352
KRAS_G12C,CHEMBL4458041,median_potency_representative,1,active,CHEMBL4354832
KRAS_G12C,CHEMBL4458945,median_potency_representative,2,active,CHEMBL4354832
KRAS_G12C,CHEMBL4460786,median_potency_representative,2,inactive,CHEMBL4354832
KRAS_G12C,CHEMBL4460809,median_potency_representative,1,active,CHEMBL4354832
KRAS_G12C,CHEMBL4461913,median_potency_representative,2,active,CHEMBL4402559;CHEMBL4732037
KRAS_G12C,CHEMBL4464232,median_potency_representative,2,active,CHEMBL4354832
KRAS_G12C,CHEMBL4464335,median_potency_representative,4,active,CHEMBL4364340;CHEMBL5728690
KRAS_G12C,CHEMBL4465028,median_potency_representative,1,active,CHEMBL4325929
KRAS_G12C,CHEMBL4465551,median_potency_representative,1,active,CHEMBL4354832
KRAS_G12C,CHEMBL4466335,median_potency_representative,2,active,CHEMBL4364352
KRAS_G12C,CHEMBL4466759,median_potency_representative,1,inactive,CHEMBL4364340
KRAS_G12C,CHEMBL4467039,median_potency_representative,2,active,CHEMBL4364352
KRAS_G12C,CHEMBL4467413,median_potency_representative,2,active,CHEMBL4354832
KRAS_G12C,CHEMBL4467518,median_potency_representative,2,active,CHEMBL4354832
KRAS_G12C,CHEMBL4469638,median_potency_representative,1,active,CHEMBL4354832
KRAS_G12C,CHEMBL4473733,median_potency_representative,2,active,CHEMBL4364352
KRAS_G12C,CHEMBL4475526,excluded_conflicting_labels,6,active;inactive,CHEMBL4382280;CHEMBL5154891;CHEMBL5331133
KRAS_G12C,CHEMBL4476533,median_potency_representative,1,inactive,CHEMBL4364340
KRAS_G12C,CHEMBL4483782,median_potency_representative,1,active,CHEMBL4402559
KRAS_G12C,CHEMBL4515333,median_potency_representative,1,active,CHEMBL4354832
KRAS_G12C,CHEMBL4516179,median_potency_representative,2,active,CHEMBL4354832
KRAS_G12C,CHEMBL4517656,median_potency_representative,3,active,CHEMBL4354832
KRAS_G12C,CHEMBL4520093,median_potency_representative,3,active,CHEMBL4364340;CHEMBL5728690
KRAS_G12C,CHEMBL4522790,median_potency_representative,1,inactive,CHEMBL4364340
KRAS_G12C,CHEMBL4527861,median_potency_representative,1,active,CHEMBL4354832
KRAS_G12C,CHEMBL4528930,median_potency_representative,2,active,CHEMBL4354832
KRAS_G12C,CHEMBL4535757,median_potency_representative,3,active,CHEMBL4354832;CHEMBL4699491;CHEMBL5154696
KRAS_G12C,CHEMBL4536127,median_potency_representative,2,active,CHEMBL4402559;CHEMBL5154891
KRAS_G12C,CHEMBL4539214,median_potency_representative,1,active,CHEMBL4354832
KRAS_G12C,CHEMBL4541628,median_potency_representative,2,active,CHEMBL4364340
KRAS_G12C,CHEMBL4548586,median_potency_representative,1,active,CHEMBL4402559
KRAS_G12C,CHEMBL4549665,median_potency_representative,2,active,CHEMBL4354832
KRAS_G12C,CHEMBL4551121,median_potency_representative,2,active,CHEMBL4402559;CHEMBL4732037
KRAS_G12C,CHEMBL4554946,median_potency_representative,2,active,CHEMBL4354832
KRAS_G12C,CHEMBL4560503,median_potency_representative,2,active,CHEMBL4402559;CHEMBL4732037
KRAS_G12C,CHEMBL4566835,median_potency_representative,1,active,CHEMBL4382280
KRAS_G12C,CHEMBL4567284,median_potency_representative,1,active,CHEMBL4402559
KRAS_G12C,CHEMBL4568148,median_potency_representative,1,active,CHEMBL4382280
KRAS_G12C,CHEMBL4569400,median_potency_representative,1,inactive,CHEMBL4364340
KRAS_G12C,CHEMBL4570206,median_potency_representative,1,inactive,CHEMBL4364340
KRAS_G12C,CHEMBL4572411,median_potency_representative,2,active,CHEMBL4364352
KRAS_G12C,CHEMBL4572730,median_potency_representative,1,active,CHEMBL4402559
KRAS_G12C,CHEMBL4573277,median_potency_representative,3,active,CHEMBL4364340;CHEMBL5728690
KRAS_G12C,CHEMBL4573279,median_potency_representative,2,active,CHEMBL4354832
KRAS_G12C,CHEMBL4577812,median_potency_representative,1,inactive,CHEMBL4364340
KRAS_G12C,CHEMBL4578214,median_potency_representative,1,active,CHEMBL4354832
KRAS_G12C,CHEMBL4579956,median_potency_representative,3,active,CHEMBL4364340;CHEMBL5728690
KRAS_G12C,CHEMBL4588277,median_potency_representative,2,active,CHEMBL4354832
KRAS_G12C,CHEMBL4591572,median_potency_representative,1,active,CHEMBL4402559
KRAS_G12C,CHEMBL4591653,median_potency_representative,4,active,CHEMBL4364340;CHEMBL5728690
KRAS_G12C,CHEMBL4591772,median_potency_representative,1,active,CHEMBL4354832
KRAS_G12C,CHEMBL4594350,median_potency_representative,4,active,CHEMBL4610106;CHEMBL4699491;CHEMBL5614398
KRAS_G12C,CHEMBL4632935,median_potency_representative,1,active,CHEMBL4610106
KRAS_G12C,CHEMBL4636611,median_potency_representative,1,active,CHEMBL4610106
KRAS_G12C,CHEMBL4640234,median_potency_representative,1,active,CHEMBL4610106
KRAS_G12C,CHEMBL4640636,median_potency_representative,1,active,CHEMBL4610106
KRAS_G12C,CHEMBL4642659,median_potency_representative,1,active,CHEMBL4610106
KRAS_G12C,CHEMBL4645376,median_potency_representative,1,active,CHEMBL4610106
KRAS_G12C,CHEMBL4645768,median_potency_representative,1,active,CHEMBL4610106
KRAS_G12C,CHEMBL4646899,median_potency_representative,1,active,CHEMBL4610106
KRAS_G12C,CHEMBL4648056,median_potency_representative,1,active,CHEMBL4610106
KRAS_G12C,CHEMBL4648124,median_potency_representative,1,active,CHEMBL4610106
KRAS_G12C,CHEMBL4648671,median_potency_representative,1,active,CHEMBL4610106
KRAS_G12C,CHEMBL4648852,median_potency_representative,1,active,CHEMBL4610106
KRAS_G12C,CHEMBL4846583,median_potency_representative,2,active,CHEMBL4808238
KRAS_G12C,CHEMBL4847011,median_potency_representative,1,active,CHEMBL4808238
KRAS_G12C,CHEMBL4847146,median_potency_representative,1,active,CHEMBL4808238
KRAS_G12C,CHEMBL4847380,median_potency_representative,1,active,CHEMBL4808238
KRAS_G12C,CHEMBL4850201,median_potency_representative,1,active,CHEMBL4808238
KRAS_G12C,CHEMBL4852249,median_potency_representative,1,active,CHEMBL4808238
KRAS_G12C,CHEMBL4852458,median_potency_representative,1,active,CHEMBL4823310
KRAS_G12C,CHEMBL4855378,median_potency_representative,1,active,CHEMBL4823310
KRAS_G12C,CHEMBL4855521,median_potency_representative,1,active,CHEMBL4823310
KRAS_G12C,CHEMBL4856277,median_potency_representative,1,active,CHEMBL4823310
KRAS_G12C,CHEMBL4856826,median_potency_representative,1,active,CHEMBL4808238
KRAS_G12C,CHEMBL4857822,median_potency_representative,2,active,CHEMBL4842392
KRAS_G12C,CHEMBL4859387,median_potency_representative,2,active,CHEMBL4842392
KRAS_G12C,CHEMBL4859820,median_potency_representative,4,active,CHEMBL4842392
KRAS_G12C,CHEMBL4860030,median_potency_representative,2,active,CHEMBL4842392
KRAS_G12C,CHEMBL4860108,median_potency_representative,1,active,CHEMBL4808238
KRAS_G12C,CHEMBL4860377,median_potency_representative,1,active,CHEMBL4808238
KRAS_G12C,CHEMBL4863593,median_potency_representative,1,active,CHEMBL4823310
KRAS_G12C,CHEMBL4864188,median_potency_representative,1,active,CHEMBL4823310
KRAS_G12C,CHEMBL4866126,median_potency_representative,1,active,CHEMBL4823310
KRAS_G12C,CHEMBL4866701,median_potency_representative,1,active,CHEMBL4808238
KRAS_G12C,CHEMBL4867102,median_potency_representative,2,active,CHEMBL4842392
KRAS_G12C,CHEMBL4869082,median_potency_representative,1,active,CHEMBL4823310
KRAS_G12C,CHEMBL4870135,median_potency_representative,3,active,CHEMBL4825768
KRAS_G12C,CHEMBL4870399,median_potency_representative,1,active,CHEMBL4823310
KRAS_G12C,CHEMBL4870767,median_potency_representative,2,active,CHEMBL4842392
KRAS_G12C,CHEMBL4873282,median_potency_representative,2,active,CHEMBL4842392
KRAS_G12C,CHEMBL4874744,median_potency_representative,1,active,CHEMBL4808238
KRAS_G12C,CHEMBL4875422,median_potency_representative,1,active,CHEMBL4823310
KRAS_G12C,CHEMBL4876119,median_potency_representative,1,active,CHEMBL4823310
KRAS_G12C,CHEMBL4876344,median_potency_representative,2,active,CHEMBL4842392
KRAS_G12C,CHEMBL4879271,median_potency_representative,1,active,CHEMBL4823310
KRAS_G12C,CHEMBL5073085,median_potency_representative,2,active,CHEMBL5046324
KRAS_G12C,CHEMBL5075960,excluded_conflicting_labels,2,active;inactive,CHEMBL5029190
KRAS_G12C,CHEMBL5076213,median_potency_representative,1,active,CHEMBL5029190
KRAS_G12C,CHEMBL5077861,median_potency_representative,3,active,CHEMBL5029190;CHEMBL5236595
KRAS_G12C,CHEMBL5078639,median_potency_representative,1,active,CHEMBL5029190
KRAS_G12C,CHEMBL5079099,median_potency_representative,1,active,CHEMBL5046324
KRAS_G12C,CHEMBL5080264,median_potency_representative,2,active,CHEMBL5029190
KRAS_G12C,CHEMBL5080777,median_potency_representative,1,active,CHEMBL5029190
KRAS_G12C,CHEMBL5081366,median_potency_representative,1,active,CHEMBL5029190
KRAS_G12C,CHEMBL5083037,median_potency_representative,2,active,CHEMBL5046324
KRAS_G12C,CHEMBL5083497,median_potency_representative,1,active,CHEMBL5029190
KRAS_G12C,CHEMBL5085560,excluded_conflicting_labels,2,active;inactive,CHEMBL5029190
KRAS_G12C,CHEMBL5090056,median_potency_representative,1,active,CHEMBL5046324
KRAS_G12C,CHEMBL5091178,median_potency_representative,2,active,CHEMBL5046324
KRAS_G12C,CHEMBL5171553,median_potency_representative,1,active,CHEMBL5154891
KRAS_G12C,CHEMBL5171974,median_potency_representative,1,active,CHEMBL5154696
KRAS_G12C,CHEMBL5172544,median_potency_representative,1,inactive,CHEMBL5154891
KRAS_G12C,CHEMBL5173371,median_potency_representative,1,active,CHEMBL5154891
KRAS_G12C,CHEMBL5177793,median_potency_representative,1,active,CHEMBL5107997
KRAS_G12C,CHEMBL5178832,median_potency_representative,1,active,CHEMBL5149962
KRAS_G12C,CHEMBL5181293,median_potency_representative,1,active,CHEMBL5107997
KRAS_G12C,CHEMBL5181467,median_potency_representative,1,active,CHEMBL5107997
KRAS_G12C,CHEMBL5183988,median_potency_representative,1,active,CHEMBL5154891
KRAS_G12C,CHEMBL5185314,excluded_conflicting_labels,2,active;inactive,CHEMBL5154891
KRAS_G12C,CHEMBL5185805,median_potency_representative,1,active,CHEMBL5154696
KRAS_G12C,CHEMBL5186010,median_potency_representative,1,active,CHEMBL5107997
KRAS_G12C,CHEMBL5190874,median_potency_representative,1,active,CHEMBL5154891
KRAS_G12C,CHEMBL5191000,median_potency_representative,1,active,CHEMBL5107997
KRAS_G12C,CHEMBL5192093,median_potency_representative,2,active,CHEMBL5154891
KRAS_G12C,CHEMBL5194712,median_potency_representative,1,active,CHEMBL5154696
KRAS_G12C,CHEMBL5196734,median_potency_representative,1,active,CHEMBL5107997
KRAS_G12C,CHEMBL5196761,median_potency_representative,1,active,CHEMBL5107997
KRAS_G12C,CHEMBL5204061,median_potency_representative,1,active,CHEMBL5107997
KRAS_G12C,CHEMBL5205064,median_potency_representative,1,active,CHEMBL5154696
KRAS_G12C,CHEMBL5205152,median_potency_representative,1,active,CHEMBL5107997
KRAS_G12C,CHEMBL5206068,median_potency_representative,1,active,CHEMBL5154696
KRAS_G12C,CHEMBL5206689,median_potency_representative,1,active,CHEMBL5107997
KRAS_G12C,CHEMBL5208546,median_potency_representative,1,active,CHEMBL5107997
KRAS_G12C,CHEMBL5208763,median_potency_representative,1,inactive,CHEMBL5107997
KRAS_G12C,CHEMBL5209329,median_potency_representative,1,active,CHEMBL5107997
KRAS_G12C,CHEMBL5266172,median_potency_representative,1,active,CHEMBL5236595
KRAS_G12C,CHEMBL5267790,median_potency_representative,1,active,CHEMBL5236595
KRAS_G12C,CHEMBL5267907,median_potency_representative,1,active,CHEMBL5236595
KRAS_G12C,CHEMBL5269554,median_potency_representative,1,inactive,CHEMBL5241099
KRAS_G12C,CHEMBL5271997,median_potency_representative,1,active,CHEMBL5236595
KRAS_G12C,CHEMBL5272753,median_potency_representative,1,active,CHEMBL5236595
KRAS_G12C,CHEMBL5281254,median_potency_representative,1,active,CHEMBL5236595
KRAS_G12C,CHEMBL5287837,median_potency_representative,1,active,CHEMBL5236595
KRAS_G12C,CHEMBL5289194,median_potency_representative,1,active,CHEMBL5236595
KRAS_G12C,CHEMBL5290313,median_potency_representative,1,active,CHEMBL5236595
KRAS_G12C,CHEMBL5291136,median_potency_representative,1,active,CHEMBL5236595
KRAS_G12C,CHEMBL5291208,median_potency_representative,1,active,CHEMBL5236595
KRAS_G12C,CHEMBL5291301,median_potency_representative,1,active,CHEMBL5236595
KRAS_G12C,CHEMBL5395862,median_potency_representative,1,active,CHEMBL5331133
KRAS_G12C,CHEMBL5396905,median_potency_representative,1,active,CHEMBL5331133
KRAS_G12C,CHEMBL5396975,median_potency_representative,1,active,CHEMBL5634082
KRAS_G12C,CHEMBL5397175,median_potency_representative,1,active,CHEMBL5331133
KRAS_G12C,CHEMBL5397270,median_potency_representative,1,active,CHEMBL5331133
KRAS_G12C,CHEMBL5397857,median_potency_representative,1,active,CHEMBL5329224
KRAS_G12C,CHEMBL5399669,median_potency_representative,1,active,CHEMBL5331133
KRAS_G12C,CHEMBL5401101,median_potency_representative,1,active,CHEMBL5329224
KRAS_G12C,CHEMBL5402298,median_potency_representative,1,active,CHEMBL5329224
KRAS_G12C,CHEMBL5404413,median_potency_representative,1,active,CHEMBL5329224
KRAS_G12C,CHEMBL5408294,median_potency_representative,1,active,CHEMBL5329224
KRAS_G12C,CHEMBL5408905,median_potency_representative,2,active,CHEMBL5329224
KRAS_G12C,CHEMBL5411433,median_potency_representative,1,active,CHEMBL5331133
KRAS_G12C,CHEMBL5413564,median_potency_representative,1,active,CHEMBL5329224
KRAS_G12C,CHEMBL5415578,median_potency_representative,1,active,CHEMBL5329224
KRAS_G12C,CHEMBL5416793,median_potency_representative,1,active,CHEMBL5331133
KRAS_G12C,CHEMBL5417255,median_potency_representative,1,active,CHEMBL5331133
KRAS_G12C,CHEMBL5417514,median_potency_representative,1,active,CHEMBL5331133
KRAS_G12C,CHEMBL5423732,median_potency_representative,1,active,CHEMBL5331133
KRAS_G12C,CHEMBL5425389,median_potency_representative,1,active,CHEMBL5331133
KRAS_G12C,CHEMBL5428469,median_potency_representative,1,active,CHEMBL5329224
KRAS_G12C,CHEMBL5429450,median_potency_representative,1,active,CHEMBL5329224
KRAS_G12C,CHEMBL5431111,median_potency_representative,1,active,CHEMBL5331133
KRAS_G12C,CHEMBL5431314,median_potency_representative,1,active,CHEMBL5329224
KRAS_G12C,CHEMBL5431716,median_potency_representative,1,active,CHEMBL5331133
KRAS_G12C,CHEMBL5434277,median_potency_representative,1,active,CHEMBL5331133
KRAS_G12C,CHEMBL5434387,median_potency_representative,1,active,CHEMBL5331133
KRAS_G12C,CHEMBL5436538,median_potency_representative,1,active,CHEMBL5331133
KRAS_G12C,CHEMBL5436936,median_potency_representative,1,inactive,CHEMBL5331133
KRAS_G12C,CHEMBL5437416,median_potency_representative,1,active,CHEMBL5329224
KRAS_G12C,CHEMBL5439404,median_potency_representative,1,active,CHEMBL5331133
KRAS_G12C,CHEMBL5440242,median_potency_representative,1,active,CHEMBL5331133
KRAS_G12C,CHEMBL5531972,median_potency_representative,2,active,CHEMBL5523694
KRAS_G12C,CHEMBL5561896,median_potency_representative,1,active,CHEMBL5523694
KRAS_G12C,CHEMBL5565693,median_potency_representative,2,active,CHEMBL5523694
KRAS_G12C,CHEMBL5568016,median_potency_representative,1,active,CHEMBL5523694
KRAS_G12C,CHEMBL5750901,median_potency_representative,2,active,CHEMBL5728690
KRAS_G12C,CHEMBL5751776,median_potency_representative,1,active,CHEMBL5728690
KRAS_G12C,CHEMBL5753707,median_potency_representative,2,active,CHEMBL5728690
KRAS_G12C,CHEMBL5761194,median_potency_representative,2,active,CHEMBL5728690
KRAS_G12C,CHEMBL5762755,median_potency_representative,1,active,CHEMBL5728690
KRAS_G12C,CHEMBL5766487,median_potency_representative,1,active,CHEMBL5728690
KRAS_G12C,CHEMBL5767913,median_potency_representative,1,inactive,CHEMBL5728690
KRAS_G12C,CHEMBL5769977,median_potency_representative,1,active,CHEMBL5728690
KRAS_G12C,CHEMBL5773777,median_potency_representative,2,active,CHEMBL5728690
KRAS_G12C,CHEMBL5782022,median_potency_representative,2,active,CHEMBL5728690
KRAS_G12C,CHEMBL5782151,median_potency_representative,1,active,CHEMBL5728690
KRAS_G12C,CHEMBL5785972,median_potency_representative,1,active,CHEMBL5728690
KRAS_G12C,CHEMBL5788356,excluded_conflicting_labels,2,active;inactive,CHEMBL5728690
KRAS_G12C,CHEMBL5788389,median_potency_representative,1,active,CHEMBL5728690
KRAS_G12C,CHEMBL5790800,median_potency_representative,2,active,CHEMBL5728690
KRAS_G12C,CHEMBL5795051,median_potency_representative,2,active,CHEMBL5728690
KRAS_G12C,CHEMBL5797022,median_potency_representative,1,active,CHEMBL5728690
KRAS_G12C,CHEMBL5800857,median_potency_representative,1,active,CHEMBL5728690
KRAS_G12C,CHEMBL5805473,median_potency_representative,2,active,CHEMBL5728690
KRAS_G12C,CHEMBL5815016,median_potency_representative,1,active,CHEMBL5728690
KRAS_G12C,CHEMBL5815865,median_potency_representative,1,active,CHEMBL5728690
KRAS_G12C,CHEMBL5825476,median_potency_representative,1,active,CHEMBL5728690
KRAS_G12C,CHEMBL5825538,median_potency_representative,1,active,CHEMBL5728690
KRAS_G12C,CHEMBL5831865,median_potency_representative,1,active,CHEMBL5728690
KRAS_G12C,CHEMBL5835892,median_potency_representative,1,active,CHEMBL5728690
KRAS_G12C,CHEMBL5836471,excluded_conflicting_labels,2,active;inactive,CHEMBL5728690
KRAS_G12C,CHEMBL5839235,median_potency_representative,1,active,CHEMBL5728690
KRAS_G12C,CHEMBL5845664,median_potency_representative,1,active,CHEMBL5728690
KRAS_G12C,CHEMBL5857768,median_potency_representative,2,active,CHEMBL5728690
KRAS_G12C,CHEMBL5860091,median_potency_representative,1,active,CHEMBL5728690
KRAS_G12C,CHEMBL5865920,median_potency_representative,1,active,CHEMBL5728690
KRAS_G12C,CHEMBL5876649,median_potency_representative,1,active,CHEMBL5728690
KRAS_G12C,CHEMBL5877212,median_potency_representative,1,active,CHEMBL5728690
KRAS_G12C,CHEMBL5877937,median_potency_representative,1,active,CHEMBL5728690
KRAS_G12C,CHEMBL5887801,median_potency_representative,1,active,CHEMBL5728690
KRAS_G12C,CHEMBL5897686,median_potency_representative,2,active,CHEMBL5728690
KRAS_G12C,CHEMBL5900332,median_potency_representative,1,active,CHEMBL5728690
KRAS_G12C,CHEMBL5909036,median_potency_representative,1,active,CHEMBL5728690
KRAS_G12C,CHEMBL5916874,median_potency_representative,2,active,CHEMBL5728690
KRAS_G12C,CHEMBL5921968,median_potency_representative,2,active,CHEMBL5728690
KRAS_G12C,CHEMBL5922686,median_potency_representative,1,active,CHEMBL5728690
KRAS_G12C,CHEMBL5923892,median_potency_representative,2,active,CHEMBL5728690
KRAS_G12C,CHEMBL5924189,median_potency_representative,1,active,CHEMBL5728690
KRAS_G12C,CHEMBL5928120,median_potency_representative,1,active,CHEMBL5728690
KRAS_G12C,CHEMBL5929641,median_potency_representative,1,active,CHEMBL5728690
KRAS_G12C,CHEMBL5933595,median_potency_representative,1,active,CHEMBL5728690
KRAS_G12C,CHEMBL5937848,median_potency_representative,1,inactive,CHEMBL5728690
KRAS_G12C,CHEMBL5938229,median_potency_representative,3,active,CHEMBL5728690
KRAS_G12C,CHEMBL5942414,median_potency_representative,1,active,CHEMBL5728690
KRAS_G12C,CHEMBL5946564,median_potency_representative,1,active,CHEMBL5728690
KRAS_G12C,CHEMBL5948376,median_potency_representative,2,active,CHEMBL5728690
KRAS_G12C,CHEMBL5951289,median_potency_representative,2,active,CHEMBL5728690
KRAS_G12C,CHEMBL5956056,median_potency_representative,1,active,CHEMBL5728690
KRAS_G12C,CHEMBL5961614,median_potency_representative,1,active,CHEMBL5728690
KRAS_G12C,CHEMBL5963756,median_potency_representative,1,active,CHEMBL5728690
KRAS_G12C,CHEMBL5968349,median_potency_representative,1,active,CHEMBL5728690
KRAS_G12C,CHEMBL5970644,median_potency_representative,2,active,CHEMBL5728690
KRAS_G12C,CHEMBL5977285,median_potency_representative,1,active,CHEMBL5728690
KRAS_G12C,CHEMBL5978146,median_potency_representative,1,active,CHEMBL5728690
KRAS_G12C,CHEMBL5985057,median_potency_representative,1,active,CHEMBL5728690
KRAS_G12C,CHEMBL5985622,median_potency_representative,1,active,CHEMBL5728690
KRAS_G12C,CHEMBL5991988,median_potency_representative,1,active,CHEMBL5728690
KRAS_G12C,CHEMBL5994726,median_potency_representative,1,active,CHEMBL5728690
KRAS_G12C,CHEMBL5997233,excluded_conflicting_labels,2,active;inactive,CHEMBL5728690
KRAS_G12C,CHEMBL5998928,median_potency_representative,1,active,CHEMBL5728690
KRAS_G12C,CHEMBL6005148,median_potency_representative,2,active,CHEMBL5728690
KRAS_G12C,CHEMBL6006638,median_potency_representative,2,active,CHEMBL5728690
KRAS_G12C,CHEMBL6008336,median_potency_representative,2,active,CHEMBL5728690
KRAS_G12C,CHEMBL6010330,median_potency_representative,1,active,CHEMBL5728690
KRAS_G12C,CHEMBL6010390,excluded_conflicting_labels,2,active;inactive,CHEMBL5728690
KRAS_G12C,CHEMBL6012235,median_potency_representative,2,active,CHEMBL5728690
KRAS_G12C,CHEMBL6013059,median_potency_representative,2,active,CHEMBL5728690
KRAS_G12C,CHEMBL6025458,median_potency_representative,1,active,CHEMBL5728690
KRAS_G12C,CHEMBL6026751,median_potency_representative,1,active,CHEMBL5728690
KRAS_G12C,CHEMBL6035004,median_potency_representative,1,active,CHEMBL5728690
KRAS_G12C,CHEMBL6037559,median_potency_representative,1,active,CHEMBL5728690
KRAS_G12C,CHEMBL6039204,median_potency_representative,1,active,CHEMBL5728690
KRAS_G12C,CHEMBL6044394,median_potency_representative,1,active,CHEMBL5728690
KRAS_G12C,CHEMBL6045688,median_potency_representative,1,active,CHEMBL5728690
KRAS_G12C,CHEMBL6047623,median_potency_representative,2,active,CHEMBL5728690
KRAS_G12C,CHEMBL6049703,median_potency_representative,2,active,CHEMBL5728690
KRAS_G12C,CHEMBL6055371,median_potency_representative,1,active,CHEMBL5728690
KRAS_G12C,CHEMBL6056774,median_potency_representative,2,active,CHEMBL5728690
KRAS_G12C,CHEMBL6059589,median_potency_representative,1,active,CHEMBL5728690
KRAS_G12C,CHEMBL6060910,median_potency_representative,2,active,CHEMBL5728690
