target_label,document_chembl_id,warhead_class,n_records,note,title,doi,pubmed_id,journal,year,covalent_mechanism_evidence,evidence_location,reviewer,review_date,review_status
EGFR,CHEMBL1124610,acrylamide,4,Confirm covalent mechanism in the primary source before using covalent-inhibitor wording.,Tyrphostins I: synthesis and biological activity of protein tyrosine kinase inhibitors.,10.1021/jm00130a020,2552117,J Med Chem,1989,,,,,pending
EGFR,CHEMBL1125266,acrylamide,10,Confirm covalent mechanism in the primary source before using covalent-inhibitor wording.,Tyrphostins. 2. Heterocyclic and alpha-substituted benzylidenemalononitrile tyrphostins as potent inhibitors of EGF receptor and ErbB2/neu tyrosine kinases.,10.1021/jm00110a022,1676428,J Med Chem,1991,,,,,pending
EGFR,CHEMBL1126897,acrylamide,7,Confirm covalent mechanism in the primary source before using covalent-inhibitor wording.,Tyrphostins. 3. Structure-activity relationship studies of alpha-substituted benzylidenemalononitrile 5-S-aryltyrphostins.,10.1021/jm00075a010,7902440,J Med Chem,1993,,,,,pending
EGFR,CHEMBL1129590,acrylamide,13,Confirm covalent mechanism in the primary source before using covalent-inhibitor wording.,Tyrphostins. 6. Dimeric benzylidenemalononitrile tyrophostins: potent inhibitors of EGF receptor tyrosine kinase in vitro.,10.1021/jm960225d,8960549,J Med Chem,1996,,,,,pending
EGFR,CHEMBL1131018,acrylamide,5,Confirm covalent mechanism in the primary source before using covalent-inhibitor wording.,Synthesis and biological evaluations of 3-substituted indolin-2-ones: a novel class of tyrosine kinase inhibitors that exhibit selectivity toward particular receptor tyrosine kinases.,10.1021/jm980123i,9651163,J Med Chem,1998,,,,,pending
EGFR,CHEMBL1132213,acrylamide,14,Confirm covalent mechanism in the primary source before using covalent-inhibitor wording.,Tyrosine kinase inhibitors. 15. 4-(Phenylamino)quinazoline and 4-(phenylamino)pyrido[d]pyrimidine acrylamides as irreversible inhibitors of the ATP binding site of the epidermal growth factor receptor.,10.1021/jm9806603,10346932,J Med Chem,1999,,,,,pending
EGFR,CHEMBL1132364,acrylamide,2,Confirm covalent mechanism in the primary source before using covalent-inhibitor wording.,Structure-activity relationship of N-(phenylalkyl)cinnamides as novel NR2B subtype-selective NMDA receptor antagonists.,10.1021/jm990199u,10464027,J Med Chem,1999,,,,,pending
EGFR,CHEMBL1132535,acrylamide,10,Confirm covalent mechanism in the primary source before using covalent-inhibitor wording.,"Design, synthesis, and evaluations of substituted 3-[(3- or 4-carboxyethylpyrrol-2-yl)methylidenyl]indolin-2-ones as inhibitors of VEGF, FGF, and PDGF receptor tyrosine kinases.",10.1021/jm9904295,10602697,J Med Chem,1999,,,,,pending
EGFR,CHEMBL1133162,acrylamide,23,Confirm covalent mechanism in the primary source before using covalent-inhibitor wording.,"Tyrosine kinase inhibitors. 17. Irreversible inhibitors of the epidermal growth factor receptor: 4-(phenylamino)quinazoline- and 4-(phenylamino)pyrido[3,2-d]pyrimidine-6-acrylamides bearing additional solubilizing functions.",10.1021/jm990482t,10753475,J Med Chem,2000,,,,,pending
EGFR,CHEMBL1133720,acrylamide,1,Confirm covalent mechanism in the primary source before using covalent-inhibitor wording.,Structural studies on bioactive compounds. 32. Oxidation of tyrphostin protein tyrosine kinase inhibitors with hypervalent iodine reagents.,10.1021/jm990947f,10780912,J Med Chem,2000,,,,,pending
EGFR,CHEMBL1133768,acrylamide,2,Confirm covalent mechanism in the primary source before using covalent-inhibitor wording.,"Identification of substituted 3-[(4,5,6, 7-tetrahydro-1H-indol-2-yl)methylene]-1,3-dihydroindol-2-ones as growth factor receptor inhibitors for VEGF-R2 (Flk-1/KDR), FGF-R1, and PDGF-Rbeta tyrosine kinases.",10.1021/jm9906116,10893303,J Med Chem,2000,,,,,pending
EGFR,CHEMBL1134561,acrylamide,16,Confirm covalent mechanism in the primary source before using covalent-inhibitor wording.,6-Substituted-4-(3-bromophenylamino)quinazolines as putative irreversible inhibitors of the epidermal growth factor receptor (EGFR) and human epidermal growth factor receptor (HER-2) tyrosine kinases with enhanced antitumor activity.,10.1021/jm0005555,11495584,J Med Chem,2001,,,,,pending
EGFR,CHEMBL1134561,propiolamide,16,Confirm covalent mechanism in the primary source before using covalent-inhibitor wording.,6-Substituted-4-(3-bromophenylamino)quinazolines as putative irreversible inhibitors of the epidermal growth factor receptor (EGFR) and human epidermal growth factor receptor (HER-2) tyrosine kinases with enhanced antitumor activity.,10.1021/jm0005555,11495584,J Med Chem,2001,,,,,pending
EGFR,CHEMBL1134843,acrylamide,27,Confirm covalent mechanism in the primary source before using covalent-inhibitor wording.,"Tyrosine kinase inhibitors. 18. 6-Substituted 4-anilinoquinazolines and 4-anilinopyrido[3,4-d]pyrimidines as soluble, irreversible inhibitors of the epidermal growth factor receptor.",10.1021/jm000372i,11462982,J Med Chem,2001,,,,,pending
EGFR,CHEMBL1134843,vinyl_sulfonamide,2,Confirm covalent mechanism in the primary source before using covalent-inhibitor wording.,"Tyrosine kinase inhibitors. 18. 6-Substituted 4-anilinoquinazolines and 4-anilinopyrido[3,4-d]pyrimidines as soluble, irreversible inhibitors of the epidermal growth factor receptor.",10.1021/jm000372i,11462982,J Med Chem,2001,,,,,pending
EGFR,CHEMBL1134862,acrylamide,20,Confirm covalent mechanism in the primary source before using covalent-inhibitor wording.,"Rational design of 4,5-disubstituted-5,7-dihydro-pyrrolo[2,3-d]pyrimidin-6-ones as a novel class of inhibitors of epidermal growth factor receptor (EGF-R) and Her2(p185(erbB)) tyrosine kinases.",10.1016/s0960-894x(02)00364-5,12127526,Bioorg Med Chem Lett,2002,,,,,pending
EGFR,CHEMBL1135208,acrylamide,1,Confirm covalent mechanism in the primary source before using covalent-inhibitor wording.,Syntheses and EGFR and HER-2 kinase inhibitory activities of 4-anilinoquinoline-3-carbonitriles: analogues of three important 4-anilinoquinazolines currently undergoing clinical evaluation as therapeutic antitumor agents.,10.1016/s0960-894x(02)00598-x,12270171,Bioorg Med Chem Lett,2002,,,,,pending
EGFR,CHEMBL1136802,acrylamide,15,Confirm covalent mechanism in the primary source before using covalent-inhibitor wording.,Receptor-guided alignment-based comparative 3D-QSAR studies of benzylidene malonitrile tyrphostins as EGFR and HER-2 kinase inhibitors.,10.1021/jm030065n,14561085,J Med Chem,2003,,,,,pending
EGFR,CHEMBL1145020,acrylamide,10,Confirm covalent mechanism in the primary source before using covalent-inhibitor wording.,"Synthesis and structure-activity relationships of 6,7-disubstituted 4-anilinoquinoline-3-carbonitriles. The design of an orally active, irreversible inhibitor of the tyrosine kinase activity of the epidermal growth factor receptor (EGFR) and the human epidermal growth factor receptor-2 (HER-2).",10.1021/jm020241c,12502359,J Med Chem,2003,,,,,pending
EGFR,CHEMBL1145020,propiolamide,11,Confirm covalent mechanism in the primary source before using covalent-inhibitor wording.,"Synthesis and structure-activity relationships of 6,7-disubstituted 4-anilinoquinoline-3-carbonitriles. The design of an orally active, irreversible inhibitor of the tyrosine kinase activity of the epidermal growth factor receptor (EGFR) and the human epidermal growth factor receptor-2 (HER-2).",10.1021/jm020241c,12502359,J Med Chem,2003,,,,,pending
EGFR,CHEMBL1147456,propiolamide,2,Confirm covalent mechanism in the primary source before using covalent-inhibitor wording.,"Binding modes of 6,7 di-substituted 4-anilinoquinoline-3-carbonitriles to EGFR.",10.1016/j.bmcl.2004.04.080,15177440,Bioorg Med Chem Lett,2004,,,,,pending
EGFR,CHEMBL1147619,acrylamide,4,Confirm covalent mechanism in the primary source before using covalent-inhibitor wording.,"Syntheses and EGFR kinase inhibitory activity of 6-substituted-4-anilino [1,7] and [1,8] naphthyridine-3-carbonitriles.",10.1016/j.bmcl.2004.01.034,15006373,Bioorg Med Chem Lett,2004,,,,,pending
EGFR,CHEMBL1147619,propiolamide,1,Confirm covalent mechanism in the primary source before using covalent-inhibitor wording.,"Syntheses and EGFR kinase inhibitory activity of 6-substituted-4-anilino [1,7] and [1,8] naphthyridine-3-carbonitriles.",10.1016/j.bmcl.2004.01.034,15006373,Bioorg Med Chem Lett,2004,,,,,pending
ERBB2,CHEMBL1125266,acrylamide,1,Confirm covalent mechanism in the primary source before using covalent-inhibitor wording.,Tyrphostins. 2. Heterocyclic and alpha-substituted benzylidenemalononitrile tyrphostins as potent inhibitors of EGF receptor and ErbB2/neu tyrosine kinases.,10.1021/jm00110a022,1676428,J Med Chem,1991,,,,,pending
ERBB2,CHEMBL1131018,acrylamide,11,Confirm covalent mechanism in the primary source before using covalent-inhibitor wording.,Synthesis and biological evaluations of 3-substituted indolin-2-ones: a novel class of tyrosine kinase inhibitors that exhibit selectivity toward particular receptor tyrosine kinases.,10.1021/jm980123i,9651163,J Med Chem,1998,,,,,pending
ERBB2,CHEMBL1132213,acrylamide,9,Confirm covalent mechanism in the primary source before using covalent-inhibitor wording.,Tyrosine kinase inhibitors. 15. 4-(Phenylamino)quinazoline and 4-(phenylamino)pyrido[d]pyrimidine acrylamides as irreversible inhibitors of the ATP binding site of the epidermal growth factor receptor.,10.1021/jm9806603,10346932,J Med Chem,1999,,,,,pending
ERBB2,CHEMBL1133162,acrylamide,10,Confirm covalent mechanism in the primary source before using covalent-inhibitor wording.,"Tyrosine kinase inhibitors. 17. Irreversible inhibitors of the epidermal growth factor receptor: 4-(phenylamino)quinazoline- and 4-(phenylamino)pyrido[3,2-d]pyrimidine-6-acrylamides bearing additional solubilizing functions.",10.1021/jm990482t,10753475,J Med Chem,2000,,,,,pending
ERBB2,CHEMBL1134561,acrylamide,10,Confirm covalent mechanism in the primary source before using covalent-inhibitor wording.,6-Substituted-4-(3-bromophenylamino)quinazolines as putative irreversible inhibitors of the epidermal growth factor receptor (EGFR) and human epidermal growth factor receptor (HER-2) tyrosine kinases with enhanced antitumor activity.,10.1021/jm0005555,11495584,J Med Chem,2001,,,,,pending
ERBB2,CHEMBL1134561,propiolamide,14,Confirm covalent mechanism in the primary source before using covalent-inhibitor wording.,6-Substituted-4-(3-bromophenylamino)quinazolines as putative irreversible inhibitors of the epidermal growth factor receptor (EGFR) and human epidermal growth factor receptor (HER-2) tyrosine kinases with enhanced antitumor activity.,10.1021/jm0005555,11495584,J Med Chem,2001,,,,,pending
ERBB2,CHEMBL1134843,acrylamide,8,Confirm covalent mechanism in the primary source before using covalent-inhibitor wording.,"Tyrosine kinase inhibitors. 18. 6-Substituted 4-anilinoquinazolines and 4-anilinopyrido[3,4-d]pyrimidines as soluble, irreversible inhibitors of the epidermal growth factor receptor.",10.1021/jm000372i,11462982,J Med Chem,2001,,,,,pending
ERBB2,CHEMBL1134862,acrylamide,12,Confirm covalent mechanism in the primary source before using covalent-inhibitor wording.,"Rational design of 4,5-disubstituted-5,7-dihydro-pyrrolo[2,3-d]pyrimidin-6-ones as a novel class of inhibitors of epidermal growth factor receptor (EGF-R) and Her2(p185(erbB)) tyrosine kinases.",10.1016/s0960-894x(02)00364-5,12127526,Bioorg Med Chem Lett,2002,,,,,pending
ERBB2,CHEMBL1136802,acrylamide,20,Confirm covalent mechanism in the primary source before using covalent-inhibitor wording.,Receptor-guided alignment-based comparative 3D-QSAR studies of benzylidene malonitrile tyrphostins as EGFR and HER-2 kinase inhibitors.,10.1021/jm030065n,14561085,J Med Chem,2003,,,,,pending
ERBB2,CHEMBL1138126,propiolamide,22,Confirm covalent mechanism in the primary source before using covalent-inhibitor wording.,"Tyrosine kinase inhibitors. 19. 6-Alkynamides of 4-anilinoquinazolines and 4-anilinopyrido[3,4-d]pyrimidines as irreversible inhibitors of the erbB family of tyrosine kinase receptors.",10.1021/jm050936o,16480284,J Med Chem,2006,,,,,pending
ERBB2,CHEMBL1139297,acrylamide,1,Confirm covalent mechanism in the primary source before using covalent-inhibitor wording.,"Synthesis and stereochemical effects of pyrrolidinyl-acetylenic thieno[3,2-d]pyrimidines as EGFR and ErbB-2 inhibitors.",10.1016/j.bmcl.2008.11.023,19028424,Bioorg Med Chem Lett,2009,,,,,pending
ERBB2,CHEMBL1141151,acrylamide,1,Confirm covalent mechanism in the primary source before using covalent-inhibitor wording.,High-affinity epidermal growth factor receptor (EGFR) irreversible inhibitors with diminished chemical reactivities as positron emission tomography (PET)-imaging agent candidates of EGFR overexpressing tumors.,10.1021/jm0580196,16078851,J Med Chem,2005,,,,,pending
ERBB2,CHEMBL1141151,chloroacetamide,1,Confirm covalent mechanism in the primary source before using covalent-inhibitor wording.,High-affinity epidermal growth factor receptor (EGFR) irreversible inhibitors with diminished chemical reactivities as positron emission tomography (PET)-imaging agent candidates of EGFR overexpressing tumors.,10.1021/jm0580196,16078851,J Med Chem,2005,,,,,pending
ERBB2,CHEMBL1142663,acrylamide,65,Confirm covalent mechanism in the primary source before using covalent-inhibitor wording.,"Optimization of 6,7-disubstituted-4-(arylamino)quinoline-3-carbonitriles as orally active, irreversible inhibitors of human epidermal growth factor receptor-2 kinase activity.",10.1021/jm040159c,15715478,J Med Chem,2005,,,,,pending
ERBB2,CHEMBL1142663,vinyl_sulfonamide,1,Confirm covalent mechanism in the primary source before using covalent-inhibitor wording.,"Optimization of 6,7-disubstituted-4-(arylamino)quinoline-3-carbonitriles as orally active, irreversible inhibitors of human epidermal growth factor receptor-2 kinase activity.",10.1021/jm040159c,15715478,J Med Chem,2005,,,,,pending
ERBB2,CHEMBL1145020,acrylamide,7,Confirm covalent mechanism in the primary source before using covalent-inhibitor wording.,"Synthesis and structure-activity relationships of 6,7-disubstituted 4-anilinoquinoline-3-carbonitriles. The design of an orally active, irreversible inhibitor of the tyrosine kinase activity of the epidermal growth factor receptor (EGFR) and the human epidermal growth factor receptor-2 (HER-2).",10.1021/jm020241c,12502359,J Med Chem,2003,,,,,pending
ERBB2,CHEMBL1145020,propiolamide,7,Confirm covalent mechanism in the primary source before using covalent-inhibitor wording.,"Synthesis and structure-activity relationships of 6,7-disubstituted 4-anilinoquinoline-3-carbonitriles. The design of an orally active, irreversible inhibitor of the tyrosine kinase activity of the epidermal growth factor receptor (EGFR) and the human epidermal growth factor receptor-2 (HER-2).",10.1021/jm020241c,12502359,J Med Chem,2003,,,,,pending
ERBB2,CHEMBL1150417,acrylamide,1,Confirm covalent mechanism in the primary source before using covalent-inhibitor wording.,Discovery of novel small-molecule inhibitors of human epidermal growth factor receptor-2: combined ligand and target-based approach.,10.1021/jm7013875,18500794,J Med Chem,2008,,,,,pending
ERBB2,CHEMBL1150417,propiolamide,1,Confirm covalent mechanism in the primary source before using covalent-inhibitor wording.,Discovery of novel small-molecule inhibitors of human epidermal growth factor receptor-2: combined ligand and target-based approach.,10.1021/jm7013875,18500794,J Med Chem,2008,,,,,pending
ERBB2,CHEMBL1154498,acrylamide,1,Confirm covalent mechanism in the primary source before using covalent-inhibitor wording.,Clinical stage EGFR inhibitors irreversibly alkylate Bmx kinase.,10.1016/j.bmcl.2008.07.062,18667312,Bioorg Med Chem Lett,2008,,,,,pending
ERBB2,CHEMBL1154504,acrylamide,1,Confirm covalent mechanism in the primary source before using covalent-inhibitor wording.,Discovery and development of heat shock protein 90 inhibitors.,10.1016/j.bmc.2008.10.087,19017562,Bioorg Med Chem,2009,,,,,pending
ERBB2,CHEMBL1154692,acrylamide,2,Confirm covalent mechanism in the primary source before using covalent-inhibitor wording.,Discovery of a novel Her-1/Her-2 dual tyrosine kinase inhibitor for the treatment of Her-1 selective inhibitor-resistant non-small cell lung cancer.,10.1021/jm901146p,19888761,J Med Chem,2009,,,,,pending
ERBB2,CHEMBL1157465,acrylamide,4,Confirm covalent mechanism in the primary source before using covalent-inhibitor wording.,"Design, synthesis, and biological evaluation of novel 3-aryl-4-(1H-indole-3yl)-1,5-dihydro-2H-pyrrole-2-ones as vascular endothelial growth factor receptor (VEGF-R) inhibitors.",10.1021/jm8001185,18529047,J Med Chem,2008,,,,,pending
ERBB2,CHEMBL1158526,acrylamide,2,Confirm covalent mechanism in the primary source before using covalent-inhibitor wording.,Labeled 3-aryl-4-indolylmaleimide derivatives and their potential as angiogenic PET biomarkers.,10.1016/j.bmc.2009.12.004,20031417,Bioorg Med Chem,2010,,,,,pending
ERBB2,CHEMBL1629443,acrylamide,7,Confirm covalent mechanism in the primary source before using covalent-inhibitor wording.,"Novel chimeric histone deacetylase inhibitors: a series of lapatinib hybrides as potent inhibitors of epidermal growth factor receptor (EGFR), human epidermal growth factor receptor 2 (HER2), and histone deacetylase activity.",10.1021/jm100665z,21080629,J Med Chem,2010,,,,,pending
ERBB2,CHEMBL1681756,acrylamide,6,Confirm covalent mechanism in the primary source before using covalent-inhibitor wording.,Synthesis and evaluation of novel pyrimidine-based dual EGFR/Her-2 inhibitors.,10.1016/j.bmcl.2011.01.119,21334203,Bioorg Med Chem Lett,2011,,,,,pending
