target_label,document_chembl_id,warhead_class,n_records,note
EGFR,CHEMBL1124610,acrylamide,4,Confirm covalent mechanism in the primary source before using covalent-inhibitor wording.
EGFR,CHEMBL1125266,acrylamide,10,Confirm covalent mechanism in the primary source before using covalent-inhibitor wording.
EGFR,CHEMBL1126897,acrylamide,7,Confirm covalent mechanism in the primary source before using covalent-inhibitor wording.
EGFR,CHEMBL1129590,acrylamide,13,Confirm covalent mechanism in the primary source before using covalent-inhibitor wording.
EGFR,CHEMBL1131018,acrylamide,5,Confirm covalent mechanism in the primary source before using covalent-inhibitor wording.
EGFR,CHEMBL1132213,acrylamide,14,Confirm covalent mechanism in the primary source before using covalent-inhibitor wording.
EGFR,CHEMBL1132364,acrylamide,2,Confirm covalent mechanism in the primary source before using covalent-inhibitor wording.
EGFR,CHEMBL1132535,acrylamide,10,Confirm covalent mechanism in the primary source before using covalent-inhibitor wording.
EGFR,CHEMBL1133162,acrylamide,23,Confirm covalent mechanism in the primary source before using covalent-inhibitor wording.
EGFR,CHEMBL1133720,acrylamide,1,Confirm covalent mechanism in the primary source before using covalent-inhibitor wording.
EGFR,CHEMBL1133768,acrylamide,2,Confirm covalent mechanism in the primary source before using covalent-inhibitor wording.
EGFR,CHEMBL1134561,acrylamide,16,Confirm covalent mechanism in the primary source before using covalent-inhibitor wording.
EGFR,CHEMBL1134561,propiolamide,16,Confirm covalent mechanism in the primary source before using covalent-inhibitor wording.
EGFR,CHEMBL1134843,acrylamide,27,Confirm covalent mechanism in the primary source before using covalent-inhibitor wording.
EGFR,CHEMBL1134843,vinyl_sulfonamide,2,Confirm covalent mechanism in the primary source before using covalent-inhibitor wording.
EGFR,CHEMBL1134862,acrylamide,20,Confirm covalent mechanism in the primary source before using covalent-inhibitor wording.
EGFR,CHEMBL1135208,acrylamide,1,Confirm covalent mechanism in the primary source before using covalent-inhibitor wording.
EGFR,CHEMBL1136802,acrylamide,15,Confirm covalent mechanism in the primary source before using covalent-inhibitor wording.
EGFR,CHEMBL1145020,acrylamide,10,Confirm covalent mechanism in the primary source before using covalent-inhibitor wording.
EGFR,CHEMBL1145020,propiolamide,11,Confirm covalent mechanism in the primary source before using covalent-inhibitor wording.
EGFR,CHEMBL1147456,propiolamide,2,Confirm covalent mechanism in the primary source before using covalent-inhibitor wording.
EGFR,CHEMBL1147619,acrylamide,4,Confirm covalent mechanism in the primary source before using covalent-inhibitor wording.
EGFR,CHEMBL1147619,propiolamide,1,Confirm covalent mechanism in the primary source before using covalent-inhibitor wording.
ERBB2,CHEMBL1125266,acrylamide,1,Confirm covalent mechanism in the primary source before using covalent-inhibitor wording.
ERBB2,CHEMBL1131018,acrylamide,11,Confirm covalent mechanism in the primary source before using covalent-inhibitor wording.
ERBB2,CHEMBL1132213,acrylamide,9,Confirm covalent mechanism in the primary source before using covalent-inhibitor wording.
ERBB2,CHEMBL1133162,acrylamide,10,Confirm covalent mechanism in the primary source before using covalent-inhibitor wording.
ERBB2,CHEMBL1134561,acrylamide,10,Confirm covalent mechanism in the primary source before using covalent-inhibitor wording.
ERBB2,CHEMBL1134561,propiolamide,14,Confirm covalent mechanism in the primary source before using covalent-inhibitor wording.
ERBB2,CHEMBL1134843,acrylamide,8,Confirm covalent mechanism in the primary source before using covalent-inhibitor wording.
ERBB2,CHEMBL1134862,acrylamide,12,Confirm covalent mechanism in the primary source before using covalent-inhibitor wording.
ERBB2,CHEMBL1136802,acrylamide,20,Confirm covalent mechanism in the primary source before using covalent-inhibitor wording.
ERBB2,CHEMBL1138126,propiolamide,22,Confirm covalent mechanism in the primary source before using covalent-inhibitor wording.
ERBB2,CHEMBL1139297,acrylamide,1,Confirm covalent mechanism in the primary source before using covalent-inhibitor wording.
ERBB2,CHEMBL1141151,acrylamide,1,Confirm covalent mechanism in the primary source before using covalent-inhibitor wording.
ERBB2,CHEMBL1141151,chloroacetamide,1,Confirm covalent mechanism in the primary source before using covalent-inhibitor wording.
ERBB2,CHEMBL1142663,acrylamide,65,Confirm covalent mechanism in the primary source before using covalent-inhibitor wording.
ERBB2,CHEMBL1142663,vinyl_sulfonamide,1,Confirm covalent mechanism in the primary source before using covalent-inhibitor wording.
ERBB2,CHEMBL1145020,acrylamide,7,Confirm covalent mechanism in the primary source before using covalent-inhibitor wording.
ERBB2,CHEMBL1145020,propiolamide,7,Confirm covalent mechanism in the primary source before using covalent-inhibitor wording.
ERBB2,CHEMBL1150417,acrylamide,1,Confirm covalent mechanism in the primary source before using covalent-inhibitor wording.
ERBB2,CHEMBL1150417,propiolamide,1,Confirm covalent mechanism in the primary source before using covalent-inhibitor wording.
ERBB2,CHEMBL1154498,acrylamide,1,Confirm covalent mechanism in the primary source before using covalent-inhibitor wording.
ERBB2,CHEMBL1154504,acrylamide,1,Confirm covalent mechanism in the primary source before using covalent-inhibitor wording.
ERBB2,CHEMBL1154692,acrylamide,2,Confirm covalent mechanism in the primary source before using covalent-inhibitor wording.
ERBB2,CHEMBL1157465,acrylamide,4,Confirm covalent mechanism in the primary source before using covalent-inhibitor wording.
ERBB2,CHEMBL1158526,acrylamide,2,Confirm covalent mechanism in the primary source before using covalent-inhibitor wording.
ERBB2,CHEMBL1629443,acrylamide,7,Confirm covalent mechanism in the primary source before using covalent-inhibitor wording.
ERBB2,CHEMBL1681756,acrylamide,6,Confirm covalent mechanism in the primary source before using covalent-inhibitor wording.
