requested_label,query,rank,target_chembl_id,pref_name,target_type,organism,review_decision,review_note
EGFR,epidermal growth factor receptor,1,CHEMBL3608,Epidermal growth factor receptor,SINGLE PROTEIN,Mus musculus,,Retain only the intended human single-protein target.
EGFR,epidermal growth factor receptor,2,CHEMBL5734,Pro-epidermal growth factor,SINGLE PROTEIN,Homo sapiens,,Retain only the intended human single-protein target.
EGFR,epidermal growth factor receptor,3,CHEMBL1649051,Growth factor receptor-bound protein 7,SINGLE PROTEIN,Homo sapiens,,Retain only the intended human single-protein target.
EGFR,epidermal growth factor receptor,4,CHEMBL5291567,Delta and Notch-like epidermal growth factor-related receptor,SINGLE PROTEIN,Homo sapiens,,Retain only the intended human single-protein target.
EGFR,epidermal growth factor receptor,5,CHEMBL6193842,Protein cereblon/Epidermal growth factor receptor,PROTEIN-PROTEIN INTERACTION,Mus musculus,,Retain only the intended human single-protein target.
EGFR,epidermal growth factor receptor,6,CHEMBL203,Epidermal growth factor receptor,SINGLE PROTEIN,Homo sapiens,,Retain only the intended human single-protein target.
EGFR,epidermal growth factor receptor,7,CHEMBL4295760,Epidermal growth factor receptor substrate 15,SINGLE PROTEIN,Homo sapiens,,Retain only the intended human single-protein target.
EGFR,epidermal growth factor receptor,8,CHEMBL2363049,Epidermal growth factor receptor,PROTEIN FAMILY,Homo sapiens,,Retain only the intended human single-protein target.
EGFR,epidermal growth factor receptor,9,CHEMBL3712972,Epidermal growth factor-like protein 7,SINGLE PROTEIN,Homo sapiens,,Retain only the intended human single-protein target.
EGFR,epidermal growth factor receptor,10,CHEMBL3713025,Protein Cripto,SINGLE PROTEIN,Homo sapiens,,Retain only the intended human single-protein target.
EGFR,epidermal growth factor receptor,11,CHEMBL4523680,Protein cereblon/Epidermal growth factor receptor,PROTEIN-PROTEIN INTERACTION,Homo sapiens,,Retain only the intended human single-protein target.
EGFR,epidermal growth factor receptor,12,CHEMBL6193830,UBR/Epidermal growth factor receptor,PROTEIN-PROTEIN INTERACTION,Homo sapiens,,Retain only the intended human single-protein target.
EGFR,epidermal growth factor receptor,13,CHEMBL6193841,Protein cereblon/Epidermal growth factor receptor,PROTEIN-PROTEIN INTERACTION,Mus musculus,,Retain only the intended human single-protein target.
EGFR,epidermal growth factor receptor,14,CHEMBL3848,Receptor tyrosine-protein kinase erbB-2,SINGLE PROTEIN,Rattus norvegicus,,Retain only the intended human single-protein target.
EGFR,epidermal growth factor receptor,15,CHEMBL2111431,Epidermal growth factor receptor and ErbB2 (HER1 and HER2),PROTEIN FAMILY,Homo sapiens,,Retain only the intended human single-protein target.
EGFR,epidermal growth factor receptor,16,CHEMBL3137284,MER intracellular domain/EGFR extracellular domain chimera,CHIMERIC PROTEIN,Homo sapiens,,Retain only the intended human single-protein target.
EGFR,epidermal growth factor receptor,17,CHEMBL4523747,EGFR/PPP1CA,PROTEIN-PROTEIN INTERACTION,Homo sapiens,,Retain only the intended human single-protein target.
EGFR,epidermal growth factor receptor,18,CHEMBL4523998,von Hippel-Lindau disease tumor suppressor/Epidermal growth factor receptor,PROTEIN-PROTEIN INTERACTION,Homo sapiens,,Retain only the intended human single-protein target.
EGFR,epidermal growth factor receptor,19,CHEMBL4802031,Baculoviral IAP repeat-containing protein 2/Epidermal growth factor receptor,PROTEIN-PROTEIN INTERACTION,Homo sapiens,,Retain only the intended human single-protein target.
EGFR,epidermal growth factor receptor,20,CHEMBL5465557,CCN2-EGFR,PROTEIN-PROTEIN INTERACTION,Homo sapiens,,Retain only the intended human single-protein target.
ERBB2,ERBB2,1,CHEMBL2311234,Receptor tyrosine-protein kinase erbB-2,SINGLE PROTEIN,Mus musculus,,Retain only the intended human single-protein target.
ERBB2,ERBB2,2,CHEMBL3848,Receptor tyrosine-protein kinase erbB-2,SINGLE PROTEIN,Rattus norvegicus,,Retain only the intended human single-protein target.
ERBB2,ERBB2,3,CHEMBL1824,Receptor tyrosine-protein kinase erbB-2,SINGLE PROTEIN,Homo sapiens,,Retain only the intended human single-protein target.
ERBB2,ERBB2,4,CHEMBL5483009,ERBIN-P0071,PROTEIN-PROTEIN INTERACTION,Homo sapiens,,Retain only the intended human single-protein target.
ERBB2,ERBB2,5,CHEMBL2111431,Epidermal growth factor receptor and ErbB2 (HER1 and HER2),PROTEIN FAMILY,Homo sapiens,,Retain only the intended human single-protein target.
ERBB2,ERBB2,6,CHEMBL4630723,ErbB-2/ErbB-3 heterodimer,PROTEIN COMPLEX,Homo sapiens,,Retain only the intended human single-protein target.
ERBB2,ERBB2,7,CHEMBL5465227,von Hippel-Lindau disease tumor suppressor/Receptor tyrosine-protein kinase erbB-2,PROTEIN-PROTEIN INTERACTION,Homo sapiens,,Retain only the intended human single-protein target.
ERBB2,ERBB2,8,CHEMBL4106134,FASN/HER2,PROTEIN COMPLEX,Homo sapiens,,Retain only the intended human single-protein target.
ERBB2,ERBB2,9,CHEMBL2363049,Epidermal growth factor receptor,PROTEIN FAMILY,Homo sapiens,,Retain only the intended human single-protein target.
BTK,Bruton tyrosine kinase,1,CHEMBL3259478,Tyrosine-protein kinase BTK,SINGLE PROTEIN,Mus musculus,,Retain only the intended human single-protein target.
BTK,Bruton tyrosine kinase,2,CHEMBL5251,Tyrosine-protein kinase BTK,SINGLE PROTEIN,Homo sapiens,,Retain only the intended human single-protein target.
BTK,Bruton tyrosine kinase,3,CHEMBL4523704,Protein cereblon/Tyrosine-protein kinase BTK,PROTEIN-PROTEIN INTERACTION,Homo sapiens,,Retain only the intended human single-protein target.
BTK,Bruton tyrosine kinase,4,CHEMBL5483101,Protein cereblon/Tyrosine-protein kinase BTK,PROTEIN-PROTEIN INTERACTION,Mus musculus,,Retain only the intended human single-protein target.
BTK,Bruton tyrosine kinase,5,CHEMBL4630740,von Hippel-Lindau disease tumor suppressor/Tyrosine-protein kinase BTK,PROTEIN-PROTEIN INTERACTION,Homo sapiens,,Retain only the intended human single-protein target.
BTK,Bruton tyrosine kinase,6,CHEMBL6066563,Tyrosine-protein kinase BTK/Tyrosine-protein kinase Fyn,PROTEIN FAMILY,Homo sapiens,,Retain only the intended human single-protein target.
BTK,Bruton tyrosine kinase,7,CHEMBL6066564,Tyrosine-protein kinase BTK/Tyrosine-protein kinase Lck,PROTEIN FAMILY,Homo sapiens,,Retain only the intended human single-protein target.
BTK,Bruton tyrosine kinase,8,CHEMBL6066565,Tyrosine-protein kinase BTK/Tyrosine-protein kinase Lyn,PROTEIN FAMILY,Homo sapiens,,Retain only the intended human single-protein target.
BTK,Bruton tyrosine kinase,9,CHEMBL4296642,TEC family kinase,PROTEIN FAMILY,Homo sapiens,,Retain only the intended human single-protein target.
BTK,Bruton tyrosine kinase,10,CHEMBL6195602,Proteasomal ubiquitin receptor ADRM1/Tyrosine-protein kinase BTK,PROTEIN-PROTEIN INTERACTION,Homo sapiens,,Retain only the intended human single-protein target.
BTK,Bruton tyrosine kinase,11,CHEMBL5482987,Baculoviral IAP repeat-containing protein 2/Tyrosine-protein kinase BTK,PROTEIN-PROTEIN INTERACTION,Homo sapiens,,Retain only the intended human single-protein target.
BTK,Bruton tyrosine kinase,12,CHEMBL5291968,E3 ubiquitin-protein ligase XIAP/Tyrosine-protein kinase BTK,PROTEIN-PROTEIN INTERACTION,Homo sapiens,,Retain only the intended human single-protein target.
BTK,Bruton tyrosine kinase,13,CHEMBL5724693,General transcription factor II-I,SINGLE PROTEIN,Homo sapiens,,Retain only the intended human single-protein target.
BTK,Bruton tyrosine kinase,14,CHEMBL5314,Tyrosine-protein kinase receptor TYRO3,SINGLE PROTEIN,Homo sapiens,,Retain only the intended human single-protein target.
BTK,Bruton tyrosine kinase,15,CHEMBL2634,Tyrosine-protein kinase CSK,SINGLE PROTEIN,Homo sapiens,,Retain only the intended human single-protein target.
BTK,Bruton tyrosine kinase,16,CHEMBL2599,Tyrosine-protein kinase SYK,SINGLE PROTEIN,Homo sapiens,,Retain only the intended human single-protein target.
BTK,Bruton tyrosine kinase,17,CHEMBL3290,Ephrin type-B receptor 2,SINGLE PROTEIN,Homo sapiens,,Retain only the intended human single-protein target.
BTK,Bruton tyrosine kinase,18,CHEMBL4175,Megakaryocyte-associated tyrosine-protein kinase,SINGLE PROTEIN,Homo sapiens,,Retain only the intended human single-protein target.
BTK,Bruton tyrosine kinase,19,CHEMBL2815,High affinity nerve growth factor receptor,SINGLE PROTEIN,Homo sapiens,,Retain only the intended human single-protein target.
BTK,Bruton tyrosine kinase,20,CHEMBL4223,Tyrosine-protein kinase FRK,SINGLE PROTEIN,Homo sapiens,,Retain only the intended human single-protein target.
JAK3,Janus kinase 3,1,CHEMBL2148,Tyrosine-protein kinase JAK3,SINGLE PROTEIN,Homo sapiens,,Retain only the intended human single-protein target.
JAK3,Janus kinase 3,2,CHEMBL3038491,JAK3/JAK1,PROTEIN COMPLEX,Homo sapiens,,Retain only the intended human single-protein target.
JAK3,Janus kinase 3,3,CHEMBL4802035,JAK2/JAK3,PROTEIN FAMILY,Homo sapiens,,Retain only the intended human single-protein target.
JAK3,Janus kinase 3,4,CHEMBL2363062,Janus Kinase (JAK),PROTEIN FAMILY,Homo sapiens,,Retain only the intended human single-protein target.
JAK3,Janus kinase 3,5,CHEMBL3885650,Tyrosine-protein kinase JAK1/JAK3,PROTEIN FAMILY,Mus musculus,,Retain only the intended human single-protein target.
JAK3,Janus kinase 3,6,CHEMBL6066057,Protein cereblon/Tyrosine-protein kinase JAK3,PROTEIN-PROTEIN INTERACTION,Homo sapiens,,Retain only the intended human single-protein target.
JAK3,Janus kinase 3,7,CHEMBL5250,Tyrosine-protein kinase JAK3,SINGLE PROTEIN,Mus musculus,,Retain only the intended human single-protein target.
JAK3,Janus kinase 3,8,CHEMBL4295857,Tyrosine-protein kinase JAK3,SINGLE PROTEIN,Rattus norvegicus,,Retain only the intended human single-protein target.
JAK3,Janus kinase 3,9,CHEMBL5303556,Janus kinase 1,SINGLE PROTEIN,Canis lupus familiaris,,Retain only the intended human single-protein target.
JAK3,Janus kinase 3,10,CHEMBL3885649,Tyrosine-protein kinase JAK1/JAK2,PROTEIN FAMILY,Mus musculus,,Retain only the intended human single-protein target.
JAK3,Janus kinase 3,11,CHEMBL3038492,JAK2/JAK1,PROTEIN COMPLEX,Homo sapiens,,Retain only the intended human single-protein target.
JAK3,Janus kinase 3,12,CHEMBL3885642,TYK2/JAK1/JAK2,PROTEIN FAMILY,Mus musculus,,Retain only the intended human single-protein target.
JAK3,Janus kinase 3,13,CHEMBL2968,Tyrosine-protein kinase JAK1,SINGLE PROTEIN,Mus musculus,,Retain only the intended human single-protein target.
JAK3,Janus kinase 3,14,CHEMBL2971,Tyrosine-protein kinase JAK2,SINGLE PROTEIN,Homo sapiens,,Retain only the intended human single-protein target.
JAK3,Janus kinase 3,15,CHEMBL1075225,Tyrosine-protein kinase JAK2,SINGLE PROTEIN,Rattus norvegicus,,Retain only the intended human single-protein target.
JAK3,Janus kinase 3,16,CHEMBL1649049,Tyrosine-protein kinase JAK2,SINGLE PROTEIN,Mus musculus,,Retain only the intended human single-protein target.
JAK3,Janus kinase 3,17,CHEMBL3301390,JAK1/JAK2/TYK2,PROTEIN COMPLEX,Homo sapiens,,Retain only the intended human single-protein target.
JAK3,Janus kinase 3,18,CHEMBL5482983,JAK2-STAT3,PROTEIN COMPLEX,Homo sapiens,,Retain only the intended human single-protein target.
JAK3,Janus kinase 3,19,CHEMBL2835,Tyrosine-protein kinase JAK1,SINGLE PROTEIN,Homo sapiens,,Retain only the intended human single-protein target.
JAK3,Janus kinase 3,20,CHEMBL4742263,Protein cereblon/Tyrosine-protein kinase JAK2,PROTEIN-PROTEIN INTERACTION,Homo sapiens,,Retain only the intended human single-protein target.
FGFR4,fibroblast growth factor receptor 4,1,CHEMBL2111391,Fibroblast growth factor receptor,PROTEIN FAMILY,Mus musculus,,Retain only the intended human single-protein target.
FGFR4,fibroblast growth factor receptor 4,2,CHEMBL4739699,Fibroblast growth factor 14,SINGLE PROTEIN,Homo sapiens,,Retain only the intended human single-protein target.
FGFR4,fibroblast growth factor receptor 4,3,CHEMBL4802008,Fibroblast growth factor receptor 4,SINGLE PROTEIN,Rattus norvegicus,,Retain only the intended human single-protein target.
FGFR4,fibroblast growth factor receptor 4,4,CHEMBL2095217,Fibroblast growth factor receptor,PROTEIN FAMILY,Homo sapiens,,Retain only the intended human single-protein target.
FGFR4,fibroblast growth factor receptor 4,5,CHEMBL3973,Fibroblast growth factor receptor 4,SINGLE PROTEIN,Homo sapiens,,Retain only the intended human single-protein target.
FGFR4,fibroblast growth factor receptor 4,6,CHEMBL4802036,Fibroblast growth factor 1/Fibroblast growth factor receptor 2,PROTEIN COMPLEX,Homo sapiens,,Retain only the intended human single-protein target.
FGFR4,fibroblast growth factor receptor 4,7,CHEMBL5291679,Protein cereblon/Fibroblast growth factor receptor 4,PROTEIN-PROTEIN INTERACTION,Homo sapiens,,Retain only the intended human single-protein target.
FGFR4,fibroblast growth factor receptor 4,8,CHEMBL3839,Fibroblast growth factor receptor 4,SINGLE PROTEIN,Mus musculus,,Retain only the intended human single-protein target.
FGFR4,fibroblast growth factor receptor 4,9,CHEMBL3107,Fibroblast growth factor 2,SINGLE PROTEIN,Homo sapiens,,Retain only the intended human single-protein target.
FGFR4,fibroblast growth factor receptor 4,10,CHEMBL3960,Fibroblast growth factor receptor 1,SINGLE PROTEIN,Mus musculus,,Retain only the intended human single-protein target.
FGFR4,fibroblast growth factor receptor 4,11,CHEMBL3713913,Fibroblast growth factor 23,SINGLE PROTEIN,Homo sapiens,,Retain only the intended human single-protein target.
FGFR4,fibroblast growth factor receptor 4,12,CHEMBL4523276,Fibroblast growth factor receptor 1,SINGLE PROTEIN,Rattus norvegicus,,Retain only the intended human single-protein target.
FGFR4,fibroblast growth factor receptor 4,13,CHEMBL2120,Fibroblast growth factor 1,SINGLE PROTEIN,Homo sapiens,,Retain only the intended human single-protein target.
FGFR4,fibroblast growth factor receptor 4,14,CHEMBL4066,Fibroblast growth factor receptor 3,SINGLE PROTEIN,Mus musculus,,Retain only the intended human single-protein target.
FGFR4,fibroblast growth factor receptor 4,15,CHEMBL3648,Fibroblast growth factor receptor 2,SINGLE PROTEIN,Mus musculus,,Retain only the intended human single-protein target.
FGFR4,fibroblast growth factor receptor 4,16,CHEMBL3286072,Fibroblast growth factor 4,SINGLE PROTEIN,Homo sapiens,,Retain only the intended human single-protein target.
FGFR4,fibroblast growth factor receptor 4,17,CHEMBL4804255,FGFR4-KLB,PROTEIN COMPLEX,Homo sapiens,,Retain only the intended human single-protein target.
FGFR4,fibroblast growth factor receptor 4,18,CHEMBL4142,Fibroblast growth factor receptor 2,SINGLE PROTEIN,Homo sapiens,,Retain only the intended human single-protein target.
FGFR4,fibroblast growth factor receptor 4,19,CHEMBL2742,Fibroblast growth factor receptor 3,SINGLE PROTEIN,Homo sapiens,,Retain only the intended human single-protein target.
FGFR4,fibroblast growth factor receptor 4,20,CHEMBL4523624,Fibroblast growth factor 14/SCN8A,PROTEIN-PROTEIN INTERACTION,Homo sapiens,,Retain only the intended human single-protein target.
KRAS_G12C,KRAS G12C,1,CHEMBL2189121,GTPase KRas,SINGLE PROTEIN,Homo sapiens,,Retain only the intended human single-protein target.
KRAS_G12C,KRAS G12C,2,CHEMBL5483196,Protein cereblon/GTPase KRas,PROTEIN-PROTEIN INTERACTION,Homo sapiens,,Retain only the intended human single-protein target.
KRAS_G12C,KRAS G12C,3,CHEMBL5169273,von Hippel-Lindau disease tumor suppressor/GTPase KRas,PROTEIN-PROTEIN INTERACTION,Homo sapiens,,Retain only the intended human single-protein target.
KRAS_G12C,KRAS G12C,4,CHEMBL5465393,SOS1-KRAS,PROTEIN COMPLEX,Homo sapiens,,Retain only the intended human single-protein target.
KRAS_G12C,KRAS G12C,5,CHEMBL4523623,PDE6D/KRAS,PROTEIN-PROTEIN INTERACTION,Homo sapiens,,Retain only the intended human single-protein target.
KRAS_G12C,KRAS G12C,6,CHEMBL5291977,GTPase KRas/RAF1,PROTEIN-PROTEIN INTERACTION,Homo sapiens,,Retain only the intended human single-protein target.
KRAS_G12C,KRAS G12C,7,CHEMBL6193831,von Hippel-Lindau disease tumor suppressor/Son of sevenless homolog 1/GTPase KRas,PROTEIN-PROTEIN INTERACTION,Homo sapiens,,Retain only the intended human single-protein target.
KRAS_G12C,KRAS G12C,8,CHEMBL4524006,RAS,PROTEIN FAMILY,Homo sapiens,,Retain only the intended human single-protein target.
KRAS_G12C,KRAS G12C,9,CHEMBL6193817,Protein cereblon/GTPase HRas/GTPase NRas/GTPase KRas,PROTEIN-PROTEIN INTERACTION,Homo sapiens,,Retain only the intended human single-protein target.
