target_label,document_chembl_id,warhead_class,n_records,note,title,doi,pubmed_id,journal,year,covalent_mechanism_evidence,evidence_location,reviewer,review_date,review_status,evidence_scope
EGFR,CHEMBL1131018,acrylamide,5,Confirm covalent mechanism in the primary source before using covalent-inhibitor wording.,Synthesis and biological evaluations of 3-substituted indolin-2-ones: a novel class of tyrosine kinase inhibitors that exhibit selectivity toward particular receptor tyrosine kinases.,10.1021/jm980123i,9651163,J Med Chem,1998,unclear,Source metadata reports kinase inhibition; no direct covalent-mechanism evidence identified.,abstract_screening,2026-07-24,needs_fulltext,source_level; not mapped to every ChEMBL activity record
EGFR,CHEMBL1132213,acrylamide,14,Confirm covalent mechanism in the primary source before using covalent-inhibitor wording.,Tyrosine kinase inhibitors. 15. 4-(Phenylamino)quinazoline and 4-(phenylamino)pyrido[d]pyrimidine acrylamides as irreversible inhibitors of the ATP binding site of the epidermal growth factor receptor.,10.1021/jm9806603,10346932,J Med Chem,1999,unclear,Abstract reports irreversible isolated-EGFR inhibition and Cys773 reactivity rationale; direct compound-level adduct evidence requires full-text review.,abstract_screening,2026-07-24,needs_fulltext,source_level; not mapped to every ChEMBL activity record
EGFR,CHEMBL1134561,acrylamide,16,Confirm covalent mechanism in the primary source before using covalent-inhibitor wording.,6-Substituted-4-(3-bromophenylamino)quinazolines as putative irreversible inhibitors of the epidermal growth factor receptor (EGFR) and human epidermal growth factor receptor (HER-2) tyrosine kinases with enhanced antitumor activity.,10.1021/jm0005555,11495584,J Med Chem,2001,unclear,Title says putative irreversible inhibition; direct covalent evidence requires full-text review.,abstract_screening,2026-07-24,needs_fulltext,source_level; not mapped to every ChEMBL activity record
EGFR,CHEMBL1134561,propiolamide,16,Confirm covalent mechanism in the primary source before using covalent-inhibitor wording.,6-Substituted-4-(3-bromophenylamino)quinazolines as putative irreversible inhibitors of the epidermal growth factor receptor (EGFR) and human epidermal growth factor receptor (HER-2) tyrosine kinases with enhanced antitumor activity.,10.1021/jm0005555,11495584,J Med Chem,2001,unclear,Title says putative irreversible inhibition; direct covalent evidence requires full-text review.,abstract_screening,2026-07-24,needs_fulltext,source_level; not mapped to every ChEMBL activity record
EGFR,CHEMBL1136802,acrylamide,15,Confirm covalent mechanism in the primary source before using covalent-inhibitor wording.,Receptor-guided alignment-based comparative 3D-QSAR studies of benzylidene malonitrile tyrphostins as EGFR and HER-2 kinase inhibitors.,10.1021/jm030065n,14561085,J Med Chem,2003,unclear,QSAR study of tyrphostin inhibitors; no direct covalent-mechanism evidence in the reviewed source metadata.,abstract_screening,2026-07-24,needs_fulltext,source_level; not mapped to every ChEMBL activity record
EGFR,CHEMBL1145020,acrylamide,10,Confirm covalent mechanism in the primary source before using covalent-inhibitor wording.,"Synthesis and structure-activity relationships of 6,7-disubstituted 4-anilinoquinoline-3-carbonitriles. The design of an orally active, irreversible inhibitor of the tyrosine kinase activity of the epidermal growth factor receptor (EGFR) and the human epidermal growth factor receptor-2 (HER-2).",10.1021/jm020241c,12502359,J Med Chem,2003,unclear,Abstract reports irreversible EGFR/HER2 inhibition and a proposed Michael-addition mechanism; direct adduct evidence requires full-text review.,abstract_screening,2026-07-24,needs_fulltext,source_level; not mapped to every ChEMBL activity record
EGFR,CHEMBL1145020,propiolamide,11,Confirm covalent mechanism in the primary source before using covalent-inhibitor wording.,"Synthesis and structure-activity relationships of 6,7-disubstituted 4-anilinoquinoline-3-carbonitriles. The design of an orally active, irreversible inhibitor of the tyrosine kinase activity of the epidermal growth factor receptor (EGFR) and the human epidermal growth factor receptor-2 (HER-2).",10.1021/jm020241c,12502359,J Med Chem,2003,unclear,Abstract reports irreversible EGFR/HER2 inhibition and a proposed Michael-addition mechanism; direct adduct evidence requires full-text review.,abstract_screening,2026-07-24,needs_fulltext,source_level; not mapped to every ChEMBL activity record
ERBB2,CHEMBL1131018,acrylamide,11,Confirm covalent mechanism in the primary source before using covalent-inhibitor wording.,Synthesis and biological evaluations of 3-substituted indolin-2-ones: a novel class of tyrosine kinase inhibitors that exhibit selectivity toward particular receptor tyrosine kinases.,10.1021/jm980123i,9651163,J Med Chem,1998,unclear,Source metadata reports kinase inhibition; no direct covalent-mechanism evidence identified.,abstract_screening,2026-07-24,needs_fulltext,source_level; not mapped to every ChEMBL activity record
ERBB2,CHEMBL1132213,acrylamide,9,Confirm covalent mechanism in the primary source before using covalent-inhibitor wording.,Tyrosine kinase inhibitors. 15. 4-(Phenylamino)quinazoline and 4-(phenylamino)pyrido[d]pyrimidine acrylamides as irreversible inhibitors of the ATP binding site of the epidermal growth factor receptor.,10.1021/jm9806603,10346932,J Med Chem,1999,unclear,Abstract reports irreversible isolated-EGFR inhibition and Cys773 reactivity rationale; direct compound-level adduct evidence requires full-text review.,abstract_screening,2026-07-24,needs_fulltext,source_level; not mapped to every ChEMBL activity record
ERBB2,CHEMBL1134561,acrylamide,10,Confirm covalent mechanism in the primary source before using covalent-inhibitor wording.,6-Substituted-4-(3-bromophenylamino)quinazolines as putative irreversible inhibitors of the epidermal growth factor receptor (EGFR) and human epidermal growth factor receptor (HER-2) tyrosine kinases with enhanced antitumor activity.,10.1021/jm0005555,11495584,J Med Chem,2001,unclear,Title says putative irreversible inhibition; direct covalent evidence requires full-text review.,abstract_screening,2026-07-24,needs_fulltext,source_level; not mapped to every ChEMBL activity record
ERBB2,CHEMBL1134561,propiolamide,14,Confirm covalent mechanism in the primary source before using covalent-inhibitor wording.,6-Substituted-4-(3-bromophenylamino)quinazolines as putative irreversible inhibitors of the epidermal growth factor receptor (EGFR) and human epidermal growth factor receptor (HER-2) tyrosine kinases with enhanced antitumor activity.,10.1021/jm0005555,11495584,J Med Chem,2001,unclear,Title says putative irreversible inhibition; direct covalent evidence requires full-text review.,abstract_screening,2026-07-24,needs_fulltext,source_level; not mapped to every ChEMBL activity record
ERBB2,CHEMBL1136802,acrylamide,20,Confirm covalent mechanism in the primary source before using covalent-inhibitor wording.,Receptor-guided alignment-based comparative 3D-QSAR studies of benzylidene malonitrile tyrphostins as EGFR and HER-2 kinase inhibitors.,10.1021/jm030065n,14561085,J Med Chem,2003,unclear,QSAR study of tyrphostin inhibitors; no direct covalent-mechanism evidence in the reviewed source metadata.,abstract_screening,2026-07-24,needs_fulltext,source_level; not mapped to every ChEMBL activity record
ERBB2,CHEMBL1145020,acrylamide,7,Confirm covalent mechanism in the primary source before using covalent-inhibitor wording.,"Synthesis and structure-activity relationships of 6,7-disubstituted 4-anilinoquinoline-3-carbonitriles. The design of an orally active, irreversible inhibitor of the tyrosine kinase activity of the epidermal growth factor receptor (EGFR) and the human epidermal growth factor receptor-2 (HER-2).",10.1021/jm020241c,12502359,J Med Chem,2003,unclear,Abstract reports irreversible EGFR/HER2 inhibition and a proposed Michael-addition mechanism; direct adduct evidence requires full-text review.,abstract_screening,2026-07-24,needs_fulltext,source_level; not mapped to every ChEMBL activity record
ERBB2,CHEMBL1145020,propiolamide,7,Confirm covalent mechanism in the primary source before using covalent-inhibitor wording.,"Synthesis and structure-activity relationships of 6,7-disubstituted 4-anilinoquinoline-3-carbonitriles. The design of an orally active, irreversible inhibitor of the tyrosine kinase activity of the epidermal growth factor receptor (EGFR) and the human epidermal growth factor receptor-2 (HER-2).",10.1021/jm020241c,12502359,J Med Chem,2003,unclear,Abstract reports irreversible EGFR/HER2 inhibition and a proposed Michael-addition mechanism; direct adduct evidence requires full-text review.,abstract_screening,2026-07-24,needs_fulltext,source_level; not mapped to every ChEMBL activity record
